발생년,발생년월일시분,주야,요일,사망자수,사상자수,중상자수,경상자수,부상신고자수,발생지시도,발생지시군구,사고유형_대분류,사고유형_중분류,사고유형,법규위반_대분류,법규위반,도로형태_대분류,도로형태,가해자_당사자종별_대분류,가해자_당사자종별,피해자_당사자종별_대분류,피해자_당사자종별,발생위치X_UTMK,발생위치Y_UTMK,경도,위도
2015,2015-07-31 17:50,주,금,2,60,54,4,0,경남,거제시,차량단독,공작물충돌,공작물충돌,운전자법규위반,안전운전 의무 불이행,단일로,기타단일로,승합차,대형,없음,없음,1097971,1656401,128.5722799,34.89763704
2015,2015-09-23 18:41,야,수,2,51,21,17,11,서울,강서구,차대차,추돌,진행중 추돌,운전자법규위반,신호위반,교차로,교차로내,승합차,대형,승합차,대형,939638,1951489,126.8165451,37.5607807
2015,2015-02-11 9:39,주,수,1,37,18,18,0,인천,서구,차대차,추돌,진행중 추돌,운전자법규위반,안전운전 의무 불이행,단일로,기타단일로,승용차,중형,승용차,중형,919715,1950208,126.5911279,37.54771452
2015,2015-12-12 17:04,주,토,1,34,13,16,4,경기,성남시,차대차,추돌,주정차중 추돌,운전자법규위반,안전운전 의무 불이행,단일로,기타단일로,승합차,대형,승합차,경형,964414.2,1934238.8,127.0979017,37.40658724
2015,2015-02-19 15:10,주,목,1,31,7,21,2,서울,강북구,차대차,추돌,진행중 추돌,운전자법규위반,신호위반,교차로,교차로내,승용차,중형,승합차,대형,958343,1958135,127.0279481,37.6217186
2015,2015-04-28 12:55,주,화,1,31,8,22,0,서울,양천구,차대차,추돌,주정차중 추돌,운전자법규위반,안전운전 의무 불이행,단일로,기타단일로,승합차,대형,승합차,대형,944829,1950719,126.8753753,37.55416626
2015,2015-04-18 13:52,주,토,1,27,17,9,0,충남,당진시,차대차,측면충돌,측면충돌,운전자법규위반,과속,교차로,교차로내,승용차,중형,승합차,대형,921615,1886173,126.6193798,36.97073331
2015,2015-02-11 9:39,주,수,1,24,4,19,0,인천,서구,차대차,추돌,진행중 추돌,운전자법규위반,안전운전 의무 불이행,단일로,교량위,승용차,중형,승용차,대형,920028,1950327,126.5946579,37.54881422
2015,2015-10-09 12:45,주,금,4,23,3,13,3,경북,포항시,차대차,측면충돌,측면충돌,운전자법규위반,서행 및 일시정지위반,교차로,교차로내,승합차,경형,승합차,대형,1171844,1790580,129.4089058,36.09700779
2015,2015-10-26 12:08,주,월,1,21,3,15,2,경북,상주시,차대차,기타,기타,운전자법규위반,안전운전 의무 불이행,단일로,터널안,화물차,소형,화물차,대형,1064797.4,1812748.7,128.2217804,36.30990223
2015,2015-06-03 7:10,주,수,1,19,11,7,0,경남,합천군,차대차,측면충돌,측면충돌,운전자법규위반,신호위반,교차로,교차로내,승합차,소형,화물차,소형,1069575,1729292,128.2676847,35.55718818
2015,2015-11-22 21:30,야,일,1,18,6,10,1,경기,고양시,차대차,정면충돌,정면충돌,운전자법규위반,중앙선 침범,단일로,기타단일로,승합차,대형,승용차,경형,937957,1959875,126.7968021,37.63625063
2015,2015-03-20 17:10,주,금,1,16,7,8,0,충북,청주시,차대차,정면충돌,정면충돌,운전자법규위반,신호위반,교차로,교차로내,화물차,대형,승합차,대형,1001330,1849180,127.5148781,36.6405166
2015,2015-04-28 6:45,주,화,2,15,1,12,0,부산,북구,차대차,추돌,주정차중 추돌,운전자법규위반,안전운전 의무 불이행,단일로,기타단일로,승용차,중형,승합차,대형,1139246,1691663,129.0298259,35.2106704
2015,2015-06-24 12:25,주,수,1,15,3,11,0,강원,정선군,차대차,정면충돌,정면충돌,운전자법규위반,신호위반,기타/불명,기타/불명,승합차,대형,건설기계,건설기계,1118352,1913587,128.8338634,37.21360555
2015,2015-07-29 8:14,주,수,1,15,5,8,1,부산,서구,차대차,추돌,주정차중 추돌,운전자법규위반,안전운전 의무 불이행,단일로,기타단일로,건설기계,건설기계,승용차,소형,1138412,1677029,129.0182138,35.07887427
2015,2015-05-03 8:25,주,일,1,14,4,9,0,경남,김해시,차대차,기타,기타,운전자법규위반,안전운전 의무 불이행,단일로,기타단일로,화물차,중형,승합차,대형,1120166,1688850,128.8198466,35.18777901
2015,2015-05-31 13:07,주,일,1,14,7,6,0,경북,영덕군,차대차,정면충돌,정면충돌,운전자법규위반,중앙선 침범,단일로,기타단일로,승합차,중형,승용차,중형,1153662,1830834,129.2149386,36.46280335
2015,2015-11-16 19:50,야,월,1,14,6,7,0,경북,영주시,차대차,추돌,주정차중 추돌,운전자법규위반,안전운전 의무 불이행,교차로,교차로부근,화물차,소형,승합차,경형,1108677,1858634,128.7169367,36.71952326
2015,2015-02-17 17:30,주,화,2,13,4,7,0,제주,제주시,차대차,기타,기타,운전자법규위반,과속,교차로,교차로내,승합차,소형,승용차,소형,902111,1499353,126.4463783,33.48152987
2015,2015-09-07 3:50,야,월,1,13,3,9,0,경북,경주시,차대차,추돌,진행중 추돌,운전자법규위반,안전운전 의무 불이행,단일로,기타단일로,승합차,대형,화물차,대형,1152888,1755444,129.1916604,35.78352879
2015,2015-05-09 13:10,주,토,3,12,9,0,0,경남,창녕군,차량단독,공작물충돌,공작물충돌,운전자법규위반,안전운전 의무 불이행,단일로,기타단일로,승합차,소형,없음,없음,1102150,1715372,128.625311,35.42887599
2015,2015-08-01 17:10,주,토,1,12,2,9,0,인천,남동구,차대차,측면충돌,측면충돌,운전자법규위반,중앙선 침범,단일로,기타단일로,건설기계,건설기계,승용차,중형,929383,1939631,126.7015805,37.45317796
2015,2015-12-06 22:50,야,일,1,12,2,9,0,강원,양양군,차대차,추돌,진행중 추돌,운전자법규위반,안전운전 의무 불이행,단일로,기타단일로,승합차,대형,화물차,중형,1106906.1,2000247.2,128.7175566,37.99592505
2015,2015-11-30 12:15,주,월,3,11,6,2,0,경남,고성군,차대차,정면충돌,정면충돌,운전자법규위반,직진 및 우회전차의 통행방해,교차로,교차로내,화물차,소형,승합차,경형,1063377,1660836,128.1940209,34.94037741
2015,2015-12-19 8:35,주,토,2,11,4,5,0,전남,담양군,차대차,기타,기타,운전자법규위반,과속,단일로,기타단일로,승용차,중형,승용차,대형,950555,1692448,126.9566501,35.22619578
2015,2015-11-07 17:32,주,토,1,10,4,5,0,경북,영덕군,차대차,추돌,진행중 추돌,운전자법규위반,안전운전 의무 불이행,단일로,기타단일로,승합차,대형,승용차,중형,1170712,1836204,129.4063195,36.50830292
2015,2015-12-19 18:00,야,토,1,10,6,3,0,경기,용인시,차대차,기타,기타,운전자법규위반,안전운전 의무 불이행,단일로,기타단일로,승합차,소형,승용차,중형,964042,1903369,127.0951885,37.12831879
2015,2015-08-05 17:35,주,수,3,9,5,1,0,전북,고창군,차대차,정면충돌,정면충돌,운전자법규위반,중앙선 침범,단일로,기타단일로,승용차,중형,승합차,대형,909593,1717732,126.5037723,35.45128858
2015,2015-09-27 11:00,주,일,2,9,7,0,0,경북,고령군,차대차,추돌,주정차중 추돌,운전자법규위반,안전운전 의무 불이행,단일로,기타단일로,승용차,대형,승용차,소형,1076235.2,1750652.1,128.3431876,35.74926965
2015,2015-01-13 9:40,주,화,1,9,5,3,0,울산,남구,차대차,추돌,주정차중 추돌,운전자법규위반,안전운전 의무 불이행,교차로,교차로부근,화물차,대형,화물차,대형,1163261,1726216,129.3004628,35.51845722
2015,2015-04-13 16:25,주,월,1,9,1,7,0,경기,평택시,차대차,기타,기타,운전자법규위반,안전거리 미확보,교차로,교차로부근,화물차,대형,승용차,중형,947722,1883718,126.9128327,36.95041702
2015,2015-08-21 20:00,야,금,1,9,8,0,0,경기,안성시,차대차,정면충돌,정면충돌,운전자법규위반,안전운전 의무 불이행,교차로,교차로내,승용차,경형,화물차,소형,981526,1890331,127.2923405,37.01129955
2015,2015-10-26 18:55,야,월,1,9,2,6,0,경기,하남시,차대차,정면충돌,정면충돌,운전자법규위반,안전운전 의무 불이행,교차로,교차로부근,승용차,소형,승합차,대형,970563,1949494,127.1667684,37.54430664
2015,2015-09-01 7:50,주,화,8,8,0,0,0,충북,충주시,차대차,측면충돌,측면충돌,운전자법규위반,신호위반,교차로,교차로내,승합차,중형,건설기계,건설기계,1028807.9,1891148.9,127.823849,37.01841223
2015,2015-07-14 3:20,야,화,2,8,5,1,0,대구,수성구,차대차,측면충돌,측면충돌,운전자법규위반,신호위반,교차로,교차로부근,승용차,소형,승용차,중형,1100470,1761046,128.6124985,35.84078887
2015,2015-12-05 3:30,야,토,2,8,6,0,0,충남,논산시,차대차,정면충돌,정면충돌,운전자법규위반,과속,단일로,기타단일로,승용차,대형,화물차,소형,959963,1797462,127.0547989,36.173435
2015,2015-01-07 16:50,주,수,1,8,7,0,0,경기,고양시,차대차,측면충돌,측면충돌,운전자법규위반,교차로 통행방법 위반,교차로,교차로내,화물차,대형,승용차,중형,943330,1958735,126.8577847,37.62632316
2015,2015-02-04 18:00,야,수,1,8,3,4,0,충남,천안시,차대차,추돌,주정차중 추돌,운전자법규위반,안전운전 의무 불이행,교차로,교차로부근,승용차,대형,승용차,소형,969270,1872450,127.1553037,36.84979257
2015,2015-02-06 14:25,주,금,1,8,3,4,0,광주,북구,차대차,추돌,주정차중 추돌,운전자법규위반,안전운전 의무 불이행,단일로,기타단일로,승용차,대형,화물차,소형,946734,1687665,126.9149725,35.18287333
2015,2015-02-27 18:15,야,금,1,8,1,6,0,전북,남원시,차량단독,전도전복,전도전복,운전자법규위반,안전운전 의무 불이행,단일로,기타단일로,승용차,중형,없음,없음,991998.5,1712432,127.4118747,35.40757815
2015,2015-03-13 14:50,주,금,1,8,6,1,0,경남,진주시,차량단독,공작물충돌,공작물충돌,운전자법규위반,안전운전 의무 불이행,단일로,기타단일로,화물차,중형,없음,없음,1054216,1696028,128.096012,35.25822851
2015,2015-03-20 13:30,주,금,1,8,5,2,0,경북,구미시,차대차,추돌,진행중 추돌,운전자법규위반,안전거리 미확보,단일로,터널안,화물차,소형,승용차,대형,1064928,1812327,128.2232,36.30609191
2015,2015-05-07 0:57,야,목,1,8,0,7,0,충남,서산시,차량단독,공작물충돌,공작물충돌,정비불량,정비불량 제차의 운전금지위반,단일로,기타단일로,승합차,소형,없음,없음,915934,1855781,126.5589259,36.69630575
2015,2015-06-04 5:08,야,목,1,8,2,5,0,강원,원주시,차대차,측면충돌,측면충돌,운전자법규위반,신호위반,교차로,교차로내,승용차,중형,승합차,대형,1040577,1924371,127.9579535,37.3174377
2015,2015-06-06 6:40,주,토,1,8,7,0,0,경북,영천시,차대차,추돌,주정차중 추돌,운전자법규위반,안전운전 의무 불이행,단일로,기타단일로,화물차,소형,화물차,소형,1141443,1779664,129.0693723,36.00353153
2015,2015-07-10 4:05,야,금,1,8,6,1,0,전북,전주시,차대차,측면충돌,측면충돌,운전자법규위반,신호위반,교차로,교차로내,승합차,중형,승용차,중형,964835,1761670,127.1105636,35.85093369
2015,2015-08-02 19:00,야,일,1,8,6,1,0,충남,서천군,차대차,기타,기타,운전자법규위반,중앙선 침범,단일로,기타단일로,승용차,중형,승합차,소형,922650,1790534,126.6406013,36.10871947
2015,2015-12-01 18:25,야,화,1,8,0,5,2,경기,평택시,차대차,추돌,주정차중 추돌,운전자법규위반,안전운전 의무 불이행,단일로,기타단일로,화물차,소형,승합차,경형,961504,1884939,127.0675601,36.96208786
2015,2015-12-29 17:40,주,화,1,8,3,4,0,경남,사천시,차대차,정면충돌,정면충돌,운전자법규위반,신호위반,교차로,교차로내,승합차,경형,승용차,경형,1059937,1671410,128.1571144,35.0359311
2015,2015-12-30 2:53,야,수,1,8,3,4,0,대전,유성구,차대차,측면충돌,측면충돌,운전자법규위반,신호위반,교차로,교차로내,승용차,중형,승용차,중형,983884,1811917,127.3204945,36.30444824
2015,2015-12-12 0:27,야,토,4,7,3,0,0,경기,고양시,차대차,정면충돌,정면충돌,운전자법규위반,중앙선 침범,단일로,기타단일로,승용차,중형,승용차,중형,941886,1956652,126.841587,37.60745911
2015,2015-05-27 18:57,야,수,2,7,5,0,0,충남,금산군,차대차,정면충돌,정면충돌,운전자법규위반,중앙선 침범,단일로,기타단일로,승합차,소형,화물차,소형,997627,1791732,127.4736298,36.12259976
2015,2015-01-02 17:40,주,금,1,7,0,6,0,경기,평택시,차대차,추돌,주정차중 추돌,운전자법규위반,안전운전 의무 불이행,단일로,기타단일로,화물차,대형,화물차,소형,948003,1882268,126.9160884,36.93736221
2015,2015-02-21 15:20,주,토,1,7,5,0,1,제주,서귀포시,차대차,정면충돌,정면충돌,운전자법규위반,중앙선 침범,단일로,기타단일로,승용차,중형,승용차,중형,894936,1476925,126.3717785,33.27859208
2015,2015-03-26 10:42,주,목,1,7,6,0,0,경기,화성시,차대차,추돌,주정차중 추돌,운전자법규위반,안전운전 의무 불이행,단일로,기타단일로,특수차,중형,승용차,중형,945743,1916043,126.8882684,37.24167517
2015,2015-03-29 19:30,야,일,1,7,0,1,5,인천,남구,차대차,추돌,진행중 추돌,운전자법규위반,안전운전 의무 불이행,단일로,기타단일로,승용차,중형,승용차,대형,926976,1941648,126.6741688,37.47116977
2015,2015-04-12 12:40,주,일,1,7,3,3,0,전북,익산시,차대차,측면충돌,측면충돌,운전자법규위반,직진 및 우회전차의 통행방해,교차로,교차로내,승용차,대형,화물차,경형,953752,1780808,126.9867139,36.02301526
2015,2015-05-01 15:00,주,금,1,7,4,2,0,강원,횡성군,차대차,추돌,진행중 추돌,운전자법규위반,안전운전 의무 불이행,단일로,터널안,승용차,대형,승용차,경형,1069895.3,1948377.3,128.2910914,37.53206161
2015,2015-05-14 20:50,야,목,1,7,1,4,1,경북,칠곡군,차대차,측면충돌,측면충돌,운전자법규위반,안전운전 의무 불이행,교차로,교차로내,승용차,소형,승용차,중형,1081982,1787756,128.4105679,36.08329657
2015,2015-05-31 15:17,주,일,1,7,3,3,0,대전,대덕구,차대차,추돌,진행중 추돌,운전자법규위반,안전운전 의무 불이행,단일로,기타단일로,승합차,대형,승용차,대형,992563,1825414,127.4170349,36.42623492
2015,2015-06-08 14:00,주,월,1,7,3,3,0,전남,구례군,차대차,정면충돌,정면충돌,운전자법규위반,중앙선 침범,단일로,기타단일로,승합차,대형,승용차,소형,996117,1686840,127.4573554,35.17683957
2015,2015-06-30 20:24,야,화,1,7,5,1,0,경남,함안군,차량단독,도로이탈,도로이탈 추락,운전자법규위반,안전운전 의무 불이행,단일로,기타단일로,승합차,대형,없음,없음,1076154,1699877,128.3375203,35.29150324
2015,2015-08-01 19:13,야,토,1,7,5,0,1,경기,포천시,차대차,정면충돌,정면충돌,운전자법규위반,중앙선 침범,단일로,기타단일로,승용차,중형,승용차,중형,974058,2007246,127.2042634,38.06493507
2015,2015-08-15 15:20,주,토,1,7,3,3,0,충남,천안시,차대차,추돌,진행중 추돌,운전자법규위반,안전운전 의무 불이행,기타/불명,기타/불명,화물차,소형,승합차,대형,965579,1852657,127.1147961,36.67123955
2015,2015-08-19 16:50,주,수,1,7,3,3,0,경기,안성시,차대차,추돌,주정차중 추돌,운전자법규위반,안전운전 의무 불이행,단일로,기타단일로,화물차,소형,화물차,소형,972956,1895550,127.1958217,37.05813727
2015,2015-08-29 12:45,주,토,1,7,4,2,0,전북,익산시,차대차,추돌,진행중 추돌,운전자법규위반,안전운전 의무 불이행,단일로,기타단일로,화물차,대형,화물차,소형,961792,1777046,127.0761255,35.98944696
2015,2015-09-15 1:28,야,화,1,7,1,5,0,충남,공주시,차대차,추돌,진행중 추돌,운전자법규위반,안전운전 의무 불이행,단일로,기타단일로,승용차,중형,화물차,중형,962376,1825657,127.0802704,36.42771671
2015,2015-09-17 11:05,주,목,1,7,2,4,0,전남,영광군,차대차,측면충돌,측면충돌,운전자법규위반,직진 및 우회전차의 통행방해,교차로,교차로내,화물차,소형,승용차,중형,912054,1690170,126.5338488,35.20301958
2015,2015-11-07 14:55,주,토,1,7,6,0,0,전남,고흥군,차대차,측면충돌,측면충돌,운전자법규위반,안전운전 의무 불이행,단일로,기타단일로,승용차,소형,승용차,중형,965199,1610446,127.1209757,34.48736185
2015,2015-11-18 2:25,야,수,1,7,4,2,0,전남,장성군,차대차,추돌,주정차중 추돌,운전자법규위반,안전운전 의무 불이행,단일로,기타단일로,승합차,소형,화물차,중형,937081,1703742,126.8077272,35.32727156
2015,2015-12-31 0:20,야,목,1,7,4,2,0,전남,무안군,차량단독,공작물충돌,공작물충돌,운전자법규위반,안전운전 의무 불이행,단일로,기타단일로,승용차,경형,없음,없음,907622,1667640,126.4876811,34.99949365
2015,2015-07-18 22:05,야,토,5,6,1,0,0,전북,남원시,차대차,정면충돌,정면충돌,운전자법규위반,중앙선 침범,단일로,기타단일로,화물차,소형,화물차,대형,1006099,1720705,127.5672339,35.48218737
2015,2015-01-19 19:25,야,월,4,6,1,1,0,강원,인제군,차량단독,공작물충돌,공작물충돌,운전자법규위반,안전운전 의무 불이행,단일로,기타단일로,승용차,대형,없음,없음,1049711,1994123,128.0657823,37.94567063
2015,2015-04-19 12:15,주,일,3,6,1,2,0,전남,여수시,차량단독,공작물충돌,공작물충돌,운전자법규위반,안전운전 의무 불이행,단일로,기타단일로,승용차,중형,없음,없음,1019646,1642694,127.7147177,34.77857229
2015,2015-10-14 9:00,주,수,3,6,0,3,0,충남,서산시,차대차,정면충돌,정면충돌,운전자법규위반,신호위반,교차로,교차로부근,건설기계,건설기계,승용차,소형,905541,1864397,126.4415331,36.77298791
2015,2015-02-20 0:35,야,금,2,6,3,1,0,경북,고령군,차대차,기타,기타,운전자법규위반,중앙선 침범,단일로,기타단일로,승용차,소형,승용차,대형,1077193,1750817,128.353796,35.75068157
2015,2015-04-25 11:30,주,토,2,6,3,1,0,강원,횡성군,차대차,측면충돌,측면충돌,운전자법규위반,직진 및 우회전차의 통행방해,교차로,교차로내,승용차,중형,승용차,대형,1050695,1939260,128.0731615,37.45114109
2015,2015-08-06 18:40,야,목,2,6,1,3,0,전북,완주군,차대차,추돌,진행중 추돌,운전자법규위반,과속,단일로,기타단일로,승용차,소형,승합차,중형,962665.8,1771624.4,127.0860743,35.94060096
2015,2015-08-07 13:20,주,금,2,6,4,0,0,경기,남양주시,차대차,측면충돌,측면충돌,운전자법규위반,안전운전 의무 불이행,단일로,기타단일로,승용차,중형,승용차,중형,979917,1956985,127.2724508,37.61207792
2015,2015-12-02 1:20,야,수,2,6,4,0,0,전북,김제시,차대차,측면충돌,측면충돌,운전자법규위반,신호위반,교차로,교차로내,화물차,중형,승용차,중형,946285,1756704,126.905473,35.80532027
2015,2015-01-05 21:38,야,월,1,6,1,4,0,인천,계양구,차대차,측면충돌,측면충돌,운전자법규위반,교차로 통행방법 위반,교차로,교차로내,승용차,중형,승합차,대형,933109,1951904,126.7425876,37.56406994
2015,2015-01-25 17:20,주,일,1,6,4,1,0,충북,청주시,차대차,측면충돌,측면충돌,운전자법규위반,안전운전 의무 불이행,단일로,기타단일로,승용차,중형,승용차,중형,1004893,1841077,127.5546841,36.56745619
2015,2015-01-31 21:12,야,토,1,6,4,1,0,전남,목포시,차대차,측면충돌,측면충돌,운전자법규위반,신호위반,교차로,교차로내,승용차,중형,승용차,대형,900745,1645732,126.4149327,34.80132012
2015,2015-03-15 8:05,주,일,1,6,1,4,0,경기,김포시,차대차,추돌,주정차중 추돌,운전자법규위반,안전운전 의무 불이행,단일로,기타단일로,승용차,중형,승합차,대형,930461,1958722,126.7119588,37.62532215
2015,2015-03-19 10:00,주,목,1,6,5,0,0,경기,양평군,차대차,정면충돌,정면충돌,운전자법규위반,중앙선 침범,단일로,기타단일로,승용차,대형,승용차,대형,987451,1950793,127.3579201,37.55639999
2015,2015-03-28 11:31,주,토,1,6,1,4,0,충북,괴산군,차대차,정면충돌,정면충돌,운전자법규위반,직진 및 우회전차의 통행방해,교차로,교차로내,승용차,중형,승합차,소형,1023564,1870673,127.7642616,36.83397957
2015,2015-04-19 6:05,주,일,1,6,5,0,0,경기,고양시,차대차,정면충돌,정면충돌,운전자법규위반,중앙선 침범,단일로,기타단일로,승용차,중형,승용차,중형,939083,1959346,126.8096075,37.63155823
2015,2015-04-20 1:28,야,월,1,6,2,3,0,대전,대덕구,차대차,기타,기타,운전자법규위반,과속,단일로,기타단일로,승용차,중형,승용차,중형,992589.5,1828385.1,127.4173022,36.4530204
2015,2015-05-24 14:45,주,일,1,6,5,0,0,강원,양양군,차대차,추돌,진행중 추돌,운전자법규위반,직진 및 우회전차의 통행방해,교차로,교차로내,승용차,중형,승용차,중형,1083692,2009014,128.4542336,38.07736773
2015,2015-06-18 11:25,주,목,1,6,0,4,1,경기,김포시,차대차,기타,기타,운전자법규위반,중앙선 침범,교차로,교차로부근,화물차,소형,승합차,대형,922274,1961554,126.6188889,37.65018917
2015,2015-06-23 20:40,야,화,1,6,3,1,1,충남,금산군,차대차,기타,기타,운전자법규위반,안전운전 의무 불이행,단일로,기타단일로,화물차,중형,승합차,중형,1006103,1782356,127.5677476,36.03805117
2015,2015-07-05 15:35,주,일,1,6,0,5,0,충북,청주시,차대차,측면충돌,측면충돌,운전자법규위반,신호위반,교차로,교차로내,승용차,경형,이륜차,소형,997969,1845808,127.4772891,36.61011679
2015,2015-07-17 11:20,주,금,1,6,5,0,0,경남,통영시,차대차,측면충돌,측면충돌,운전자법규위반,안전운전 의무 불이행,교차로,교차로내,화물차,소형,승용차,대형,1082685,1656149,128.4049719,34.8967256
2015,2015-07-17 17:02,주,금,1,6,0,5,0,충북,음성군,차대차,추돌,주정차중 추돌,운전자법규위반,안전운전 의무 불이행,교차로,교차로부근,승용차,경형,승용차,소형,1010361,1870863,127.6161978,36.83592925
2015,2015-08-13 13:37,주,목,1,6,4,1,0,경기,평택시,차대차,정면충돌,정면충돌,운전자법규위반,안전운전 의무 불이행,교차로,교차로내,승합차,소형,승용차,대형,961817,1888694,127.070886,36.99594897
2015,2015-08-17 11:50,주,월,1,6,3,2,0,경기,하남시,차대차,기타,기타,운전자법규위반,안전운전 의무 불이행,교차로,교차로부근,화물차,중형,승용차,중형,975151,1949940,127.2186895,37.54846179
2015,2015-08-19 19:20,야,수,1,6,1,4,0,경기,안양시,차대차,기타,기타,운전자법규위반,안전거리 미확보,단일로,기타단일로,승합차,대형,승합차,대형,948638,1933690,126.9196853,37.40090011
2015,2015-08-30 17:50,주,일,1,6,2,3,0,충남,논산시,차대차,정면충돌,정면충돌,운전자법규위반,중앙선 침범,단일로,기타단일로,승용차,중형,승용차,중형,968468,1796836,127.1493956,36.1681056
2015,2015-09-12 3:20,야,토,1,6,2,3,0,서울,강북구,차대차,측면충돌,측면충돌,운전자법규위반,신호위반,교차로,교차로내,승용차,중형,승용차,소형,958514,1957619,127.0299151,37.61707553
2015,2015-09-27 1:25,야,일,1,6,5,0,0,경남,양산시,차대차,추돌,주정차중 추돌,운전자법규위반,과속,교차로,교차로부근,승용차,중형,승용차,중형,1138022,1705832,129.0187654,35.33855693
2015,2015-10-15 7:03,주,목,1,6,3,2,0,인천,부평구,차대차,측면충돌,측면충돌,운전자법규위반,중앙선 침범,단일로,기타단일로,승용차,경형,승합차,대형,931887,1943604,126.7295217,37.48917406
2015,2015-10-28 17:30,주,수,1,6,0,5,0,경기,포천시,차대차,정면충돌,정면충돌,운전자법규위반,중앙선 침범,단일로,기타단일로,화물차,중형,화물차,중형,984342,2006158,127.3215232,38.05536569
2015,2015-10-29 12:10,주,목,1,6,2,3,0,서울,서초구,차대차,측면충돌,측면충돌,운전자법규위반,안전운전 의무 불이행,단일로,기타단일로,승합차,중형,승합차,대형,961643.4,1937261.3,127.0664371,37.43372001
2015,2015-11-01 17:30,주,일,1,6,3,2,0,경기,양평군,차대차,정면충돌,정면충돌,운전자법규위반,중앙선 침범,기타/불명,기타/불명,승용차,대형,승용차,소형,987718,1955921,127.3608571,37.60262491
2015,2015-11-21 21:15,야,토,1,6,0,5,0,경남,밀양시,차대차,정면충돌,정면충돌,운전자법규위반,안전운전 의무 불이행,단일로,기타단일로,화물차,대형,화물차,소형,1125893,1734149,128.8897221,35.59541198
2015,2015-12-13 20:20,야,일,1,6,0,4,1,강원,평창군,차대차,추돌,주정차중 추돌,운전자법규위반,안전운전 의무 불이행,단일로,기타단일로,승용차,중형,승용차,중형,1092545.8,1961396.8,128.5490664,37.6473982
2015,2015-12-26 6:22,주,토,1,6,4,0,1,경기,안성시,차대차,추돌,진행중 추돌,운전자법규위반,안전운전 의무 불이행,단일로,기타단일로,승합차,대형,승용차,경형,979614,1885674,127.2709745,36.96928006
2015,2015-12-31 11:05,주,목,1,6,3,2,0,경북,영천시,차대차,정면충돌,정면충돌,운전자법규위반,안전운전 의무 불이행,단일로,교량위,승용차,소형,화물차,소형,1130415,1776245,128.9464856,35.97425419
2015,2015-02-03 3:24,야,화,4,5,0,1,0,경북,구미시,차대차,기타,기타,운전자법규위반,안전운전 의무 불이행,단일로,기타단일로,승용차,대형,승용차,소형,1076262,1794498,128.3476958,36.14454009
2015,2015-03-24 5:49,야,화,4,5,0,1,0,경기,화성시,차대사람,길가장자리구역통행중,길가장자리구역통행중,운전자법규위반,안전운전 의무 불이행,단일로,기타단일로,승용차,중형,보행자,보행자,956302,1911293,127.0075919,37.19941495
2015,2015-03-30 14:00,주,월,4,5,1,0,0,충남,홍성군,차량단독,공작물충돌,공작물충돌,운전자법규위반,안전운전 의무 불이행,단일로,기타단일로,승용차,중형,없음,없음,914746,1845362,126.5467867,36.60228605
2015,2015-01-11 9:00,주,일,2,5,0,3,0,충남,당진시,차대차,정면충돌,정면충돌,운전자법규위반,중앙선 침범,단일로,기타단일로,승합차,소형,승용차,경형,929472,1867438,126.7093849,36.80248276
2015,2015-01-11 22:12,야,일,2,5,1,2,0,강원,태백시,차대차,정면충돌,정면충돌,운전자법규위반,중앙선 침범,단일로,기타단일로,승용차,중형,승용차,대형,1136587,1900793,129.0369785,37.09582738
2015,2015-01-13 19:45,야,화,2,5,3,0,0,전북,순창군,차대차,측면충돌,측면충돌,운전자법규위반,신호위반,교차로,교차로내,승용차,경형,화물차,소형,968136,1708500,127.1492191,35.37164687
2015,2015-02-08 1:15,야,일,2,5,3,0,0,전남,광양시,차량단독,공작물충돌,공작물충돌,운전자법규위반,안전운전 의무 불이행,단일로,기타단일로,승용차,중형,없음,없음,1009001,1664469,127.5986094,34.97508039
2015,2015-04-03 12:57,주,금,2,5,3,0,0,부산,해운대구,차대사람,기타,기타,운전자법규위반,안전운전 의무 불이행,단일로,기타단일로,승용차,중형,보행자,보행자,1148030,1688850,129.1257923,35.18405774
2015,2015-04-10 9:00,주,금,2,5,0,3,0,경기,군포시,차대차,추돌,진행중 추돌,운전자법규위반,안전운전 의무 불이행,교차로,교차로부근,승합차,소형,승합차,대형,950605,1927701,126.9423084,37.34702566
2015,2015-05-18 11:00,주,월,2,5,2,1,0,전남,영암군,차대차,측면충돌,측면충돌,운전자법규위반,중앙선 침범,교차로,교차로부근,승용차,대형,승용차,대형,906367,1639628,126.4770636,34.74681683
2015,2015-05-27 14:15,주,수,2,5,3,0,0,충남,태안군,차대차,정면충돌,정면충돌,운전자법규위반,중앙선 침범,교차로,교차로부근,승용차,중형,건설기계,건설기계,891681,1855749,126.2874799,36.6935621
2015,2015-07-10 11:45,주,금,2,5,1,1,1,경북,칠곡군,차대차,추돌,진행중 추돌,운전자법규위반,안전운전 의무 불이행,단일로,기타단일로,화물차,대형,화물차,중형,1084249,1775847,128.4344755,35.97574662
2015,2015-08-08 11:00,주,토,2,5,2,1,0,전남,고흥군,차대차,정면충돌,정면충돌,운전자법규위반,중앙선 침범,단일로,기타단일로,화물차,소형,승용차,소형,992862,1615132,127.4222187,34.53018401