발생년,발생년월일시분,주야,요일,사망자수,사상자수,중상자수,경상자수,부상신고자수,발생지시도,발생지시군구,사고유형_대분류,사고유형_중분류,사고유형,법규위반_대분류,법규위반,도로형태_대분류,도로형태,가해자_당사자종별_대분류,가해자_당사자종별,피해자_당사자종별_대분류,피해자_당사자종별,발생위치X_UTMK,발생위치Y_UTMK,경도,위도
2015,2015-10-12 13:20,주,월,2,5,3,0,0,경북,군위군,차대차,정면충돌,정면충돌,운전자법규위반,중앙선 침범,단일로,기타단일로,승용차,대형,화물차,경형,1098263,1794867,128.5922601,36.14588583
2015,2015-11-29 6:40,주,일,2,5,0,3,0,충북,청주시,차대차,추돌,진행중 추돌,운전자법규위반,안전운전 의무 불이행,기타/불명,기타/불명,승용차,중형,승용차,중형,993746.3,1836935.7,127.4301423,36.53011397
2015,2015-12-08 21:40,야,화,2,5,2,1,0,충남,보령시,차대차,정면충돌,정면충돌,운전자법규위반,과속,교차로,교차로내,승용차,대형,특수차,대형,919719,1818046,126.6052184,36.35648824
2015,2015-12-18 6:32,주,금,2,5,2,1,0,부산,강서구,차대차,측면충돌,측면충돌,운전자법규위반,중앙선 침범,단일로,기타단일로,화물차,소형,건설기계,건설기계,1129205,1681627,128.9179702,35.12154519
2015,2015-01-03 4:50,야,토,1,5,3,1,0,강원,강릉시,차대차,측면충돌,측면충돌,운전자법규위반,신호위반,교차로,교차로내,승용차,중형,화물차,대형,1122912,1973644,128.8952722,37.75419123
2015,2015-01-06 12:32,주,화,1,5,3,1,0,서울,성북구,차대차,추돌,진행중 추돌,운전자법규위반,안전운전 의무 불이행,단일로,터널안,승합차,대형,화물차,소형,955425,1956850,126.9949612,37.60999981
2015,2015-01-07 23:50,야,수,1,5,1,3,0,경기,양주시,차대차,추돌,진행중 추돌,운전자법규위반,안전운전 의무 불이행,교차로,교차로내,승합차,대형,승합차,소형,954897,1976871,126.9877389,37.79042332
2015,2015-01-11 3:25,야,일,1,5,1,3,0,경기,성남시,차대차,추돌,주정차중 추돌,운전자법규위반,안전운전 의무 불이행,단일로,기타단일로,승용차,중형,특수차,소형,962023,1936802,127.0707514,37.42959576
2015,2015-01-11 17:10,주,일,1,5,3,1,0,강원,영월군,차대차,측면충돌,측면충돌,운전자법규위반,안전운전 의무 불이행,단일로,기타단일로,승용차,중형,승용차,중형,1085256,1910943,128.4606164,37.19338869
2015,2015-01-12 6:10,주,월,1,5,0,3,1,인천,남동구,차대사람,횡단중,횡단중,운전자법규위반,신호위반,교차로,교차로부근,승용차,대형,보행자,보행자,929907,1939252,126.7075406,37.44980196
2015,2015-01-31 3:00,야,토,1,5,4,0,0,대전,중구,차대차,정면충돌,정면충돌,운전자법규위반,신호위반,교차로,교차로내,승용차,중형,승용차,중형,992549,1813970,127.4169885,36.32306293
2015,2015-02-26 2:25,야,목,1,5,2,2,0,충북,음성군,차대차,기타,기타,운전자법규위반,안전운전 의무 불이행,단일로,기타단일로,화물차,중형,화물차,소형,1013370,1905005,127.6505488,37.14366161
2015,2015-03-11 0:25,야,수,1,5,3,1,0,전북,전주시,차대차,측면충돌,측면충돌,운전자법규위반,안전운전 의무 불이행,교차로,교차로내,승용차,중형,승용차,중형,965214,1757465,127.114944,35.81303497
2015,2015-03-26 19:44,야,목,1,5,3,1,0,강원,양구군,차대차,측면충돌,측면충돌,운전자법규위반,직진 및 우회전차의 통행방해,교차로,교차로내,승합차,소형,승용차,소형,1042894,2010810,127.9891967,38.09641036
2015,2015-04-05 7:45,주,일,1,5,3,1,0,충남,논산시,차대차,정면충돌,정면충돌,운전자법규위반,앞지르기 금지위반,교차로,교차로내,승용차,소형,승용차,소형,962368,1800196,127.0814101,36.19817963
2015,2015-04-08 17:35,주,수,1,5,3,1,0,경기,포천시,차대차,기타,기타,운전자법규위반,중앙선 침범,단일로,기타단일로,승용차,경형,승용차,중형,984664,1997943,127.3253693,37.9813308
2015,2015-04-14 9:10,주,화,1,5,4,0,0,충북,음성군,차대차,측면충돌,측면충돌,운전자법규위반,신호위반,교차로,교차로내,화물차,대형,승합차,대형,1004280,1878608,127.5480436,36.9057946
2015,2015-04-16 8:30,주,목,1,5,1,3,0,경북,경주시,차대차,기타,기타,운전자법규위반,중앙선 침범,단일로,기타단일로,이륜차,중형,승용차,중형,1160548,1763491,129.2779971,35.8548253
2015,2015-04-29 17:40,주,수,1,5,0,4,0,전북,전주시,차대차,측면충돌,측면충돌,운전자법규위반,안전운전 의무 불이행,교차로,교차로부근,승용차,중형,승합차,대형,963761,1758812,127.0987995,35.82512692
2015,2015-04-30 11:00,주,목,1,5,1,3,0,경기,여주시,차대차,추돌,진행중 추돌,운전자법규위반,안전거리 미확보,단일로,기타단일로,화물차,소형,화물차,대형,1009881,1911985,127.6113544,37.20662374
2015,2015-04-30 21:02,야,목,1,5,0,4,0,강원,춘천시,차대차,측면충돌,측면충돌,운전자법규위반,신호위반,교차로,교차로내,승용차,중형,승합차,대형,1017814,1979622,127.7023948,37.81615837
2015,2015-05-03 18:25,야,일,1,5,2,2,0,대구,수성구,차대차,추돌,주정차중 추돌,운전자법규위반,안전운전 의무 불이행,단일로,기타단일로,승용차,대형,승용차,중형,1101598,1761716,128.625072,35.84671227
2015,2015-05-07 15:15,주,목,1,5,0,4,0,전남,해남군,차대차,기타,기타,운전자법규위반,안전운전 의무 불이행,단일로,기타단일로,화물차,소형,승용차,대형,919569,1627203,126.6224619,34.63590865
2015,2015-05-12 8:58,주,화,1,5,1,3,0,광주,북구,차대차,정면충돌,정면충돌,운전자법규위반,중앙선 침범,단일로,기타단일로,승용차,중형,승용차,중형,943773,1686741,126.8825161,35.1743805
2015,2015-05-24 16:15,주,일,1,5,1,3,0,광주,북구,차대차,측면충돌,측면충돌,운전자법규위반,신호위반,교차로,교차로내,승용차,소형,승용차,중형,942772,1690948,126.8712315,35.21225684
2015,2015-06-07 2:00,야,일,1,5,0,4,0,울산,남구,차대차,정면충돌,정면충돌,운전자법규위반,중앙선 침범,단일로,터널안,승용차,중형,승합차,대형,1160193,1728253,129.2670456,35.53731559
2015,2015-06-16 8:10,주,화,1,5,3,1,0,충남,서산시,차대차,정면충돌,정면충돌,운전자법규위반,중앙선 침범,단일로,기타단일로,승용차,중형,승합차,대형,902628,1858987,126.4095868,36.72393177
2015,2015-07-05 17:30,주,일,1,5,4,0,0,강원,강릉시,차량단독,공작물충돌,공작물충돌,운전자법규위반,안전운전 의무 불이행,단일로,기타단일로,승용차,소형,없음,없음,1133659.4,1955875.6,129.0139798,37.59258639
2015,2015-07-25 7:35,주,토,1,5,3,1,0,전남,구례군,차대차,추돌,진행중 추돌,운전자법규위반,안전운전 의무 불이행,단일로,터널안,승합차,중형,화물차,중형,992949,1694550,127.4224972,35.24634431
2015,2015-08-04 3:40,야,화,1,5,3,1,0,충남,태안군,차대차,정면충돌,정면충돌,운전자법규위반,중앙선 침범,교차로,교차로부근,승용차,소형,화물차,중형,892907,1861258,126.3004291,36.74335301
2015,2015-08-14 13:22,주,금,1,5,1,3,0,충북,청주시,차대차,추돌,진행중 추돌,운전자법규위반,안전거리 미확보,단일로,기타단일로,승합차,대형,화물차,대형,989315.5,1848498.8,127.3804871,36.63431658
2015,2015-08-21 18:30,야,금,1,5,1,3,0,전남,여수시,차대차,정면충돌,정면충돌,운전자법규위반,중앙선 침범,단일로,기타단일로,화물차,소형,화물차,대형,1021742,1650885,127.7378376,34.85239321
2015,2015-08-22 18:50,야,토,1,5,4,0,0,경남,함양군,차대차,정면충돌,정면충돌,운전자법규위반,중앙선 침범,단일로,기타단일로,승용차,중형,승용차,중형,1012797,1726031,127.641155,35.53014637
2015,2015-08-27 11:25,주,목,1,5,1,1,2,경기,김포시,차대차,추돌,진행중 추돌,운전자법규위반,안전거리 미확보,단일로,기타단일로,승용차,중형,승용차,소형,930954,1959995,126.7174249,37.6368324
2015,2015-08-27 14:37,주,목,1,5,4,0,0,제주,제주시,차대차,기타,기타,운전자법규위반,과속,교차로,교차로내,승용차,중형,승용차,중형,929311.2,1507195.4,126.7384995,33.5544022
2015,2015-08-30 8:30,주,일,1,5,1,3,0,경기,남양주시,차대차,추돌,진행중 추돌,운전자법규위반,중앙선 침범,단일로,기타단일로,승용차,중형,승합차,중형,968939,1962532,127.1478312,37.66176924
2015,2015-08-30 19:34,야,일,1,5,2,2,0,제주,제주시,차대차,추돌,진행중 추돌,운전자법규위반,안전운전 의무 불이행,단일로,기타단일로,승합차,소형,농기계,농기계,878866,1486582,126.1979538,33.3639891
2015,2015-09-02 8:55,주,수,1,5,4,0,0,강원,홍천군,차대차,측면충돌,측면충돌,운전자법규위반,신호위반,교차로,교차로내,건설기계,건설기계,승용차,중형,1040075,1973818,127.9549883,37.76314121
2015,2015-09-06 0:15,야,일,1,5,3,1,0,부산,부산진구,차대차,기타,기타,운전자법규위반,신호위반,교차로,교차로내,승용차,중형,승용차,중형,1139544,1685361,129.0320322,35.15382317
2015,2015-10-03 17:45,주,토,1,5,0,4,0,경기,이천시,차대차,측면충돌,측면충돌,운전자법규위반,안전운전 의무 불이행,단일로,기타단일로,승용차,중형,승용차,소형,990812,1924004,127.396307,37.3149703
2015,2015-10-10 15:05,주,토,1,5,2,2,0,경남,남해군,차대차,정면충돌,정면충돌,운전자법규위반,중앙선 침범,단일로,기타단일로,승용차,중형,승용차,중형,1041109,1645833,127.9494429,34.80623842
2015,2015-10-16 18:25,야,금,1,5,4,0,0,경기,가평군,차대차,정면충돌,정면충돌,운전자법규위반,중앙선 침범,단일로,고가도로위,승용차,중형,승용차,중형,999626,1958223,127.4957618,37.62345592
2015,2015-10-19 2:57,야,월,1,5,3,1,0,경기,평택시,차대차,기타,기타,운전자법규위반,신호위반,교차로,교차로내,승용차,중형,승합차,소형,963356,1889525,127.088141,37.00350103
2015,2015-10-21 7:50,주,수,1,5,2,2,0,경남,사천시,차대사람,기타,기타,운전자법규위반,중앙선 침범,단일로,기타단일로,승용차,소형,보행자,보행자,1056120,1661328,128.1145893,34.94524176
2015,2015-10-21 13:20,주,수,1,5,2,2,0,충북,보은군,차대차,측면충돌,측면충돌,운전자법규위반,신호위반,교차로,교차로내,승용차,소형,승합차,중형,1018492,1831387,127.7064336,36.47993334
2015,2015-10-26 10:45,주,월,1,5,4,0,0,충북,충주시,차대차,추돌,진행중 추돌,운전자법규위반,안전운전 의무 불이행,단일로,기타단일로,화물차,대형,화물차,대형,1032319,1881518,127.8629065,36.93148227
2015,2015-11-04 7:40,주,수,1,5,2,2,0,경기,화성시,차대차,측면충돌,측면충돌,운전자법규위반,안전운전 의무 불이행,단일로,기타단일로,승용차,중형,승합차,대형,944231,1906111,126.871964,37.15206294
2015,2015-11-07 14:40,주,토,1,5,2,2,0,전남,나주시,차량단독,공작물충돌,공작물충돌,운전자법규위반,안전운전 의무 불이행,단일로,기타단일로,화물차,소형,없음,없음,932884.8,1676103.9,126.7638137,35.07780248
2015,2015-12-08 15:15,주,화,1,5,3,1,0,부산,강서구,차대차,기타,기타,운전자법규위반,안전거리 미확보,단일로,기타단일로,화물차,대형,승용차,소형,1131912,1680144.8,128.9474337,35.10783293
2015,2015-12-13 1:00,야,일,1,5,1,3,0,경기,동두천시,차대차,측면충돌,측면충돌,운전자법규위반,과속,교차로,교차로내,승용차,중형,승용차,중형,960714,1989274,127.0531299,37.90247856
2015,2015-12-18 1:03,야,금,1,5,2,2,0,서울,관악구,차대사람,횡단중,횡단중,운전자법규위반,보행자 보호의무 위반,교차로,교차로내,승용차,중형,보행자,보행자,949573,1942904,126.9296189,37.4840001
2015,2015-12-26 19:15,야,토,1,5,1,2,1,서울,성동구,차대차,기타,기타,운전자법규위반,안전거리 미확보,단일로,기타단일로,승용차,중형,승합차,대형,961153,1949490,127.0602484,37.54392194
2015,2015-12-30 6:15,주,수,1,5,3,0,1,광주,북구,차대차,기타,기타,운전자법규위반,안전운전 의무 불이행,단일로,기타단일로,승용차,중형,승용차,중형,943702.6,1686827.3,126.8817371,35.17515469
2015,2015-12-30 13:24,주,수,1,5,2,2,0,전남,담양군,차대차,기타,기타,운전자법규위반,안전거리 미확보,단일로,기타단일로,승용차,경형,승용차,경형,952039,1692043,126.9729807,35.22261611
2015,2015-01-27 8:40,주,화,3,4,1,0,0,전남,순천시,차량단독,전도전복,전도전복,운전자법규위반,안전운전 의무 불이행,단일로,기타단일로,화물차,소형,없음,없음,1001103,1669539,127.5120905,35.02083827
2015,2015-05-17 18:52,야,일,3,4,1,0,0,경남,사천시,차대차,추돌,진행중 추돌,운전자법규위반,안전운전 의무 불이행,단일로,기타단일로,승용차,소형,승용차,대형,1050825,1665659,128.0568687,34.98457421
2015,2015-05-26 14:50,주,화,3,4,1,0,0,전남,순천시,차대차,기타,기타,운전자법규위반,중앙선 침범,단일로,기타단일로,승용차,중형,화물차,소형,972929,1676905,127.203023,35.0868971
2015,2015-06-30 11:30,주,화,3,4,1,0,0,경북,안동시,차량단독,도로이탈,도로이탈 추락,운전자법규위반,안전운전 의무 불이행,단일로,기타단일로,승용차,중형,없음,없음,1116207,1838595,128.7982034,36.53802658
2015,2015-10-17 12:05,주,토,3,4,1,0,0,경남,사천시,차대차,정면충돌,정면충돌,운전자법규위반,중앙선 침범,단일로,교량위,화물차,소형,화물차,소형,1050113,1659237,128.0486819,34.92670196
2015,2015-01-20 5:35,야,화,2,4,1,1,0,대구,달서구,차량단독,공작물충돌,공작물충돌,운전자법규위반,안전운전 의무 불이행,단일로,기타단일로,승용차,중형,없음,없음,1096130,1762183,128.5645866,35.85147374
2015,2015-01-21 10:45,주,수,2,4,1,1,0,전북,부안군,차대차,측면충돌,측면충돌,운전자법규위반,차로위반(진로변경 위반),교차로,교차로내,승용차,경형,화물차,대형,929625,1747699,126.7218817,35.72308278
2015,2015-02-01 0:35,야,일,2,4,1,1,0,인천,중구,차대차,측면충돌,측면충돌,운전자법규위반,안전거리 미확보,교차로,교차로부근,승용차,중형,승용차,중형,909477,1938520,126.4766823,37.44143064
2015,2015-02-08 4:00,야,일,2,4,2,0,0,부산,동구,차대차,추돌,주정차중 추돌,운전자법규위반,안전운전 의무 불이행,단일로,기타단일로,승용차,중형,특수차,대형,1140523,1680647,129.0419756,35.11119496
2015,2015-03-31 5:10,야,화,2,4,1,1,0,경기,하남시,차대차,측면충돌,측면충돌,운전자법규위반,안전운전 의무 불이행,단일로,기타단일로,화물차,중형,승용차,대형,973697,1948070,127.2022963,37.53156622
2015,2015-04-11 1:35,야,토,2,4,0,2,0,전남,나주시,차량단독,공작물충돌,공작물충돌,운전자법규위반,안전운전 의무 불이행,단일로,기타단일로,승용차,중형,없음,없음,928028,1661867,126.7117765,34.94909947
2015,2015-04-18 2:30,야,토,2,4,2,0,0,경북,경산시,차대차,측면충돌,측면충돌,운전자법규위반,신호위반,교차로,교차로내,원동기장치자전거,원동기장치자전거,이륜차,소형,1110867,1760452,128.7275188,35.83431368
2015,2015-05-01 16:00,주,금,2,4,2,0,0,충남,청양군,차량단독,도로이탈,도로이탈 기타,운전자법규위반,안전운전 의무 불이행,단일로,기타단일로,승용차,대형,없음,없음,941919,1838707,126.8510847,36.54433733
2015,2015-05-16 18:15,야,토,2,4,2,0,0,경기,의정부시,차대차,측면충돌,측면충돌,운전자법규위반,안전운전 의무 불이행,교차로,교차로내,승용차,중형,승용차,중형,959044,1970455,127.0351993,37.73279148
2015,2015-06-19 17:45,주,금,2,4,1,1,0,전남,여수시,차대차,추돌,진행중 추돌,운전자법규위반,안전운전 의무 불이행,단일로,기타단일로,화물차,대형,승용차,소형,1012181,1645660,127.6331735,34.80543543
2015,2015-06-28 0:05,야,일,2,4,1,1,0,인천,남동구,차대차,측면충돌,측면충돌,운전자법규위반,안전거리 미확보,단일로,기타단일로,승용차,대형,이륜차,소형,930378,1939209,126.7128692,37.44944999
2015,2015-09-03 15:35,주,목,2,4,0,2,0,경남,통영시,차대차,측면충돌,측면충돌,운전자법규위반,신호위반,교차로,교차로내,승용차,소형,화물차,소형,1083477,1653941,128.4134188,34.87675242
2015,2015-09-12 7:50,주,토,2,4,1,1,0,경북,안동시,차대차,정면충돌,정면충돌,운전자법규위반,중앙선 침범,단일로,기타단일로,화물차,소형,화물차,중형,1127510,1842293,128.9250528,36.56991289
2015,2015-10-01 10:40,주,목,2,4,2,0,0,경남,진주시,차대차,정면충돌,정면충돌,운전자법규위반,중앙선 침범,단일로,기타단일로,승합차,중형,화물차,소형,1069038,1687835,128.2582558,35.18344557
2015,2015-12-28 11:18,주,월,2,4,0,0,2,제주,서귀포시,차대차,기타,기타,운전자법규위반,안전운전 의무 불이행,교차로,교차로내,화물차,중형,승합차,대형,916244,1479163,126.600358,33.30064229
2015,2015-01-02 11:50,주,금,1,4,1,1,1,경북,칠곡군,차대차,기타,기타,운전자법규위반,안전운전 의무 불이행,교차로,교차로내,승용차,소형,승용차,중형,1080026,1779167,128.3879752,36.00603163
2015,2015-01-05 7:30,주,월,1,4,2,1,0,경남,창원시(통합),차대사람,기타,기타,운전자법규위반,안전운전 의무 불이행,단일로,기타단일로,승용차,소형,보행자,보행자,1078504,1682339,128.3616898,35.13319716
2015,2015-01-20 7:47,주,화,1,4,2,1,0,경기,평택시,차대차,정면충돌,정면충돌,운전자법규위반,중앙선 침범,단일로,기타단일로,승용차,중형,승용차,중형,962830,1901402,127.0816418,37.11054086
2015,2015-01-20 16:03,주,화,1,4,3,0,0,경북,경산시,차대차,측면충돌,측면충돌,운전자법규위반,신호위반,교차로,교차로내,화물차,경형,승용차,대형,1121203,1755827,128.8412307,35.79140187
2015,2015-01-21 0:30,야,수,1,4,3,0,0,강원,원주시,차대차,측면충돌,측면충돌,운전자법규위반,과속,교차로,교차로내,승용차,중형,승합차,중형,1039338,1926275,127.9440714,37.334653
2015,2015-01-29 19:00,야,목,1,4,3,0,0,전남,강진군,차대차,정면충돌,정면충돌,운전자법규위반,중앙선 침범,단일로,기타단일로,승용차,소형,승용차,경형,927888,1620518,126.7137863,34.57624811
2015,2015-02-03 11:20,주,화,1,4,2,1,0,울산,북구,차대차,추돌,주정차중 추돌,운전자법규위반,안전운전 의무 불이행,단일로,기타단일로,화물차,대형,화물차,대형,1170469,1728201,129.3803335,35.53513315
2015,2015-02-09 16:30,주,월,1,4,3,0,0,경기,성남시,차대차,추돌,진행중 추돌,운전자법규위반,안전운전 의무 불이행,단일로,터널안,승용차,중형,승용차,소형,964499,1936180,127.0987666,37.42408764
2015,2015-02-11 8:50,주,수,1,4,1,2,0,울산,북구,차대차,기타,기타,운전자법규위반,중앙선 침범,단일로,기타단일로,승용차,중형,승합차,대형,1170289,1730649,129.3788637,35.55722489
2015,2015-02-18 0:05,야,수,1,4,3,0,0,충남,아산시,차대차,측면충돌,측면충돌,운전자법규위반,중앙선 침범,단일로,기타단일로,승용차,대형,승용차,중형,959035,1863920,127.0409606,36.77251119
2015,2015-02-25 5:40,야,수,1,4,3,0,0,울산,북구,차량단독,공작물충돌,공작물충돌,운전자법규위반,안전운전 의무 불이행,교차로,교차로부근,승용차,중형,없음,없음,1168651,1730561,129.3607813,35.55671209
2015,2015-03-04 12:50,주,수,1,4,3,0,0,전북,임실군,차대차,정면충돌,정면충돌,운전자법규위반,교차로 통행방법 위반,교차로,교차로내,승용차,대형,화물차,경형,972301,1728972,127.1943722,35.55635953
2015,2015-03-09 5:31,야,월,1,4,3,0,0,전북,전주시,차량단독,공작물충돌,공작물충돌,운전자법규위반,안전운전 의무 불이행,교차로,교차로부근,승용차,대형,없음,없음,966468,1754323,127.1289563,35.78475018
2015,2015-03-15 7:00,주,일,1,4,0,3,0,광주,남구,차대차,추돌,주정차중 추돌,운전자법규위반,안전운전 의무 불이행,단일로,기타단일로,승용차,중형,승용차,중형,945519.2,1682206.8,126.9019911,35.13359313
2015,2015-03-17 5:40,야,화,1,4,0,3,0,서울,마포구,차대차,추돌,진행중 추돌,운전자법규위반,안전운전 의무 불이행,단일로,기타단일로,화물차,소형,화물차,대형,943625,1952509,126.8616072,37.57022665
2015,2015-03-19 11:55,주,목,1,4,0,3,0,전북,군산시,차대차,측면충돌,측면충돌,운전자법규위반,신호위반,교차로,교차로내,이륜차,소형,승용차,중형,932617,1778242,126.7523795,35.99864908
2015,2015-03-29 13:41,주,일,1,4,0,3,0,대전,대덕구,차대차,측면충돌,측면충돌,운전자법규위반,과속,단일로,기타단일로,승용차,대형,이륜차,소형,993513,1817961,127.4276951,36.35905046
2015,2015-03-29 19:40,야,일,1,4,1,0,2,서울,노원구,차대차,정면충돌,정면충돌,운전자법규위반,중앙선 침범,단일로,기타단일로,승용차,중형,승용차,중형,961631,1960467,127.0650838,37.64288056
2015,2015-03-30 7:20,주,월,1,4,0,3,0,경기,의정부시,차대차,추돌,주정차중 추돌,운전자법규위반,안전운전 의무 불이행,교차로,교차로내,건설기계,건설기계,건설기계,건설기계,960617,1967347,127.0532187,37.70484794
2015,2015-03-30 15:25,주,월,1,4,1,2,0,경남,창원시(통합),차대차,추돌,주정차중 추돌,운전자법규위반,안전운전 의무 불이행,교차로,교차로부근,특수차,중형,특수차,중형,1117402,1677208,128.7878411,35.08315395
2015,2015-03-31 14:20,주,화,1,4,3,0,0,경북,영덕군,차대차,측면충돌,측면충돌,운전자법규위반,중앙선 침범,단일로,기타단일로,건설기계,건설기계,승용차,중형,1148914,1834078,129.1625937,36.49278594
2015,2015-04-01 16:00,주,수,1,4,2,1,0,충남,홍성군,차대차,측면충돌,측면충돌,운전자법규위반,중앙선 침범,단일로,기타단일로,승용차,소형,화물차,소형,923821,1845627,126.648216,36.6054431
2015,2015-04-03 9:10,주,금,1,4,1,2,0,경북,영주시,차대차,측면충돌,측면충돌,운전자법규위반,안전운전 의무 불이행,교차로,교차로내,화물차,소형,승용차,중형,1099598,1870245,128.6168078,36.82516981
2015,2015-04-05 8:55,주,일,1,4,1,2,0,충남,예산군,차대차,측면충돌,측면충돌,운전자법규위반,안전운전 의무 불이행,교차로,교차로내,승용차,소형,승용차,중형,924618,1854949,126.6562105,36.68953484
2015,2015-04-06 21:15,야,월,1,4,3,0,0,경기,평택시,차대차,측면충돌,측면충돌,운전자법규위반,중앙선 침범,단일로,기타단일로,승용차,소형,승용차,경형,961893,1891629,127.0715916,37.02240862
2015,2015-04-09 18:14,야,목,1,4,3,0,0,경기,고양시,차량단독,공작물충돌,공작물충돌,운전자법규위반,안전운전 의무 불이행,교차로,교차로부근,승용차,중형,없음,없음,944959,1954226,126.8765836,37.58578271
2015,2015-04-15 16:20,주,수,1,4,0,3,0,강원,춘천시,차대차,측면충돌,측면충돌,운전자법규위반,중앙선 침범,단일로,터널안,화물차,소형,화물차,소형,1012973,1998196,127.6477279,37.98364794
2015,2015-04-19 8:20,주,일,1,4,2,1,0,부산,부산진구,차대차,측면충돌,측면충돌,운전자법규위반,중앙선 침범,교차로,교차로부근,승용차,중형,승용차,중형,1141974,1687378,129.0590491,35.17166387
2015,2015-04-24 23:05,야,금,1,4,0,1,2,인천,부평구,차대차,정면충돌,정면충돌,운전자법규위반,중앙선 침범,단일로,기타단일로,화물차,소형,승합차,대형,931890,1943559,126.7295598,37.4887687
2015,2015-04-30 21:20,야,목,1,4,3,0,0,전북,완주군,차대차,측면충돌,측면충돌,운전자법규위반,신호위반,교차로,교차로내,승용차,중형,승용차,중형,966204,1773247,127.1252326,35.95535891
2015,2015-05-03 4:00,야,일,1,4,1,1,1,충북,충주시,차량단독,공작물충돌,공작물충돌,운전자법규위반,안전운전 의무 불이행,단일로,기타단일로,승용차,대형,없음,없음,1034371.2,1901621.8,127.8868677,37.11262911
2015,2015-05-03 17:50,주,일,1,4,2,0,1,전남,여수시,차대차,정면충돌,정면충돌,운전자법규위반,중앙선 침범,단일로,기타단일로,승용차,중형,승용차,경형,1007725,1643518,127.5844369,34.786163
2015,2015-05-07 6:07,주,목,1,4,2,1,0,충남,천안시,차대차,추돌,진행중 추돌,운전자법규위반,안전운전 의무 불이행,교차로,교차로내,화물차,소형,승용차,중형,967265,1883420,127.1323401,36.94861317
2015,2015-05-07 18:53,야,목,1,4,2,0,1,경북,성주군,차대차,기타,기타,운전자법규위반,중앙선 침범,단일로,기타단일로,특수차,대형,승용차,대형,1074654,1760512,128.3266208,35.83828105
2015,2015-05-15 21:22,야,금,1,4,2,1,0,충남,금산군,차대차,기타,기타,운전자법규위반,안전운전 의무 불이행,단일로,기타단일로,승용차,대형,승용차,중형,1004844,1784498,127.553785,36.05737024
2015,2015-05-16 1:50,야,토,1,4,1,2,0,경기,화성시,차대차,측면충돌,측면충돌,운전자법규위반,신호위반,교차로,교차로내,이륜차,소형,승용차,중형,961898,1912404,127.0705916,37.20967467
2015,2015-05-26 9:10,주,화,1,4,0,3,0,제주,제주시,차대차,추돌,진행중 추돌,운전자법규위반,안전운전 의무 불이행,단일로,기타단일로,화물차,소형,화물차,소형,937351,1505048,126.8252538,33.5355373
2015,2015-05-28 13:40,주,목,1,4,0,3,0,부산,강서구,차대차,추돌,주정차중 추돌,운전자법규위반,안전운전 의무 불이행,교차로,교차로내,승용차,중형,화물차,소형,1125593,1680571,128.87818,35.11248294
2015,2015-05-29 23:10,야,금,1,4,1,2,0,충남,당진시,차량단독,공작물충돌,공작물충돌,운전자법규위반,안전운전 의무 불이행,교차로,교차로내,승용차,대형,없음,없음,920438,1872451,126.6076002,36.84695166
2015,2015-05-30 21:10,야,토,1,4,0,3,0,부산,연제구,차대차,측면충돌,측면충돌,운전자법규위반,중앙선 침범,단일로,기타단일로,승용차,중형,이륜차,중형,1144108,1688756,129.0827159,35.18378095
2015,2015-06-08 23:00,야,월,1,4,0,3,0,경기,양평군,차대차,정면충돌,정면충돌,운전자법규위반,중앙선 침범,단일로,기타단일로,승용차,중형,승용차,중형,1007657,1941858,127.5865996,37.47591685
2015,2015-06-12 22:50,야,금,1,4,3,0,0,경남,함안군,차대차,측면충돌,측면충돌,운전자법규위반,안전운전 의무 불이행,단일로,기타단일로,승용차,중형,승용차,소형,1091145,1702170,128.5026215,35.31092221
2015,2015-06-15 10:00,주,월,1,4,3,0,0,충남,서산시,차량단독,도로이탈,도로이탈 기타,운전자법규위반,안전운전 의무 불이행,단일로,기타단일로,화물차,소형,없음,없음,901455,1852787,126.3972517,36.66792877
2015,2015-06-17 11:25,주,수,1,4,3,0,0,경기,포천시,차대차,추돌,주정차중 추돌,운전자법규위반,안전운전 의무 불이행,단일로,기타단일로,화물차,대형,화물차,중형,983243,1995579,127.3092436,37.95999918
2015,2015-06-26 2:48,야,금,1,4,2,0,1,경기,부천시,차대차,측면충돌,측면충돌,운전자법규위반,안전운전 의무 불이행,단일로,기타단일로,화물차,중형,승용차,중형,934729,1947462,126.7613247,37.52415112
2015,2015-06-27 14:28,주,토,1,4,1,2,0,충남,예산군,차대차,측면충돌,측면충돌,운전자법규위반,신호위반,교차로,교차로내,승용차,중형,승용차,중형,933039,1852221,126.7507018,36.6655749
2015,2015-06-28 16:00,주,일,1,4,1,1,1,경북,경주시,차대차,기타,기타,운전자법규위반,중앙선 침범,단일로,기타단일로,승용차,중형,승합차,소형,1164069,1756344,129.3155056,35.78983565
2015,2015-07-01 2:00,야,수,1,4,2,1,0,광주,서구,차대차,측면충돌,측면충돌,운전자법규위반,기타(운전자법규위반),단일로,기타단일로,승용차,소형,승용차,중형,939165,1682979,126.8321913,35.14019155
2015,2015-07-03 21:05,야,금,1,4,2,1,0,서울,은평구,차대차,추돌,진행중 추돌,운전자법규위반,안전운전 의무 불이행,교차로,교차로내,승용차,중형,승용차,중형,945475,1954807,126.8823845,37.59104999