발생년,발생년월일시분,주야,요일,사망자수,사상자수,중상자수,경상자수,부상신고자수,발생지시도,발생지시군구,사고유형_대분류,사고유형_중분류,사고유형,법규위반_대분류,법규위반,도로형태_대분류,도로형태,가해자_당사자종별_대분류,가해자_당사자종별,피해자_당사자종별_대분류,피해자_당사자종별,발생위치X_UTMK,발생위치Y_UTMK,경도,위도
2015,2015-07-07 10:40,주,화,1,4,3,0,0,충남,보령시,차량단독,도로이탈,도로이탈 추락,운전자법규위반,안전운전 의무 불이행,단일로,기타단일로,승용차,대형,없음,없음,914837,1817008,126.5509257,36.3467117
2015,2015-07-11 6:27,주,토,1,4,0,0,3,경기,안양시,차대차,측면충돌,측면충돌,운전자법규위반,안전운전 의무 불이행,단일로,기타단일로,승합차,소형,화물차,소형,946266,1930393,126.8931262,37.37104858
2015,2015-07-17 17:50,주,금,1,4,2,1,0,충북,청주시,차량단독,공작물충돌,공작물충돌,운전자법규위반,안전운전 의무 불이행,단일로,기타단일로,승용차,중형,없음,없음,1018779,1853017,127.7101653,36.67492244
2015,2015-07-25 6:30,주,토,1,4,1,1,1,서울,마포구,차량단독,전도전복,전도전복,운전자법규위반,안전운전 의무 불이행,단일로,기타단일로,승용차,중형,없음,없음,945097,1953492,126.8782016,37.57917541
2015,2015-07-27 1:40,야,월,1,4,2,1,0,경기,수원시,차대차,기타,기타,운전자법규위반,신호위반,교차로,교차로내,승용차,중형,승용차,중형,957130,1921909,127.0163106,37.29514314
2015,2015-07-27 5:20,야,월,1,4,3,0,0,전남,광양시,차대차,정면충돌,정면충돌,운전자법규위반,중앙선 침범,단일로,기타단일로,승용차,중형,승용차,중형,1010988,1662821,127.620356,34.96019997
2015,2015-07-30 21:30,야,목,1,4,2,1,0,전남,무안군,차대차,정면충돌,정면충돌,운전자법규위반,안전운전 의무 불이행,교차로,교차로내,화물차,소형,승용차,소형,909717,1663548,126.5110797,34.96278895
2015,2015-08-01 12:50,주,토,1,4,3,0,0,전남,진도군,차대차,측면충돌,측면충돌,운전자법규위반,교차로 통행방법 위반,교차로,교차로내,화물차,소형,화물차,소형,879741,1608937,126.1905874,34.467327
2015,2015-08-03 10:30,주,월,1,4,0,3,0,경기,양평군,차대차,측면충돌,측면충돌,운전자법규위반,교차로 통행방법 위반,교차로,교차로내,승용차,소형,승용차,소형,1000029,1942628,127.500328,37.48288913
2015,2015-08-04 16:25,주,화,1,4,3,0,0,광주,북구,차대차,측면충돌,측면충돌,운전자법규위반,안전운전 의무 불이행,단일로,기타단일로,승용차,경형,승용차,중형,942582,1691830,126.8690825,35.2201986
2015,2015-08-05 10:10,주,수,1,4,0,3,0,전남,무안군,차대차,측면충돌,측면충돌,운전자법규위반,신호위반,교차로,교차로내,승용차,중형,승용차,중형,894981.8,1663593.1,126.3496979,34.96177421
2015,2015-08-06 10:43,주,목,1,4,1,2,0,경기,안성시,차대차,측면충돌,측면충돌,운전자법규위반,직진 및 우회전차의 통행방해,교차로,교차로내,승합차,대형,화물차,소형,992708,1897165,127.4179668,37.07305702
2015,2015-08-07 2:20,야,금,1,4,3,0,0,경기,양주시,차량단독,공작물충돌,공작물충돌,운전자법규위반,과속,단일로,기타단일로,승용차,중형,없음,없음,962766,1976895,127.077108,37.79099431
2015,2015-08-07 9:40,주,금,1,4,3,0,0,강원,춘천시,차대차,추돌,주정차중 추돌,운전자법규위반,안전운전 의무 불이행,단일로,기타단일로,화물차,대형,승용차,중형,1024953,1974493.7,127.7833276,37.76976917
2015,2015-08-15 19:11,야,토,1,4,2,0,1,경남,남해군,차대차,측면충돌,측면충돌,운전자법규위반,중앙선 침범,단일로,기타단일로,화물차,소형,승용차,중형,1036006,1652630,127.8939452,34.86772342
2015,2015-08-17 15:08,주,월,1,4,1,2,0,제주,제주시,차대차,측면충돌,측면충돌,운전자법규위반,직진 및 우회전차의 통행방해,교차로,교차로내,승용차,중형,승합차,대형,890485,1497586,126.3214803,33.46446858
2015,2015-08-21 22:55,야,금,1,4,0,3,0,경기,안양시,차대차,측면충돌,측면충돌,운전자법규위반,교차로 통행방법 위반,교차로,교차로내,승용차,중형,이륜차,소형,952767,1933888,126.9663224,37.40290452
2015,2015-08-24 22:41,야,월,1,4,2,1,0,전북,무주군,차대차,기타,기타,운전자법규위반,교차로 통행방법 위반,교차로,교차로내,화물차,소형,화물차,소형,1013713,1775290,127.6521015,35.97426731
2015,2015-08-31 11:50,주,월,1,4,2,0,1,서울,강남구,차대차,기타,기타,운전자법규위반,안전운전 의무 불이행,단일로,기타단일로,승용차,소형,승용차,중형,966029,1940808,127.1158451,37.46585977
2015,2015-09-02 0:30,야,수,1,4,2,1,0,제주,서귀포시,차대차,기타,기타,운전자법규위반,과속,교차로,교차로내,승용차,중형,승용차,소형,937571.5,1482575.3,126.8291898,33.33286609
2015,2015-09-06 16:17,주,일,1,4,3,0,0,강원,양구군,차량단독,공작물충돌,공작물충돌,운전자법규위반,안전운전 의무 불이행,단일로,기타단일로,화물차,소형,없음,없음,1042796,2007290,127.9878683,38.06469119
2015,2015-09-07 13:44,주,월,1,4,1,2,0,경기,용인시,차대차,기타,기타,운전자법규위반,안전거리 미확보,단일로,기타단일로,화물차,소형,승용차,소형,967672,1894621.6,127.1364307,37.04960125
2015,2015-09-10 15:20,주,목,1,4,1,2,0,충북,옥천군,차대차,기타,기타,운전자법규위반,중앙선 침범,단일로,기타단일로,이륜차,소형,승용차,소형,1014177,1809329,127.6578613,36.28114668
2015,2015-09-20 9:41,주,일,1,4,3,0,0,경북,구미시,차대차,기타,기타,운전자법규위반,과속,교차로,교차로내,화물차,소형,승용차,중형,1088297,1793602,128.4813546,36.13544167
2015,2015-09-23 18:10,야,수,1,4,2,1,0,서울,금천구,차대차,측면충돌,측면충돌,운전자법규위반,안전운전 의무 불이행,교차로,교차로내,승용차,소형,원동기장치자전거,원동기장치자전거,947188,1940776,126.9027961,37.46468667
2015,2015-09-23 22:25,야,수,1,4,3,0,0,울산,남구,차대차,측면충돌,측면충돌,운전자법규위반,신호위반,교차로,교차로내,승용차,소형,승용차,중형,1166974,1726104,129.3413685,35.51682984
2015,2015-09-26 16:10,주,토,1,4,1,1,1,경북,경주시,차량단독,공작물충돌,공작물충돌,운전자법규위반,안전운전 의무 불이행,단일로,기타단일로,승용차,중형,없음,없음,1160441,1778515,129.2798447,35.99023469
2015,2015-10-02 10:30,주,금,1,4,3,0,0,전북,김제시,차대차,추돌,주정차중 추돌,운전자법규위반,안전운전 의무 불이행,단일로,기타단일로,화물차,소형,화물차,소형,947544,1765504,126.9188286,35.88472664
2015,2015-10-04 11:30,주,일,1,4,1,2,0,경기,가평군,차대차,정면충돌,정면충돌,운전자법규위반,중앙선 침범,단일로,기타단일로,이륜차,중형,이륜차,대형,998764,1954986,127.4859989,37.59427847
2015,2015-10-06 14:50,주,화,1,4,2,1,0,부산,기장군,차대차,측면충돌,측면충돌,운전자법규위반,신호위반,단일로,기타단일로,승용차,소형,화물차,소형,1153162,1703673,129.1848978,35.31689027
2015,2015-10-07 7:30,주,수,1,4,2,1,0,충남,부여군,차대차,측면충돌,측면충돌,운전자법규위반,신호위반,교차로,교차로내,승용차,소형,화물차,소형,954665,1805654,126.9954145,36.2470546
2015,2015-10-10 13:20,주,토,1,4,3,0,0,전남,해남군,차대차,정면충돌,정면충돌,운전자법규위반,중앙선 침범,단일로,기타단일로,화물차,중형,승합차,소형,899186,1634936,126.3991849,34.70382875
2015,2015-10-10 14:50,주,토,1,4,1,2,0,전남,완도군,차량단독,기타,기타,운전자법규위반,안전운전 의무 불이행,단일로,기타단일로,승합차,소형,없음,없음,958612,1592455,127.0501066,34.32487468
2015,2015-10-12 18:00,야,월,1,4,3,0,0,경북,성주군,차대차,정면충돌,정면충돌,운전자법규위반,안전운전 의무 불이행,교차로,교차로내,화물차,경형,화물차,경형,1075850,1759846,128.3397992,35.8321851
2015,2015-10-12 19:20,야,월,1,4,0,3,0,전남,담양군,차대차,측면충돌,측면충돌,운전자법규위반,중앙선 침범,단일로,교량위,승용차,중형,화물차,소형,949382,1695676,126.9435618,35.25524301
2015,2015-10-14 2:27,야,수,1,4,2,1,0,서울,서초구,차대차,추돌,진행중 추돌,운전자법규위반,안전운전 의무 불이행,단일로,기타단일로,승용차,중형,승용차,대형,957493,1944862,127.0190859,37.50204676
2015,2015-10-14 18:30,야,수,1,4,0,3,0,경북,안동시,차대사람,기타,기타,운전자법규위반,보행자 보호의무 위반,교차로,교차로내,화물차,소형,보행자,보행자,1124112,1839594,128.8866521,36.54603614
2015,2015-10-19 13:45,주,월,1,4,3,0,0,강원,인제군,차대차,측면충돌,측면충돌,운전자법규위반,안전운전 의무 불이행,단일로,기타단일로,승용차,소형,화물차,소형,1060122,2008747,128.1854936,38.07683618
2015,2015-10-23 18:00,야,금,1,4,1,2,0,경북,의성군,차대차,추돌,주정차중 추돌,운전자법규위반,안전운전 의무 불이행,단일로,교량위,화물차,소형,화물차,소형,1106892,1818257,128.691356,36.35580123
2015,2015-10-25 7:50,주,일,1,4,2,1,0,강원,원주시,차대사람,보도통행중,보도통행중,운전자법규위반,안전거리 미확보,단일로,기타단일로,화물차,중형,보행자,보행자,1048703,1937966,128.0505553,37.43958492
2015,2015-10-31 9:50,주,토,1,4,3,0,0,경기,파주시,차대차,정면충돌,정면충돌,운전자법규위반,중앙선 침범,단일로,기타단일로,승용차,대형,건설기계,건설기계,955052,1999349,126.9880984,37.99301859
2015,2015-11-02 17:36,주,월,1,4,1,2,0,전남,영광군,차대차,기타,기타,운전자법규위반,안전운전 의무 불이행,교차로,교차로내,화물차,소형,승용차,소형,896827,1697258,126.3657067,35.26547006
2015,2015-11-08 10:40,주,일,1,4,2,1,0,경남,밀양시,차량단독,도로이탈,도로이탈 추락,운전자법규위반,안전운전 의무 불이행,단일로,기타단일로,승용차,소형,없음,없음,1126027,1734253,128.8912171,35.59633236
2015,2015-11-15 14:25,주,일,1,4,2,0,1,경기,포천시,차대차,기타,기타,운전자법규위반,안전거리 미확보,단일로,기타단일로,화물차,소형,승용차,소형,977306,1977857,127.2422166,37.80014193
2015,2015-11-18 11:28,주,수,1,4,0,3,0,전남,고흥군,차대차,추돌,진행중 추돌,운전자법규위반,안전운전 의무 불이행,교차로,교차로부근,화물차,소형,승용차,중형,982067,1622746,127.3044276,34.59871578
2015,2015-11-25 20:40,야,수,1,4,3,0,0,경기,양평군,차대차,정면충돌,정면충돌,운전자법규위반,중앙선 침범,단일로,기타단일로,승용차,중형,승용차,소형,997058,1944974,127.4667139,37.50403053
2015,2015-12-06 10:30,주,일,1,4,2,1,0,충북,진천군,차대차,정면충돌,정면충돌,운전자법규위반,중앙선 침범,단일로,기타단일로,승용차,중형,승용차,중형,1000809.6,1871987.8,127.5090808,36.84612539
2015,2015-12-07 10:10,주,월,1,4,2,1,0,전남,여수시,차대차,정면충돌,정면충돌,운전자법규위반,중앙선 침범,단일로,기타단일로,승용차,중형,승용차,경형,1020919,1647088,127.7287401,34.8181706
2015,2015-12-07 13:20,주,월,1,4,2,1,0,전남,장흥군,차대차,정면충돌,정면충돌,운전자법규위반,중앙선 침범,단일로,기타단일로,화물차,소형,화물차,소형,945428,1636737,126.9039628,34.72358445
2015,2015-12-18 4:30,야,금,1,4,3,0,0,경북,상주시,차량단독,전도전복,전도전복,운전자법규위반,안전운전 의무 불이행,단일로,기타단일로,승용차,경형,없음,없음,1052970,1806544,128.0896207,36.25468943
2015,2015-12-19 1:30,야,토,1,4,0,0,3,경기,용인시,차대차,추돌,주정차중 추돌,운전자법규위반,안전운전 의무 불이행,단일로,기타단일로,승용차,중형,특수차,중형,964870,1921468,127.1036575,37.29149272
2015,2015-12-20 9:30,주,일,1,4,2,1,0,강원,정선군,차대차,추돌,진행중 추돌,운전자법규위반,중앙선 침범,단일로,기타단일로,건설기계,건설기계,화물차,소형,1116952,1945212,128.8230826,37.4987704
2015,2015-12-20 19:30,야,일,1,4,0,3,0,전북,정읍시,차대차,추돌,주정차중 추돌,운전자법규위반,안전운전 의무 불이행,단일로,기타단일로,승용차,대형,건설기계,건설기계,950234,1740757,126.9501685,35.66175146
2015,2015-12-21 11:30,주,월,1,4,0,2,1,경기,용인시,차대차,정면충돌,정면충돌,운전자법규위반,중앙선 침범,단일로,기타단일로,승합차,중형,승합차,대형,974888,1918942,127.216766,37.26904813
2015,2015-12-29 12:50,주,화,1,4,2,1,0,경기,의정부시,차대차,정면충돌,정면충돌,운전자법규위반,중앙선 침범,단일로,기타단일로,승용차,중형,승용차,소형,963414,1973388,127.0846445,37.75941188
2015,2015-12-30 1:59,야,수,1,4,3,0,0,부산,연제구,차량단독,공작물충돌,공작물충돌,운전자법규위반,안전운전 의무 불이행,교차로,교차로부근,승용차,중형,없음,없음,1144225,1687438,129.08377,35.17188407
2015,2015-12-31 6:45,주,목,1,4,3,0,0,충남,당진시,차량단독,공작물충돌,공작물충돌,운전자법규위반,안전운전 의무 불이행,단일로,기타단일로,승용차,중형,없음,없음,918473,1872981,126.5855055,36.85156134
2015,2015-07-28 17:10,주,화,3,3,0,0,0,경기,김포시,차대차,기타,기타,운전자법규위반,안전운전 의무 불이행,단일로,기타단일로,승용차,소형,화물차,소형,930181,1960429,126.7086229,37.64068543
2015,2015-01-03 0:58,야,토,2,3,1,0,0,서울,서대문구,차대사람,기타,기타,운전자법규위반,과속,단일로,기타단일로,승용차,대형,보행자,보행자,952579.4,1951310.4,126.9630803,37.55992824
2015,2015-01-06 23:45,야,화,2,3,1,0,0,대전,서구,차대차,정면충돌,정면충돌,운전자법규위반,중앙선 침범,단일로,기타단일로,화물차,소형,승용차,중형,991183,1816098,127.4017458,36.34223623
2015,2015-01-07 12:50,주,수,2,3,0,1,0,충북,음성군,차대차,기타,기타,운전자법규위반,중앙선 침범,단일로,기타단일로,승용차,소형,화물차,대형,999920,1882416,127.4991016,36.94013171
2015,2015-02-10 23:50,야,화,2,3,1,0,0,경북,경주시,차량단독,공작물충돌,공작물충돌,운전자법규위반,안전운전 의무 불이행,단일로,기타단일로,승용차,소형,없음,없음,1152455,1779253,129.19143,35.99816706
2015,2015-04-02 9:30,주,목,2,3,1,0,0,광주,서구,차대사람,길가장자리구역통행중,길가장자리구역통행중,운전자법규위반,과속,단일로,기타단일로,승용차,중형,보행자,보행자,941487,1680975,126.8578212,35.12225991
2015,2015-04-19 6:50,주,일,2,3,0,1,0,충북,청주시,차대차,기타,기타,운전자법규위반,신호위반,교차로,교차로내,승용차,중형,승용차,소형,994867,1845791,127.4426022,36.60995187
2015,2015-04-23 10:25,주,목,2,3,1,0,0,강원,원주시,차대차,측면충돌,측면충돌,운전자법규위반,기타(운전자법규위반),단일로,기타단일로,승합차,중형,자전거,자전거,1038530,1933247,127.9353134,37.39752978
2015,2015-05-03 8:25,주,일,2,3,1,0,0,울산,울주군,차대사람,길가장자리구역통행중,길가장자리구역통행중,운전자법규위반,안전운전 의무 불이행,단일로,기타단일로,승용차,대형,보행자,보행자,1155984,1722592,129.2195477,35.48696652
2015,2015-05-12 11:30,주,화,2,3,1,0,0,전북,완주군,차대차,측면충돌,측면충돌,운전자법규위반,신호위반,교차로,교차로내,건설기계,건설기계,승합차,소형,958098,1758737,127.0361103,35.82422512
2015,2015-05-15 11:20,주,금,2,3,1,0,0,전북,진안군,차량단독,도로이탈,도로이탈 기타,운전자법규위반,안전운전 의무 불이행,단일로,기타단일로,승용차,중형,없음,없음,993509,1750915,127.4282017,35.75457367
2015,2015-05-20 19:55,야,수,2,3,0,1,0,전남,여수시,차대차,측면충돌,측면충돌,운전자법규위반,신호위반,교차로,교차로내,승합차,대형,이륜차,소형,1012422,1640713,127.6357352,34.76082177
2015,2015-06-12 14:40,주,금,2,3,1,0,0,충남,태안군,차대차,추돌,주정차중 추돌,운전자법규위반,안전운전 의무 불이행,단일로,기타단일로,건설기계,건설기계,특수차,소형,894294,1846128,126.3180502,36.60714195
2015,2015-06-28 21:50,야,일,2,3,1,0,0,경기,광주시,차대차,정면충돌,정면충돌,운전자법규위반,중앙선 침범,단일로,기타단일로,승용차,중형,승용차,중형,975255,1933799,127.2204094,37.40297614
2015,2015-07-26 1:10,야,일,2,3,1,0,0,전남,고흥군,차대차,추돌,주정차중 추돌,운전자법규위반,안전운전 의무 불이행,단일로,교량위,이륜차,소형,화물차,소형,973686,1628552,127.2128473,34.6508929
2015,2015-08-02 4:40,야,일,2,3,1,0,0,대구,남구,차대차,측면충돌,측면충돌,운전자법규위반,중앙선 침범,단일로,기타단일로,자전거,자전거,이륜차,소형,1096596.7,1761879.9,128.5697175,35.84869551
2015,2015-08-30 10:05,주,일,2,3,0,1,0,강원,고성군,차대차,추돌,진행중 추돌,운전자법규위반,과속,단일로,기타단일로,승용차,중형,승용차,소형,1083463,2024249,128.4534082,38.21467798
2015,2015-08-31 11:40,주,월,2,3,0,1,0,경기,남양주시,차대차,추돌,진행중 추돌,운전자법규위반,안전거리 미확보,단일로,터널안,승용차,경형,건설기계,건설기계,984130,1960580,127.3201076,37.64456358
2015,2015-09-01 13:42,주,화,2,3,1,0,0,충북,음성군,차대차,측면충돌,측면충돌,운전자법규위반,신호위반,교차로,교차로내,건설기계,건설기계,화물차,소형,1004301,1878579.6,127.5482792,36.90553849
2015,2015-09-08 6:45,주,화,2,3,0,1,0,경기,부천시,차대사람,차도통행중,차도통행중,운전자법규위반,안전운전 의무 불이행,교차로,교차로부근,승용차,소형,보행자,보행자,934284,1943494,126.7566437,37.48835635
2015,2015-09-09 4:06,야,수,2,3,1,0,0,광주,서구,차대차,정면충돌,정면충돌,운전자법규위반,중앙선 침범,단일로,기타단일로,승합차,소형,승용차,경형,941446,1681648,126.8573236,35.12832576
2015,2015-10-06 14:15,주,화,2,3,1,0,0,경남,의령군,차대차,기타,기타,운전자법규위반,안전운전 의무 불이행,단일로,기타단일로,승용차,소형,승용차,소형,1071426,1703717,128.2858624,35.32647403
2015,2015-10-10 5:05,야,토,2,3,0,1,0,경북,영천시,차대차,정면충돌,정면충돌,운전자법규위반,중앙선 침범,단일로,기타단일로,승용차,중형,승용차,중형,1126000,1771783,128.896822,35.93461701
2015,2015-10-13 16:50,주,화,2,3,1,0,0,경기,안산시,차대차,정면충돌,정면충돌,운전자법규위반,중앙선 침범,단일로,기타단일로,승용차,경형,화물차,중형,923068,1915168,126.6327277,37.23219224
2015,2015-10-18 23:17,야,일,2,3,0,0,1,경기,화성시,차량단독,전도전복,전도전복,운전자법규위반,안전운전 의무 불이행,단일로,기타단일로,승용차,중형,없음,없음,941843,1907531,126.844963,37.1647167
2015,2015-10-19 18:55,야,월,2,3,1,0,0,전북,순창군,차대차,기타,기타,운전자법규위반,안전운전 의무 불이행,단일로,기타단일로,화물차,소형,농기계,농기계,977867,1718397,127.2560748,35.46114901
2015,2015-11-26 17:58,주,목,2,3,1,0,0,충남,예산군,차대차,기타,기타,운전자법규위반,안전운전 의무 불이행,단일로,기타단일로,승용차,중형,승용차,소형,943200,1844666,126.8649563,36.59813191
2015,2015-11-30 2:23,야,월,2,3,1,0,0,경기,오산시,차대차,기타,기타,운전자법규위반,안전운전 의무 불이행,단일로,기타단일로,승용차,중형,승합차,중형,965997,1900594.8,127.1173231,37.10338512
2015,2015-12-07 5:00,야,월,2,3,1,0,0,부산,강서구,차대차,기타,기타,운전자법규위반,안전운전 의무 불이행,교차로,교차로부근,승용차,중형,승용차,소형,1126181,1680575,128.8846313,35.11244547
2015,2015-12-18 1:20,야,금,2,3,1,0,0,충북,음성군,차대차,추돌,주정차중 추돌,운전자법규위반,안전운전 의무 불이행,단일로,기타단일로,승합차,소형,이륜차,소형,1016343,1883473,127.6835572,36.94951819
2015,2015-12-22 13:55,주,화,2,3,1,0,0,전북,김제시,차대차,측면충돌,측면충돌,운전자법규위반,직진 및 우회전차의 통행방해,교차로,교차로내,건설기계,건설기계,화물차,소형,940183,1766978,126.8371684,35.89759322
2015,2015-01-03 7:10,주,토,1,3,1,1,0,경남,남해군,차량단독,공작물충돌,공작물충돌,운전자법규위반,안전운전 의무 불이행,단일로,기타단일로,승합차,소형,없음,없음,1033939,1660770,127.8716609,34.94119617
2015,2015-01-04 18:55,야,일,1,3,2,0,0,충남,서산시,차대차,추돌,진행중 추돌,운전자법규위반,안전운전 의무 불이행,단일로,기타단일로,화물차,소형,승용차,소형,912883,1852734,126.5251226,36.66856645
2015,2015-01-06 23:00,야,화,1,3,0,1,1,경기,수원시,차대차,측면충돌,측면충돌,운전자법규위반,중앙선 침범,단일로,기타단일로,승용차,중형,화물차,소형,959738,1921961,127.0457322,37.29572844
2015,2015-01-08 15:15,주,목,1,3,1,1,0,전남,보성군,차대차,측면충돌,측면충돌,운전자법규위반,안전운전 의무 불이행,교차로,교차로내,원동기장치자전거,원동기장치자전거,화물차,소형,985952,1648870,127.3463611,34.83435813
2015,2015-01-10 13:10,주,토,1,3,1,1,0,충남,천안시,차대차,정면충돌,정면충돌,운전자법규위반,중앙선 침범,단일로,기타단일로,승용차,중형,승용차,경형,985192,1863445,127.3340739,36.76899907
2015,2015-01-13 16:15,주,화,1,3,2,0,0,충북,옥천군,차량단독,전도전복,전도전복,운전자법규위반,안전운전 의무 불이행,단일로,기타단일로,화물차,소형,없음,없음,1023560,1815187,127.7625175,36.33377525
2015,2015-01-16 18:20,야,금,1,3,1,1,0,부산,영도구,차대사람,기타,기타,운전자법규위반,기타(운전자법규위반),단일로,횡단보도상,승용차,경형,보행자,보행자,1143277,1676377,129.0714468,35.07231748
2015,2015-01-20 16:50,주,화,1,3,1,1,0,경북,영주시,차량단독,전도전복,전도전복,운전자법규위반,안전운전 의무 불이행,단일로,기타단일로,승용차,중형,없음,없음,1103795,1894294,128.6671614,37.041464
2015,2015-01-24 13:00,주,토,1,3,2,0,0,충남,금산군,차대차,측면충돌,측면충돌,운전자법규위반,안전운전 의무 불이행,교차로,교차로내,승용차,중형,이륜차,대형,988893,1802984,127.3764133,36.22398331
2015,2015-01-25 18:27,야,일,1,3,2,0,0,경기,수원시,차대사람,횡단중,횡단중,운전자법규위반,안전운전 의무 불이행,단일로,기타단일로,승용차,대형,보행자,보행자,956607,1921021,127.0104618,37.28711475
2015,2015-01-26 14:05,주,월,1,3,1,1,0,경기,용인시,차대차,측면충돌,측면충돌,운전자법규위반,안전운전 의무 불이행,교차로,교차로내,승용차,중형,승용차,중형,963528,1919549,127.0886113,37.27414364
2015,2015-01-28 18:45,야,수,1,3,2,0,0,제주,서귀포시,차대차,기타,기타,운전자법규위반,직진 및 우회전차의 통행방해,교차로,교차로내,승합차,대형,농기계,농기계,900382,1472415,126.4307465,33.23843596
2015,2015-01-31 6:40,주,토,1,3,1,1,0,경북,칠곡군,차대차,기타,기타,운전자법규위반,안전운전 의무 불이행,단일로,기타단일로,화물차,소형,승용차,소형,1080770.6,1786063.8,128.3969412,36.06814333
2015,2015-01-31 16:50,주,토,1,3,1,1,0,충북,음성군,차량단독,공작물충돌,공작물충돌,운전자법규위반,안전운전 의무 불이행,단일로,기타단일로,화물차,소형,없음,없음,1017359,1902096,127.6953981,37.11737381
2015,2015-02-03 12:55,주,화,1,3,2,0,0,대구,동구,차량단독,공작물충돌,공작물충돌,운전자법규위반,안전운전 의무 불이행,단일로,기타단일로,승용차,중형,없음,없음,1104417,1768935,128.6572295,35.91149008
2015,2015-02-04 18:10,야,수,1,3,2,0,0,경남,밀양시,차대차,정면충돌,정면충돌,운전자법규위반,중앙선 침범,단일로,기타단일로,승합차,소형,승용차,중형,1113881,1721119,128.755321,35.47940955
2015,2015-02-06 17:12,주,금,1,3,0,1,1,울산,울주군,차대차,정면충돌,정면충돌,운전자법규위반,중앙선 침범,단일로,기타단일로,승용차,중형,승용차,중형,1154184,1747157,129.2044013,35.70864112
2015,2015-02-08 12:20,주,일,1,3,0,2,0,경기,성남시,차대차,추돌,진행중 추돌,운전자법규위반,안전운전 의무 불이행,단일로,기타단일로,승용차,소형,승용차,중형,964859,1930792,127.1030914,37.37553609
2015,2015-02-08 23:00,야,일,1,3,0,2,0,충남,아산시,차대차,측면충돌,측면충돌,운전자법규위반,신호위반,교차로,교차로내,승용차,경형,승용차,중형,956908,1865194,127.0170549,36.78390125
2015,2015-02-09 6:00,주,월,1,3,0,1,1,충남,공주시,차대차,기타,기타,운전자법규위반,안전운전 의무 불이행,단일로,기타단일로,승용차,중형,화물차,중형,965553,1844229,127.1148834,36.59526202
2015,2015-02-09 12:34,주,월,1,3,0,2,0,경기,화성시,차대차,정면충돌,정면충돌,운전자법규위반,중앙선 침범,단일로,기타단일로,승용차,소형,화물차,소형,930930,1911319,126.7217064,37.19811604
2015,2015-02-10 14:55,주,화,1,3,1,0,1,경북,구미시,차대차,기타,기타,운전자법규위반,중앙선 침범,단일로,기타단일로,승용차,경형,승합차,대형,1084659,1788484,128.4403758,36.08962962
2015,2015-02-11 15:00,주,수,1,3,1,1,0,강원,춘천시,차대차,측면충돌,측면충돌,운전자법규위반,중앙선 침범,단일로,기타단일로,화물차,중형,화물차,중형,1012746,1999780,127.6451711,37.99792757
2015,2015-02-13 7:05,주,금,1,3,0,2,0,전남,목포시,차대차,추돌,진행중 추돌,운전자법규위반,안전운전 의무 불이행,단일로,기타단일로,화물차,소형,화물차,대형,898867.7,1649465.3,126.3939634,34.83479496
2015,2015-02-14 8:09,주,토,1,3,1,1,0,인천,중구,차대차,정면충돌,정면충돌,운전자법규위반,신호위반,교차로,교차로내,건설기계,건설기계,승용차,중형,916005,1944443,126.549793,37.49542736
2015,2015-02-16 1:30,야,월,1,3,1,1,0,광주,서구,차량단독,공작물충돌,공작물충돌,운전자법규위반,안전운전 의무 불이행,단일로,기타단일로,승용차,중형,없음,없음,943900,1685631,126.8839862,35.1643791
2015,2015-02-19 11:15,주,목,1,3,2,0,0,경북,경주시,차량단독,공작물충돌,공작물충돌,운전자법규위반,안전운전 의무 불이행,단일로,기타단일로,승용차,중형,없음,없음,1173292,1748364,129.4157879,35.71634187
2015,2015-02-19 18:50,야,목,1,3,0,1,1,경북,경주시,차량단독,공작물충돌,공작물충돌,운전자법규위반,안전운전 의무 불이행,단일로,기타단일로,승용차,중형,없음,없음,1153276,1749186,129.1947552,35.72706901
2015,2015-02-22 0:40,야,일,1,3,2,0,0,경기,시흥시,차대차,기타,기타,운전자법규위반,안전거리 미확보,교차로,교차로부근,원동기장치자전거,원동기장치자전거,승용차,중형,937043,1938338,126.788291,37.44207744
2015,2015-02-23 2:42,야,월,1,3,1,1,0,전남,고흥군,차대차,추돌,진행중 추돌,운전자법규위반,안전운전 의무 불이행,단일로,기타단일로,승용차,소형,화물차,대형,987900,1631211,127.3679196,34.67513815
2015,2015-02-23 6:58,주,월,1,3,1,1,0,경남,거창군,차대차,정면충돌,정면충돌,운전자법규위반,중앙선 침범,단일로,기타단일로,화물차,소형,화물차,소형,1032037,1745939,127.8541662,35.70920867
2015,2015-02-26 6:00,주,목,1,3,2,0,0,대전,동구,차대차,기타,기타,운전자법규위반,안전운전 의무 불이행,단일로,기타단일로,승용차,중형,화물차,소형,998392,1816016,127.4820811,36.34153601
2015,2015-02-27 23:20,야,금,1,3,2,0,0,경기,가평군,차대차,추돌,주정차중 추돌,운전자법규위반,안전운전 의무 불이행,단일로,기타단일로,승용차,대형,승용차,대형,986279,1980252,127.3440959,37.82190737