발생년,발생년월일시분,주야,요일,사망자수,사상자수,중상자수,경상자수,부상신고자수,발생지시도,발생지시군구,사고유형_대분류,사고유형_중분류,사고유형,법규위반_대분류,법규위반,도로형태_대분류,도로형태,가해자_당사자종별_대분류,가해자_당사자종별,피해자_당사자종별_대분류,피해자_당사자종별,발생위치X_UTMK,발생위치Y_UTMK,경도,위도
2015,2015-03-03 23:35,야,화,1,3,1,1,0,대구,북구,차대차,추돌,진행중 추돌,운전자법규위반,안전운전 의무 불이행,단일로,횡단보도부근,화물차,소형,승용차,대형,1094798,1769370,128.5506931,35.91639144
2015,2015-03-06 19:45,야,금,1,3,0,2,0,경기,고양시,차대차,추돌,진행중 추돌,운전자법규위반,안전운전 의무 불이행,단일로,기타단일로,화물차,소형,화물차,소형,940830,1962129,126.82918,37.65675511
2015,2015-03-08 13:50,주,일,1,3,2,0,0,인천,중구,차대차,측면충돌,측면충돌,운전자법규위반,교차로 통행방법 위반,교차로,교차로내,화물차,소형,승용차,중형,913081,1946898,126.5164288,37.51728195
2015,2015-03-09 13:45,주,월,1,3,0,2,0,충남,태안군,차대차,정면충돌,정면충돌,운전자법규위반,중앙선 침범,단일로,기타단일로,승용차,대형,건설기계,건설기계,889525,1867784,126.2616087,36.80178181
2015,2015-03-09 19:05,야,월,1,3,2,0,0,경기,여주시,차대차,추돌,진행중 추돌,운전자법규위반,안전운전 의무 불이행,교차로,교차로내,화물차,소형,화물차,소형,1005471,1909901,127.5616404,37.1878746
2015,2015-03-09 23:45,야,월,1,3,1,1,0,광주,광산구,차대차,정면충돌,정면충돌,운전자법규위반,중앙선 침범,단일로,기타단일로,승용차,중형,승용차,중형,927461,1685442,126.7035059,35.16162272
2015,2015-03-11 0:20,야,수,1,3,2,0,0,전북,부안군,차대차,측면충돌,측면충돌,운전자법규위반,신호위반,교차로,교차로내,화물차,소형,승용차,중형,931026,1747708,126.7373702,35.72326308
2015,2015-03-12 22:15,야,목,1,3,0,2,0,경기,김포시,차대차,측면충돌,측면충돌,운전자법규위반,신호위반,교차로,교차로부근,승용차,소형,승용차,중형,926536,1962483,126.6671051,37.65891272
2015,2015-03-15 14:15,주,일,1,3,0,2,0,충남,서산시,차대차,추돌,진행중 추돌,운전자법규위반,안전운전 의무 불이행,단일로,기타단일로,이륜차,대형,승용차,중형,911683,1865573,126.5102117,36.7841801
2015,2015-03-21 15:20,주,토,1,3,0,2,0,부산,금정구,차대차,추돌,진행중 추돌,운전자법규위반,안전운전 의무 불이행,단일로,기타단일로,승용차,경형,승용차,경형,1146693.4,1692237.7,129.1117211,35.21478915
2015,2015-03-22 1:49,야,일,1,3,1,1,0,경기,의정부시,차량단독,공작물충돌,공작물충돌,운전자법규위반,안전운전 의무 불이행,교차로,교차로부근,원동기장치자전거,원동기장치자전거,없음,없음,960172,1969988,127.0480259,37.72863217
2015,2015-03-22 2:55,야,일,1,3,1,0,1,경기,하남시,차량단독,공작물충돌,공작물충돌,운전자법규위반,안전운전 의무 불이행,교차로,교차로내,승용차,중형,없음,없음,972821,1949754,127.1923193,37.5467195
2015,2015-03-23 21:55,야,월,1,3,2,0,0,대전,동구,차대차,정면충돌,정면충돌,운전자법규위반,중앙선 침범,단일로,기타단일로,승용차,경형,승용차,중형,996390,1816163,127.4597708,36.34285585
2015,2015-03-26 15:20,주,목,1,3,1,1,0,서울,마포구,차대차,추돌,주정차중 추돌,운전자법규위반,안전운전 의무 불이행,단일로,기타단일로,승용차,중형,화물차,중형,948798,1951924,126.9202245,37.56525622
2015,2015-03-27 22:40,야,금,1,3,2,0,0,경기,고양시,차대차,정면충돌,정면충돌,운전자법규위반,중앙선 침범,단일로,기타단일로,승용차,중형,승용차,중형,945570,1959109,126.8831403,37.62982943
2015,2015-03-28 7:55,주,토,1,3,2,0,0,전북,순창군,차대차,정면충돌,정면충돌,운전자법규위반,중앙선 침범,단일로,기타단일로,화물차,소형,화물차,소형,949574,1715530,126.9444481,35.43426635
2015,2015-03-31 15:55,주,화,1,3,1,1,0,전북,임실군,차대차,추돌,주정차중 추돌,운전자법규위반,안전운전 의무 불이행,교차로,교차로부근,승용차,경형,승용차,중형,983366,1732515,127.3163886,35.58855279
2015,2015-04-01 12:20,주,수,1,3,2,0,0,강원,춘천시,차대차,측면충돌,측면충돌,운전자법규위반,안전운전 의무 불이행,교차로,교차로내,승합차,소형,승용차,중형,1020596,1983538,127.7341139,37.85139504
2015,2015-04-02 0:45,야,목,1,3,1,1,0,경기,부천시,차대사람,횡단중,횡단중,운전자법규위반,안전운전 의무 불이행,단일로,횡단보도부근,승용차,소형,보행자,보행자,936746,1943906,126.7844556,37.49224163
2015,2015-04-06 13:20,주,월,1,3,2,0,0,경북,성주군,차대차,정면충돌,정면충돌,운전자법규위반,중앙선 침범,기타/불명,기타/불명,화물차,소형,화물차,소형,1067405,1755362,128.2459269,35.79237674
2015,2015-04-08 2:50,야,수,1,3,0,2,0,인천,남구,차대차,측면충돌,측면충돌,운전자법규위반,신호위반,교차로,교차로내,승용차,중형,이륜차,중형,924832,1940988,126.649992,37.46504944
2015,2015-04-08 15:38,주,수,1,3,1,1,0,경기,이천시,차대차,추돌,주정차중 추돌,운전자법규위반,중앙선 침범,교차로,교차로부근,승용차,대형,화물차,대형,1009581,1903505,127.6078648,37.13018682
2015,2015-04-08 19:55,야,수,1,3,0,2,0,경기,포천시,차대차,추돌,주정차중 추돌,운전자법규위반,안전운전 의무 불이행,단일로,기타단일로,승용차,경형,승용차,경형,967551,1978448,127.1313839,37.80517406
2015,2015-04-09 20:45,야,목,1,3,2,0,0,강원,동해시,차대차,측면충돌,측면충돌,운전자법규위반,신호위반,교차로,교차로내,승용차,소형,승용차,중형,1143384,1944608,129.1218915,37.48960143
2015,2015-04-10 14:58,주,금,1,3,0,2,0,전남,곡성군,차대사람,기타,기타,정비불량,정비불량 제차의 운전금지위반,단일로,기타단일로,승용차,대형,보행자,보행자,977637,1681798,127.2545385,35.13113373
2015,2015-04-11 18:06,야,토,1,3,1,1,0,충남,서천군,차대차,측면충돌,측면충돌,운전자법규위반,신호위반,교차로,교차로내,승합차,중형,화물차,대형,914880,1795717,126.5537219,36.15479141
2015,2015-04-13 14:40,주,월,1,3,0,2,0,경기,양평군,차대차,측면충돌,측면충돌,운전자법규위반,안전운전 의무 불이행,교차로,교차로내,화물차,소형,승용차,소형,984101,1949429,127.3200211,37.54405378
2015,2015-04-13 16:38,주,월,1,3,0,1,1,전북,부안군,차대차,추돌,진행중 추돌,운전자법규위반,안전운전 의무 불이행,단일로,기타단일로,승용차,중형,승용차,중형,935168,1745678,126.7833279,35.7052428
2015,2015-04-14 18:43,야,화,1,3,2,0,0,전남,영암군,차대차,정면충돌,정면충돌,운전자법규위반,신호위반,교차로,교차로내,승용차,경형,승용차,경형,900951,1640894,126.4177542,34.75772002
2015,2015-04-16 1:50,야,목,1,3,0,2,0,전북,전주시,차량단독,공작물충돌,공작물충돌,운전자법규위반,안전운전 의무 불이행,단일로,기타단일로,승용차,중형,없음,없음,965989,1756861,127.1235482,35.80761646
2015,2015-04-16 15:35,주,목,1,3,0,2,0,경기,가평군,차대차,정면충돌,정면충돌,운전자법규위반,중앙선 침범,단일로,고가도로위,화물차,소형,승용차,대형,1001392,1980229,127.5158165,37.82180218
2015,2015-04-17 2:15,야,금,1,3,0,1,1,부산,사하구,차대사람,기타,기타,운전자법규위반,신호위반,교차로,교차로내,승용차,중형,보행자,보행자,1137242,1677944,129.0055359,35.08728222
2015,2015-04-18 4:00,야,토,1,3,1,1,0,서울,도봉구,차대차,측면충돌,측면충돌,운전자법규위반,신호위반,교차로,교차로내,이륜차,중형,승용차,중형,959770,1961416,127.0439375,37.6513544
2015,2015-04-19 2:19,야,일,1,3,2,0,0,경기,파주시,차대차,정면충돌,정면충돌,운전자법규위반,중앙선 침범,단일로,지하차도(도로)내,승용차,중형,승용차,중형,934681,1967917,126.7589541,37.70850321
2015,2015-04-20 15:20,주,월,1,3,0,2,0,전남,해남군,차대차,정면충돌,정면충돌,운전자법규위반,중앙선 침범,단일로,기타단일로,승용차,중형,화물차,소형,924212,1607059,126.674909,34.45462061
2015,2015-04-23 12:25,주,목,1,3,2,0,0,충남,공주시,차량단독,전도전복,전도전복,운전자법규위반,안전운전 의무 불이행,단일로,기타단일로,승용차,대형,없음,없음,968745,1827057,127.1512646,36.44056651
2015,2015-04-24 1:26,야,금,1,3,0,2,0,서울,송파구,차대차,측면충돌,측면충돌,운전자법규위반,신호위반,교차로,교차로내,이륜차,중형,승용차,중형,967651,1944404,127.1340288,37.49833055
2015,2015-04-25 2:05,야,토,1,3,2,0,0,부산,기장군,차량단독,공작물충돌,공작물충돌,운전자법규위반,안전운전 의무 불이행,단일로,기타단일로,승용차,중형,없음,없음,1155450,1691513,129.2077561,35.20693855
2015,2015-04-25 22:52,야,토,1,3,2,0,0,대전,서구,차대차,측면충돌,측면충돌,운전자법규위반,중앙선 침범,단일로,기타단일로,승용차,중형,승용차,중형,989664,1813103,127.3848582,36.3152199
2015,2015-04-27 16:20,주,월,1,3,1,1,0,강원,평창군,차대사람,기타,기타,운전자법규위반,안전운전 의무 불이행,단일로,기타단일로,승합차,소형,보행자,보행자,1092944.3,1961520.8,128.5535987,37.64847542
2015,2015-05-02 15:40,주,토,1,3,1,1,0,세종,세종,차대차,정면충돌,정면충돌,운전자법규위반,중앙선 침범,단일로,기타단일로,승용차,중형,화물차,중형,980388,1825472,127.2812132,36.42658619
2015,2015-05-03 2:50,야,일,1,3,1,1,0,전남,나주시,차량단독,공작물충돌,공작물충돌,운전자법규위반,안전운전 의무 불이행,단일로,기타단일로,승용차,소형,없음,없음,930717,1677622,126.73991,35.09134379
2015,2015-05-04 10:00,주,월,1,3,0,2,0,경북,포항시,차대차,기타,기타,운전자법규위반,직진 및 우회전차의 통행방해,교차로,교차로내,승용차,소형,화물차,소형,1171701,1777155,129.4044024,35.97606192
2015,2015-05-05 10:10,주,화,1,3,2,0,0,경남,합천군,차량단독,도로이탈,도로이탈 추락,운전자법규위반,안전운전 의무 불이행,단일로,기타단일로,화물차,소형,없음,없음,1071294,1729370,128.2866573,35.55776916
2015,2015-05-06 23:15,야,수,1,3,2,0,0,경기,안산시,차량단독,공작물충돌,공작물충돌,운전자법규위반,안전운전 의무 불이행,단일로,기타단일로,승용차,중형,없음,없음,942257,1922919,126.8484331,37.30344196
2015,2015-05-09 4:20,야,토,1,3,1,1,0,전남,순천시,차량단독,전도전복,전도전복,운전자법규위반,안전운전 의무 불이행,단일로,기타단일로,승합차,소형,없음,없음,997591,1654874,127.4736362,34.88859424
2015,2015-05-10 23:40,야,일,1,3,2,0,0,경기,김포시,차대사람,횡단중,횡단중,운전자법규위반,안전운전 의무 불이행,교차로,교차로부근,승용차,중형,보행자,보행자,921850,1965406,126.6136702,37.68486867
2015,2015-05-11 13:50,주,월,1,3,0,2,0,광주,동구,차대차,측면충돌,측면충돌,운전자법규위반,안전운전 의무 불이행,교차로,교차로내,승용차,대형,승용차,중형,947551,1684222,126.9241642,35.15187172
2015,2015-05-11 14:30,주,월,1,3,1,1,0,강원,횡성군,차대차,추돌,진행중 추돌,운전자법규위반,안전운전 의무 불이행,단일로,기타단일로,화물차,소형,화물차,대형,1066072.2,1946361.6,128.2476428,37.51417631
2015,2015-05-16 0:45,야,토,1,3,2,0,0,대구,달성군,차대차,측면충돌,측면충돌,운전자법규위반,안전운전 의무 불이행,교차로,교차로내,화물차,소형,승용차,대형,1086234,1748586,128.4535427,35.72981768
2015,2015-05-16 10:10,주,토,1,3,2,0,0,광주,광산구,차대차,측면충돌,측면충돌,운전자법규위반,교차로 통행방법 위반,교차로,교차로내,화물차,중형,화물차,소형,935323,1689158,126.7895346,35.19566474
2015,2015-05-19 14:00,주,화,1,3,2,0,0,경기,양주시,차대차,측면충돌,측면충돌,운전자법규위반,교차로 통행방법 위반,교차로,교차로내,승용차,중형,승용차,중형,955216,1977354,126.991332,37.79479223
2015,2015-05-20 6:00,주,수,1,3,2,0,0,충남,아산시,차대차,추돌,주정차중 추돌,운전자법규위반,안전운전 의무 불이행,단일로,기타단일로,화물차,소형,건설기계,건설기계,953826,1850772,126.9833866,36.65374904
2015,2015-05-20 18:40,야,수,1,3,1,1,0,경기,평택시,차대차,기타,기타,운전자법규위반,직진 및 우회전차의 통행방해,교차로,교차로내,승용차,소형,승용차,대형,960538,1896174,127.0561203,37.06332171
2015,2015-05-20 22:20,야,수,1,3,1,1,0,경북,상주시,차대차,추돌,주정차중 추돌,운전자법규위반,안전운전 의무 불이행,단일로,기타단일로,화물차,대형,화물차,중형,1065525,1817139,128.2302538,36.34943031
2015,2015-05-23 17:45,주,토,1,3,0,2,0,경남,진주시,차대차,추돌,진행중 추돌,운전자법규위반,과속,교차로,교차로내,승용차,중형,승용차,대형,1055934,1689841,128.1144768,35.20234845
2015,2015-05-24 3:10,야,일,1,3,0,2,0,대구,달서구,차대사람,차도통행중,차도통행중,운전자법규위반,안전운전 의무 불이행,단일로,기타단일로,승용차,중형,보행자,보행자,1094595,1759288,128.5472468,35.82552565
2015,2015-05-24 21:49,야,일,1,3,2,0,0,경북,영주시,차대차,정면충돌,정면충돌,운전자법규위반,중앙선 침범,단일로,기타단일로,승용차,대형,승용차,중형,1095013,1879835,128.5666048,36.91207685
2015,2015-05-25 5:33,야,월,1,3,2,0,0,강원,속초시,차량단독,공작물충돌,공작물충돌,운전자법규위반,안전운전 의무 불이행,단일로,기타단일로,이륜차,소형,없음,없음,1097042,2019228,128.6078123,38.16807204
2015,2015-05-25 17:35,주,월,1,3,0,1,1,경남,함양군,차대차,측면충돌,측면충돌,운전자법규위반,안전운전 의무 불이행,단일로,기타단일로,승용차,중형,승합차,대형,1017333,1720770,127.6910759,35.48264092
2015,2015-05-27 0:20,야,수,1,3,1,1,0,전남,나주시,차대차,정면충돌,정면충돌,운전자법규위반,중앙선 침범,단일로,기타단일로,승용차,중형,승용차,중형,924090,1668683,126.6680308,35.01026857
2015,2015-05-30 8:35,주,토,1,3,0,2,0,경북,영덕군,차대사람,기타,기타,운전자법규위반,중앙선 침범,단일로,기타단일로,화물차,소형,보행자,보행자,1159740,1818999,129.2803071,36.35516487
2015,2015-05-31 16:30,주,일,1,3,2,0,0,경남,산청군,차대차,정면충돌,정면충돌,운전자법규위반,중앙선 침범,단일로,교량위,승용차,경형,화물차,소형,1042092,1698604,127.962866,35.28203871
2015,2015-06-04 16:40,주,목,1,3,0,2,0,대구,북구,차대차,측면충돌,측면충돌,운전자법규위반,안전거리 미확보,단일로,기타단일로,승용차,중형,원동기장치자전거,원동기장치자전거,1094654,1767301,128.5488512,35.89775426
2015,2015-06-05 13:56,주,금,1,3,1,1,0,충북,옥천군,차대차,기타,기타,운전자법규위반,신호위반,교차로,교차로내,원동기장치자전거,원동기장치자전거,승용차,중형,1007487,1811542,127.5833893,36.30117311
2015,2015-06-05 14:40,주,금,1,3,2,0,0,강원,동해시,차량단독,전도전복,전도전복,운전자법규위반,안전운전 의무 불이행,단일로,기타단일로,화물차,소형,없음,없음,1133428,1946975,129.0097406,37.5124216
2015,2015-06-06 17:10,주,토,1,3,0,2,0,전북,익산시,차대차,측면충돌,측면충돌,운전자법규위반,안전운전 의무 불이행,단일로,기타단일로,승용차,소형,화물차,중형,950202.2,1774326.2,126.9477254,35.96440329
2015,2015-06-08 23:10,야,월,1,3,1,1,0,경기,김포시,차대차,측면충돌,측면충돌,운전자법규위반,신호위반,교차로,교차로내,승용차,경형,승용차,중형,927254,1961445,126.6753481,37.64961494
2015,2015-06-12 4:00,야,금,1,3,2,0,0,경북,구미시,차대차,기타,기타,운전자법규위반,신호위반,교차로,교차로내,이륜차,소형,승용차,중형,1079691,1790797,128.3854323,36.11090096
2015,2015-06-12 14:40,주,금,1,3,1,0,1,경기,고양시,차량단독,공작물충돌,공작물충돌,운전자법규위반,안전운전 의무 불이행,단일로,기타단일로,승용차,대형,없음,없음,943429,1953390,126.8593198,37.57815507
2015,2015-06-13 6:11,주,토,1,3,1,1,0,경기,안산시,차대차,추돌,진행중 추돌,운전자법규위반,안전거리 미확보,단일로,기타단일로,승용차,중형,건설기계,건설기계,939668,1924511,126.8190915,37.31762673
2015,2015-06-14 5:20,야,일,1,3,2,0,0,경남,진주시,차대사람,보도통행중,보도통행중,운전자법규위반,안전운전 의무 불이행,단일로,기타단일로,승용차,중형,보행자,보행자,1052396,1688406,128.0755197,35.18960049
2015,2015-06-18 1:30,야,목,1,3,1,1,0,전북,김제시,차대차,추돌,주정차중 추돌,운전자법규위반,과속,단일로,기타단일로,승용차,대형,특수차,중형,945444,1756585,126.8961732,35.804201
2015,2015-06-20 3:17,야,토,1,3,1,1,0,경기,안산시,차대사람,보도통행중,보도통행중,운전자법규위반,안전운전 의무 불이행,단일로,기타단일로,승용차,중형,보행자,보행자,944789,1929831,126.8764877,37.36589632
2015,2015-06-20 4:40,야,토,1,3,2,0,0,전남,함평군,차대차,추돌,주정차중 추돌,운전자법규위반,안전운전 의무 불이행,단일로,기타단일로,승용차,소형,승용차,소형,917369,1687936,126.5924552,35.18332959
2015,2015-06-20 23:57,야,토,1,3,1,1,0,경기,하남시,차대차,기타,기타,운전자법규위반,안전운전 의무 불이행,단일로,기타단일로,승용차,대형,승용차,중형,968965,1945772,127.1488363,37.51070612
2015,2015-06-21 14:40,주,일,1,3,1,1,0,경북,경산시,차대차,기타,기타,운전자법규위반,중앙선 침범,단일로,기타단일로,이륜차,중형,승용차,대형,1121146,1755851,128.8406037,35.79162524
2015,2015-06-21 18:45,야,일,1,3,1,0,1,경북,경주시,차대차,기타,기타,운전자법규위반,과속,교차로,교차로내,승용차,대형,승용차,경형,1164339,1751101,129.3174164,35.74254193
2015,2015-06-21 20:55,야,일,1,3,0,2,0,경기,가평군,차대차,추돌,진행중 추돌,운전자법규위반,안전운전 의무 불이행,단일로,기타단일로,화물차,소형,화물차,소형,1001017,1984174,127.5115611,37.85735954
2015,2015-06-21 22:55,야,일,1,3,0,0,2,경기,광명시,차대차,측면충돌,측면충돌,운전자법규위반,신호위반,교차로,교차로내,이륜차,소형,승용차,중형,944824,1940342,126.8760976,37.46063682
2015,2015-06-23 7:10,주,화,1,3,2,0,0,전북,익산시,차대차,측면충돌,측면충돌,운전자법규위반,신호위반,교차로,교차로내,원동기장치자전거,원동기장치자전거,화물차,소형,950366,1784054,126.9489319,36.05211275
2015,2015-06-23 14:55,주,화,1,3,1,1,0,인천,서구,차대차,정면충돌,정면충돌,운전자법규위반,중앙선 침범,단일로,기타단일로,승용차,소형,승용차,중형,929396,1955132,126.7002375,37.59288563
2015,2015-06-23 17:15,주,화,1,3,0,2,0,대전,서구,차대차,측면충돌,측면충돌,운전자법규위반,차로위반(진로변경 위반),단일로,기타단일로,화물차,경형,승합차,중형,986478,1813010,127.3493683,36.31434201
2015,2015-06-24 17:25,주,수,1,3,2,0,0,충북,증평군,차대차,정면충돌,정면충돌,운전자법규위반,중앙선 침범,단일로,기타단일로,승용차,소형,화물차,소형,1010669,1859618,127.6194945,36.73455511
2015,2015-06-24 20:20,야,수,1,3,0,2,0,전북,순창군,차량단독,전도전복,전도전복,운전자법규위반,안전운전 의무 불이행,단일로,기타단일로,화물차,소형,없음,없음,955339,1725116,127.0074329,35.52097302
2015,2015-06-26 9:10,주,금,1,3,1,1,0,경기,안산시,차대차,기타,기타,운전자법규위반,안전운전 의무 불이행,교차로,교차로내,승용차,대형,승용차,중형,940228,1923969,126.825455,37.31277771
2015,2015-06-27 1:50,야,토,1,3,0,2,0,경기,시흥시,차대차,추돌,진행중 추돌,운전자법규위반,안전운전 의무 불이행,단일로,기타단일로,이륜차,대형,승용차,중형,924665,1925292,126.6497033,37.32357044
2015,2015-06-27 2:30,야,토,1,3,1,1,0,경남,창원시(통합),차량단독,도로이탈,도로이탈 기타,운전자법규위반,과속,단일로,기타단일로,화물차,중형,없음,없음,1080292,1681152,128.3811983,35.12235383
2015,2015-06-28 8:10,주,일,1,3,1,1,0,경북,고령군,차대차,측면충돌,측면충돌,운전자법규위반,직진 및 우회전차의 통행방해,교차로,교차로내,농기계,농기계,화물차,소형,1069269,1754928,128.2665153,35.7883343
2015,2015-07-03 16:03,주,금,1,3,1,1,0,강원,강릉시,차대차,측면충돌,측면충돌,운전자법규위반,신호위반,교차로,교차로내,승용차,대형,승합차,중형,1120711,1974049,128.8703608,37.75813368
2015,2015-07-05 9:15,주,일,1,3,2,0,0,충북,음성군,차량단독,공작물충돌,공작물충돌,운전자법규위반,안전운전 의무 불이행,단일로,기타단일로,승용차,중형,없음,없음,1010196,1897853,127.6147117,37.07923176
2015,2015-07-13 22:40,야,월,1,3,0,2,0,서울,광진구,차대차,추돌,진행중 추돌,운전자법규위반,안전운전 의무 불이행,단일로,기타단일로,승합차,대형,승용차,소형,965345,1949523,127.1076996,37.54438656
2015,2015-07-15 23:35,야,수,1,3,0,2,0,인천,부평구,차대차,정면충돌,정면충돌,운전자법규위반,신호위반,교차로,교차로내,승합차,대형,승용차,중형,931190,1945170,126.7214916,37.50323648
2015,2015-07-16 18:10,야,목,1,3,0,2,0,전남,화순군,차대차,기타,기타,운전자법규위반,안전운전 의무 불이행,단일로,기타단일로,승용차,소형,승용차,중형,953360,1659559,126.9893243,34.92977125
2015,2015-07-22 1:04,야,수,1,3,2,0,0,경기,시흥시,차대사람,횡단중,횡단중,운전자법규위반,안전운전 의무 불이행,교차로,교차로내,승용차,중형,보행자,보행자,933440,1926981,126.7485858,37.3394639
2015,2015-07-23 20:45,야,목,1,3,2,0,0,경기,시흥시,차대차,정면충돌,정면충돌,운전자법규위반,안전운전 의무 불이행,단일로,기타단일로,승용차,중형,승용차,경형,935230,1933993,126.7681783,37.40279056
2015,2015-07-24 13:30,주,금,1,3,2,0,0,대구,북구,차대차,측면충돌,측면충돌,운전자법규위반,중앙선 침범,단일로,기타단일로,승용차,중형,승용차,중형,1094852,1774296,128.5518798,35.9607917
2015,2015-07-29 1:20,야,수,1,3,2,0,0,충북,청주시,차대사람,횡단중,횡단중,운전자법규위반,안전운전 의무 불이행,단일로,기타단일로,승용차,경형,보행자,보행자,995567,1848490,127.4504141,36.63428687
2015,2015-07-29 9:47,주,수,1,3,0,2,0,경북,성주군,차대차,기타,기타,운전자법규위반,중앙선 침범,기타/불명,기타/불명,이륜차,소형,승용차,경형,1064683,1772485,128.2171962,35.94693109
2015,2015-07-31 0:30,야,금,1,3,0,2,0,강원,강릉시,차량단독,공작물충돌,공작물충돌,운전자법규위반,안전운전 의무 불이행,단일로,기타단일로,승용차,중형,없음,없음,1104736.9,1983726.5,128.690454,37.84730908
2015,2015-07-31 11:30,주,금,1,3,2,0,0,제주,서귀포시,차대사람,횡단중,횡단중,운전자법규위반,보행자 보호의무 위반,교차로,교차로부근,승용차,중형,보행자,보행자,913485,1473522,126.5712652,33.24954924
2015,2015-08-04 5:35,야,화,1,3,2,0,0,경기,파주시,차대차,정면충돌,정면충돌,운전자법규위반,중앙선 침범,단일로,기타단일로,승용차,소형,승용차,중형,931214,1978189,126.7186511,37.80082521
2015,2015-08-05 15:28,주,수,1,3,2,0,0,충남,논산시,차대차,추돌,주정차중 추돌,운전자법규위반,안전운전 의무 불이행,교차로,교차로부근,화물차,대형,승용차,중형,962656,1799944,127.0846255,36.1959189
2015,2015-08-06 12:55,주,목,1,3,1,1,0,서울,금천구,차대사람,기타,기타,운전자법규위반,기타(운전자법규위반),기타/불명,기타/불명,승용차,중형,보행자,보행자,945642,1940218,126.8853558,37.45956766
2015,2015-08-06 12:55,주,목,1,3,1,1,0,경기,광명시,차대사람,기타,기타,운전자법규위반,기타(운전자법규위반),단일로,기타단일로,승용차,중형,보행자,보행자,945642,1940204,126.8853568,37.45944147
2015,2015-08-11 8:32,주,화,1,3,0,2,0,전남,영광군,차대차,측면충돌,측면충돌,운전자법규위반,중앙선 침범,단일로,기타단일로,화물차,소형,화물차,소형,899234,1692573,126.3927394,35.22347814
2015,2015-08-12 23:05,야,수,1,3,1,1,0,경남,창원시(통합),차량단독,공작물충돌,공작물충돌,운전자법규위반,안전운전 의무 불이행,단일로,기타단일로,승용차,중형,없음,없음,1109025,1688440,128.6974499,35.18535445
2015,2015-08-13 23:40,야,목,1,3,0,2,0,강원,원주시,차대사람,횡단중,횡단중,운전자법규위반,보행자 보호의무 위반,교차로,교차로내,승용차,중형,보행자,보행자,1039261,1926174,127.9431969,37.33374588
2015,2015-08-14 12:24,주,금,1,3,2,0,0,전북,전주시,차량단독,공작물충돌,공작물충돌,운전자법규위반,안전운전 의무 불이행,단일로,기타단일로,승용차,중형,없음,없음,971236,1761058,127.1814727,35.84562471
2015,2015-08-15 14:50,주,토,1,3,2,0,0,전남,영광군,차대차,정면충돌,정면충돌,운전자법규위반,중앙선 침범,단일로,기타단일로,승용차,중형,화물차,소형,908006,1696705,126.4886535,35.26157414
2015,2015-08-18 7:11,주,화,1,3,2,0,0,부산,서구,차대사람,길가장자리구역통행중,길가장자리구역통행중,운전자법규위반,안전운전 의무 불이행,단일로,기타단일로,승용차,중형,보행자,보행자,1138569,1680923,129.0205871,35.11395366
2015,2015-08-18 8:00,주,화,1,3,2,0,0,대전,동구,차대차,추돌,주정차중 추돌,운전자법규위반,안전운전 의무 불이행,단일로,기타단일로,화물차,소형,화물차,소형,996450,1813317,127.4604524,36.31719812
2015,2015-08-19 4:30,야,수,1,3,1,1,0,서울,동작구,차대차,정면충돌,정면충돌,운전자법규위반,중앙선 침범,단일로,기타단일로,이륜차,소형,승합차,대형,950346.3,1945159,126.9382131,37.50436686
2015,2015-08-21 5:55,야,금,1,3,0,0,2,서울,송파구,차대차,추돌,주정차중 추돌,운전자법규위반,안전운전 의무 불이행,단일로,기타단일로,승용차,대형,화물차,경형,967931,1943482,127.1372366,37.49002988
2015,2015-08-22 2:30,야,토,1,3,1,0,1,부산,기장군,차대차,정면충돌,정면충돌,운전자법규위반,중앙선 침범,단일로,기타단일로,원동기장치자전거,원동기장치자전거,승용차,중형,1155878,1694099,129.2129459,35.23017996
2015,2015-08-23 1:35,야,일,1,3,1,1,0,강원,원주시,차대차,측면충돌,측면충돌,운전자법규위반,교차로 통행방법 위반,교차로,교차로내,이륜차,소형,승용차,경형,1032891,1926565,127.8713082,37.33751775
2015,2015-08-23 5:50,야,일,1,3,2,0,0,경기,남양주시,차량단독,공작물충돌,공작물충돌,운전자법규위반,안전운전 의무 불이행,단일로,기타단일로,화물차,중형,없음,없음,970625,1954985,127.1672501,37.59380124
2015,2015-08-27 20:25,야,목,1,3,2,0,0,전남,화순군,차대차,추돌,주정차중 추돌,운전자법규위반,안전운전 의무 불이행,단일로,기타단일로,화물차,소형,화물차,소형,954654,1671791,127.0028259,35.04012744
2015,2015-08-28 11:30,주,금,1,3,2,0,0,경기,김포시,차대차,추돌,진행중 추돌,운전자법규위반,안전거리 미확보,단일로,지하차도(도로)내,화물차,소형,화물차,소형,929399,1961462,126.6996601,37.64993562
2015,2015-09-02 2:13,야,수,1,3,0,2,0,인천,남구,차대차,정면충돌,정면충돌,운전자법규위반,신호위반,교차로,교차로내,이륜차,소형,승용차,중형,928311,1940164,126.6894094,37.4578993
2015,2015-09-04 16:40,주,금,1,3,0,2,0,경기,안성시,차대차,측면충돌,측면충돌,운전자법규위반,안전거리 미확보,단일로,기타단일로,특수차,소형,승합차,소형,967843,1893502,127.1384017,37.03951485
2015,2015-09-06 2:15,야,일,1,3,1,1,0,서울,마포구,차대사람,횡단중,횡단중,운전자법규위반,안전운전 의무 불이행,단일로,기타단일로,원동기장치자전거,원동기장치자전거,보행자,보행자,952505,1950379,126.9622982,37.55152953