발생년,발생년월일시분,주야,요일,사망자수,사상자수,중상자수,경상자수,부상신고자수,발생지시도,발생지시군구,사고유형_대분류,사고유형_중분류,사고유형,법규위반_대분류,법규위반,도로형태_대분류,도로형태,가해자_당사자종별_대분류,가해자_당사자종별,피해자_당사자종별_대분류,피해자_당사자종별,발생위치X_UTMK,발생위치Y_UTMK,경도,위도
2015,2015-09-09 2:15,야,수,1,3,1,0,1,경북,칠곡군,차대차,추돌,주정차중 추돌,운전자법규위반,안전운전 의무 불이행,단일로,기타단일로,화물차,대형,화물차,대형,1083615,1777489,128.4276173,35.99060345
2015,2015-09-09 9:45,주,수,1,3,2,0,0,충북,단양군,차대사람,길가장자리구역통행중,길가장자리구역통행중,정비불량,정비불량 제차의 운전금지위반,단일로,기타단일로,화물차,소형,보행자,보행자,1067999,1899222,128.2651273,37.08915956
2015,2015-09-10 13:30,주,목,1,3,0,1,1,광주,광산구,차대차,추돌,진행중 추돌,운전자법규위반,과속,단일로,기타단일로,승용차,중형,승용차,중형,931048,1684584,126.7429604,35.15413916
2015,2015-09-10 14:02,주,목,1,3,2,0,0,전남,여수시,차대사람,보도통행중,보도통행중,운전자법규위반,안전운전 의무 불이행,단일로,기타단일로,승용차,중형,보행자,보행자,1022054,1638828,127.7409341,34.74366054
2015,2015-09-12 8:40,주,토,1,3,1,1,0,전북,정읍시,차량단독,공작물충돌,공작물충돌,운전자법규위반,안전운전 의무 불이행,단일로,기타단일로,승용차,경형,없음,없음,939169,1729907,126.8287433,35.56330869
2015,2015-09-12 22:55,야,토,1,3,2,0,0,전북,완주군,차량단독,공작물충돌,공작물충돌,운전자법규위반,안전운전 의무 불이행,단일로,기타단일로,승용차,중형,없음,없음,958599,1758673,127.04166,35.82366938
2015,2015-09-15 2:06,야,화,1,3,1,0,1,부산,수영구,차대차,정면충돌,정면충돌,운전자법규위반,중앙선 침범,단일로,터널안,이륜차,중형,승용차,대형,1145730,1685436,129.0999376,35.15362151
2015,2015-09-15 2:30,야,화,1,3,2,0,0,경기,파주시,차량단독,공작물충돌,공작물충돌,운전자법규위반,안전운전 의무 불이행,교차로,교차로내,승용차,중형,없음,없음,941066,1974856,126.8308246,37.77147523
2015,2015-09-15 19:50,야,화,1,3,2,0,0,강원,평창군,차량단독,전도전복,전도전복,운전자법규위반,안전운전 의무 불이행,단일로,기타단일로,화물차,소형,없음,없음,1090558,1924480,128.5219948,37.31489293
2015,2015-09-15 20:40,야,화,1,3,0,2,0,전북,익산시,차대차,추돌,진행중 추돌,운전자법규위반,안전운전 의무 불이행,교차로,교차로부근,승용차,중형,승용차,중형,950266,1774341,126.948432,35.96453997
2015,2015-09-19 3:45,야,토,1,3,0,2,0,경기,파주시,차대차,추돌,주정차중 추돌,운전자법규위반,안전운전 의무 불이행,교차로,교차로부근,승용차,중형,화물차,대형,934764,1968834,126.7598135,37.71677367
2015,2015-09-19 11:37,주,토,1,3,1,1,0,충남,청양군,차대차,추돌,진행중 추돌,운전자법규위반,차로위반(진로변경 위반),단일로,기타단일로,농기계,농기계,원동기장치자전거,원동기장치자전거,936591,1827548,126.7924766,36.44340566
2015,2015-09-19 17:50,주,토,1,3,2,0,0,전남,해남군,차량단독,도로이탈,도로이탈 추락,운전자법규위반,안전운전 의무 불이행,단일로,기타단일로,승용차,소형,없음,없음,891306,1624809,126.3144579,34.61171598
2015,2015-09-19 19:40,야,토,1,3,1,0,1,강원,횡성군,차량단독,공작물충돌,공작물충돌,운전자법규위반,안전운전 의무 불이행,단일로,기타단일로,승용차,중형,없음,없음,1053591.6,1940951.3,128.106032,37.4662218
2015,2015-09-21 2:51,야,월,1,3,2,0,0,서울,송파구,차대차,측면충돌,측면충돌,운전자법규위반,신호위반,교차로,교차로내,승용차,중형,화물차,중형,965542,1944821,127.1101502,37.50201284
2015,2015-09-24 11:37,주,목,1,3,1,1,0,서울,서초구,차대사람,기타,기타,운전자법규위반,기타(운전자법규위반),단일로,기타단일로,승용차,중형,보행자,보행자,957276,1942891,127.0167454,37.48427142
2015,2015-09-26 12:55,주,토,1,3,1,1,0,경남,창녕군,차량단독,도로이탈,도로이탈 추락,운전자법규위반,안전운전 의무 불이행,단일로,기타단일로,승용차,중형,없음,없음,1090321,1726246,128.4962272,35.52805304
2015,2015-09-28 6:50,주,월,1,3,0,2,0,경북,구미시,차대차,정면충돌,정면충돌,운전자법규위반,중앙선 침범,교차로,교차로부근,승용차,중형,승합차,대형,1076695,1791889,128.352254,36.12098646
2015,2015-09-30 21:20,야,수,1,3,0,1,1,경북,경산시,차대차,추돌,진행중 추돌,운전자법규위반,과속,단일로,기타단일로,화물차,소형,농기계,농기계,1114277,1762230,128.7655208,35.84994901
2015,2015-10-02 15:32,주,금,1,3,1,1,0,경기,남양주시,차대차,추돌,진행중 추돌,운전자법규위반,신호위반,교차로,교차로내,화물차,소형,화물차,소형,971393,1966149,127.1755122,37.69444994
2015,2015-10-05 16:15,주,월,1,3,2,0,0,경북,예천군,차량단독,도로이탈,도로이탈 기타,운전자법규위반,안전운전 의무 불이행,단일로,기타단일로,승용차,경형,없음,없음,1081608,1841950,128.4120907,36.57184965
2015,2015-10-06 3:05,야,화,1,3,2,0,0,서울,중랑구,차대차,측면충돌,측면충돌,운전자법규위반,신호위반,교차로,교차로내,이륜차,중형,승용차,대형,964456,1954646,127.0973877,37.59052804
2015,2015-10-06 12:55,주,화,1,3,0,2,0,경기,남양주시,차대차,기타,기타,운전자법규위반,안전운전 의무 불이행,단일로,기타단일로,원동기장치자전거,원동기장치자전거,승용차,소형,973043,1955494,127.1946212,37.5984631
2015,2015-10-12 3:55,야,월,1,3,0,2,0,경기,안산시,차대차,추돌,진행중 추돌,운전자법규위반,안전운전 의무 불이행,교차로,교차로부근,승용차,중형,승용차,중형,940247,1924458,126.82563,37.31718644
2015,2015-10-12 10:15,주,월,1,3,0,2,0,경기,양주시,차대차,추돌,진행중 추돌,운전자법규위반,안전운전 의무 불이행,단일로,기타단일로,승용차,중형,화물차,대형,958820,1987986,127.0316602,37.89078637
2015,2015-10-12 17:15,주,월,1,3,0,2,0,광주,서구,차대사람,횡단중,횡단중,운전자법규위반,보행자 보호의무 위반,단일로,횡단보도상,승용차,중형,보행자,보행자,940971,1683846,126.8519533,35.14811661
2015,2015-10-12 23:00,야,월,1,3,1,1,0,경기,평택시,차대차,기타,기타,운전자법규위반,안전운전 의무 불이행,교차로,교차로부근,승용차,중형,승용차,중형,960931,1894164,127.0606453,37.04521986
2015,2015-10-16 13:25,주,금,1,3,1,1,0,전남,무안군,차대차,추돌,진행중 추돌,운전자법규위반,안전운전 의무 불이행,단일로,기타단일로,승용차,소형,원동기장치자전거,원동기장치자전거,909363,1653122,126.5083339,34.8687543
2015,2015-10-16 15:23,주,금,1,3,1,1,0,경기,용인시,차대차,기타,기타,운전자법규위반,안전운전 의무 불이행,단일로,기타단일로,화물차,소형,승합차,대형,964868,1921273,127.1036441,37.28973496
2015,2015-10-16 16:05,주,금,1,3,0,2,0,충북,진천군,차대차,정면충돌,정면충돌,운전자법규위반,교차로 통행방법 위반,교차로,교차로내,승용차,중형,승용차,경형,1001525,1867567,127.5170962,36.80627235
2015,2015-10-16 18:35,야,금,1,3,2,0,0,경북,영천시,차대사람,횡단중,횡단중,운전자법규위반,보행자 보호의무 위반,교차로,교차로내,승합차,대형,보행자,보행자,1129464,1775711,128.9358535,35.96956784
2015,2015-10-17 19:30,야,토,1,3,1,1,0,충남,부여군,차량단독,전도전복,전도전복,운전자법규위반,안전거리 미확보,단일로,기타단일로,승용차,대형,없음,없음,947983,1810726,126.9207084,36.29244227
2015,2015-10-23 0:45,야,금,1,3,1,1,0,경기,성남시,차대차,측면충돌,측면충돌,운전자법규위반,신호위반,교차로,교차로내,승용차,중형,승용차,대형,971100,1935999,127.1733771,37.42268585
2015,2015-10-24 4:05,야,토,1,3,0,2,0,광주,남구,차대차,정면충돌,정면충돌,운전자법규위반,중앙선 침범,단일로,교량위,승용차,중형,화물차,소형,945325.1,1682289,126.8998552,35.13432377
2015,2015-10-26 18:10,야,월,1,3,0,2,0,충남,서산시,차대차,정면충돌,정면충돌,운전자법규위반,중앙선 침범,단일로,기타단일로,이륜차,중형,승용차,중형,915645,1860574,126.5551621,36.73948246
2015,2015-10-28 12:35,주,수,1,3,0,2,0,경기,용인시,차대차,정면충돌,정면충돌,운전자법규위반,중앙선 침범,단일로,기타단일로,원동기장치자전거,원동기장치자전거,화물차,중형,964914,1918209,127.1043077,37.26211844
2015,2015-10-29 9:40,주,목,1,3,0,2,0,전남,영광군,차대차,측면충돌,측면충돌,운전자법규위반,중앙선 침범,단일로,기타단일로,승용차,중형,승용차,대형,910614,1698303,126.517147,35.27621747
2015,2015-10-31 0:01,야,토,1,3,1,1,0,충남,논산시,차대차,기타,기타,운전자법규위반,안전운전 의무 불이행,단일로,기타단일로,승용차,중형,화물차,대형,968123.7,1792857.6,127.1457288,36.13222689
2015,2015-11-04 0:15,야,수,1,3,1,1,0,경기,의왕시,차대차,추돌,진행중 추돌,운전자법규위반,안전운전 의무 불이행,단일로,기타단일로,승합차,중형,화물차,소형,956451,1932361,127.0080357,37.38932147
2015,2015-11-09 17:55,주,월,1,3,0,2,0,충북,괴산군,차대차,추돌,주정차중 추돌,운전자법규위반,안전운전 의무 불이행,단일로,기타단일로,승용차,중형,화물차,소형,1040475,1872662,127.9540139,36.85133642
2015,2015-11-10 18:22,야,화,1,3,0,1,1,경북,경주시,차대차,추돌,진행중 추돌,운전자법규위반,안전운전 의무 불이행,단일로,기타단일로,승용차,소형,농기계,농기계,1134173,1752630,128.9841797,35.76090013
2015,2015-11-16 12:10,주,월,1,3,2,0,0,강원,인제군,차대차,정면충돌,정면충돌,운전자법규위반,안전운전 의무 불이행,교차로,교차로내,화물차,소형,승용차,중형,1069669,1992142,128.292724,37.92650613
2015,2015-11-16 16:55,주,월,1,3,0,2,0,경북,영덕군,차대차,정면충돌,정면충돌,운전자법규위반,중앙선 침범,단일로,기타단일로,화물차,소형,승합차,중형,1159122,1829107,129.2754938,36.4463505
2015,2015-11-18 23:00,야,수,1,3,2,0,0,전남,완도군,차량단독,공작물충돌,공작물충돌,운전자법규위반,안전운전 의무 불이행,단일로,기타단일로,승용차,중형,없음,없음,953031,1590686,126.989539,34.30868379
2015,2015-11-26 5:45,야,목,1,3,1,1,0,울산,북구,차대차,측면충돌,측면충돌,운전자법규위반,신호위반,교차로,교차로내,승용차,경형,화물차,소형,1168700,1731106,129.3614352,35.56161519
2015,2015-11-29 12:40,주,일,1,3,1,0,1,경남,함양군,차량단독,전도전복,전도전복,운전자법규위반,안전운전 의무 불이행,단일로,기타단일로,승용차,경형,없음,없음,1029644,1741314,127.8275417,35.66758338
2015,2015-11-29 19:30,야,일,1,3,0,2,0,울산,북구,차대사람,기타,기타,운전자법규위반,안전운전 의무 불이행,단일로,기타단일로,승용차,소형,보행자,보행자,1167767,1737110,129.3523917,35.61588076
2015,2015-12-01 9:30,주,화,1,3,0,2,0,충남,당진시,차대차,추돌,진행중 추돌,운전자법규위반,안전운전 의무 불이행,단일로,기타단일로,승용차,대형,화물차,소형,919256,1881459,126.5933842,36.92804475
2015,2015-12-01 16:50,주,화,1,3,0,2,0,전남,고흥군,차량단독,전도전복,전도전복,운전자법규위반,안전운전 의무 불이행,단일로,기타단일로,화물차,소형,없음,없음,984937,1631211,127.3355764,34.67509882
2015,2015-12-02 6:30,주,수,1,3,0,2,0,경기,성남시,차대차,추돌,주정차중 추돌,운전자법규위반,안전운전 의무 불이행,교차로,교차로부근,승용차,중형,승용차,중형,964131,1933506,127.0947374,37.39997115
2015,2015-12-02 8:08,주,수,1,3,0,2,0,전남,해남군,차대차,정면충돌,정면충돌,운전자법규위반,중앙선 침범,단일로,기타단일로,승용차,중형,승합차,소형,915426,1601905,126.5797772,34.40746346
2015,2015-12-06 8:40,주,일,1,3,2,0,0,경남,함안군,차대차,정면충돌,정면충돌,운전자법규위반,신호위반,교차로,교차로내,승용차,대형,승용차,중형,1084336,1694441,128.4269353,35.24183653
2015,2015-12-06 21:40,야,일,1,3,2,0,0,경기,고양시,차대차,정면충돌,정면충돌,운전자법규위반,신호위반,교차로,교차로내,승용차,경형,승용차,경형,940875,1960837,126.8297948,37.64511345
2015,2015-12-09 22:19,야,수,1,3,2,0,0,충남,논산시,차대차,정면충돌,정면충돌,운전자법규위반,중앙선 침범,단일로,기타단일로,승용차,경형,승용차,경형,963858.9,1791006.7,127.098416,36.11539047
2015,2015-12-10 7:50,주,목,1,3,0,2,0,경기,화성시,차대차,정면충돌,정면충돌,운전자법규위반,중앙선 침범,단일로,기타단일로,승용차,소형,화물차,소형,950117,1897499,126.9388186,37.0747686
2015,2015-12-10 22:56,야,목,1,3,2,0,0,대구,북구,차대사람,횡단중,횡단중,운전자법규위반,안전운전 의무 불이행,단일로,횡단보도상,승용차,대형,보행자,보행자,1099863,1765813,128.6063755,35.88382286
2015,2015-12-13 20:44,야,일,1,3,1,1,0,인천,부평구,차대차,추돌,진행중 추돌,운전자법규위반,신호위반,교차로,교차로내,이륜차,중형,이륜차,소형,929600,1945786,126.7034451,37.50866844
2015,2015-12-16 17:45,주,수,1,3,2,0,0,강원,홍천군,차대차,추돌,주정차중 추돌,운전자법규위반,안전운전 의무 불이행,단일로,기타단일로,화물차,소형,화물차,소형,1034254,1966172,127.8885413,37.6944636
2015,2015-12-18 10:50,주,금,1,3,1,1,0,경기,양주시,차대차,정면충돌,정면충돌,운전자법규위반,중앙선 침범,단일로,기타단일로,승용차,중형,승용차,중형,957740,1988234,127.0193633,37.89297202
2015,2015-12-22 6:40,주,화,1,3,2,0,0,경북,칠곡군,차대차,정면충돌,정면충돌,운전자법규위반,중앙선 침범,단일로,기타단일로,승용차,중형,화물차,소형,1097835,1777047,128.5852946,35.98529573
2015,2015-12-23 19:30,야,수,1,3,1,1,0,충북,옥천군,차대차,기타,기타,운전자법규위반,안전운전 의무 불이행,단일로,기타단일로,화물차,대형,화물차,대형,1008989,1810960,127.6001117,36.29591326
2015,2015-12-25 5:10,야,금,1,3,0,2,0,경북,김천시,차대차,추돌,진행중 추돌,운전자법규위반,안전운전 의무 불이행,단일로,기타단일로,화물차,소형,화물차,중형,1045124,1800206,128.0019232,36.19794934
2015,2015-12-25 17:55,주,금,1,3,2,0,0,경남,함안군,차대차,정면충돌,정면충돌,운전자법규위반,안전운전 의무 불이행,단일로,기타단일로,승합차,소형,농기계,농기계,1081686,1700518,128.3984171,35.29684589
2015,2015-12-25 18:30,야,금,1,3,1,1,0,경북,청송군,차대차,정면충돌,정면충돌,운전자법규위반,교차로 통행방법 위반,교차로,교차로내,승용차,경형,승용차,경형,1139776,1838447,129.0613961,36.53353648
2015,2015-12-26 17:50,주,토,1,3,1,0,1,경기,안성시,차대차,기타,기타,운전자법규위반,안전운전 의무 불이행,단일로,기타단일로,화물차,소형,승합차,대형,969289,1888286,127.154874,36.99254501
2015,2015-01-03 6:43,주,토,2,2,0,0,0,인천,부평구,차대사람,횡단중,횡단중,운전자법규위반,과속,단일로,횡단보도상,승용차,중형,보행자,보행자,928772,1941617,126.694481,37.47103057
2015,2015-01-15 21:10,야,목,2,2,0,0,0,광주,북구,차대사람,횡단중,횡단중,운전자법규위반,과속,단일로,기타단일로,승용차,중형,보행자,보행자,943677.6,1686835.6,126.881462,35.17522813
2015,2015-01-22 22:00,야,목,2,2,0,0,0,경기,광명시,차대사람,횡단중,횡단중,운전자법규위반,안전운전 의무 불이행,단일로,기타단일로,이륜차,중형,보행자,보행자,943014,1942695,126.8554501,37.48173492
2015,2015-02-06 22:20,야,금,2,2,0,0,0,울산,중구,차대사람,차도통행중,차도통행중,운전자법규위반,안전운전 의무 불이행,단일로,기타단일로,이륜차,대형,보행자,보행자,1165469,1730460,129.3256687,35.55633852
2015,2015-02-10 19:00,야,화,2,2,0,0,0,경남,창원시(통합),차량단독,공작물충돌,공작물충돌,운전자법규위반,안전운전 의무 불이행,단일로,기타단일로,승용차,중형,없음,없음,1099378,1689901,128.5916886,35.19952731
2015,2015-02-16 14:38,주,월,2,2,0,0,0,경기,의정부시,차대차,정면충돌,정면충돌,운전자법규위반,중앙선 침범,단일로,기타단일로,승합차,소형,화물차,소형,962080,1971107,127.0696192,37.73879881
2015,2015-03-14 23:37,야,토,2,2,0,0,0,인천,서구,차대사람,횡단중,횡단중,운전자법규위반,안전운전 의무 불이행,교차로,교차로부근,승용차,중형,보행자,보행자,926460,1945230,126.6679759,37.50341246
2015,2015-03-25 23:40,야,수,2,2,0,0,0,서울,동작구,차대차,추돌,주정차중 추돌,운전자법규위반,안전운전 의무 불이행,단일로,기타단일로,승용차,중형,화물차,중형,950304,1946493,126.9376444,37.51638821
2015,2015-04-05 10:00,주,일,2,2,0,0,0,강원,정선군,차대차,추돌,진행중 추돌,운전자법규위반,안전운전 의무 불이행,기타/불명,기타/불명,승용차,소형,화물차,소형,1113395,1916486,128.7784505,37.24034676
2015,2015-04-07 1:05,야,화,2,2,0,0,0,경기,시흥시,차대차,추돌,주정차중 추돌,운전자법규위반,안전운전 의무 불이행,단일로,기타단일로,승용차,중형,화물차,중형,936853,1929102,126.7869325,37.35881933
2015,2015-04-17 14:35,주,금,2,2,0,0,0,제주,제주시,차대차,측면충돌,측면충돌,운전자법규위반,중앙선 침범,단일로,기타단일로,화물차,대형,이륜차,소형,880397,1478376,126.215493,33.29016193
2015,2015-04-26 6:05,주,일,2,2,0,0,0,경기,안산시,차대차,측면충돌,측면충돌,운전자법규위반,안전운전 의무 불이행,교차로,교차로내,원동기장치자전거,원동기장치자전거,승합차,대형,940459,1924911,126.8279861,37.32128309
2015,2015-04-27 22:15,야,월,2,2,0,0,0,강원,춘천시,차대차,추돌,진행중 추돌,운전자법규위반,과속,단일로,기타단일로,승용차,중형,승용차,중형,1024240,1991744,127.7758105,37.92526582
2015,2015-05-09 11:05,주,토,2,2,0,0,0,경기,용인시,차대사람,차도통행중,차도통행중,운전자법규위반,안전운전 의무 불이행,단일로,기타단일로,승용차,대형,보행자,보행자,965171,1917424,127.1072427,37.25505224
2015,2015-05-16 10:10,주,토,2,2,0,0,0,경북,구미시,차대차,기타,기타,운전자법규위반,중앙선 침범,단일로,기타단일로,원동기장치자전거,원동기장치자전거,승용차,중형,1076727,1792136,128.3526336,36.12321058
2015,2015-05-16 16:00,주,토,2,2,0,0,0,충남,당진시,차대차,정면충돌,정면충돌,운전자법규위반,중앙선 침범,단일로,기타단일로,이륜차,대형,화물차,중형,920908,1890582,126.6109755,37.01041403
2015,2015-05-22 17:36,주,금,2,2,0,0,0,경기,이천시,차대차,측면충돌,측면충돌,운전자법규위반,교차로 통행방법 위반,교차로,교차로내,이륜차,소형,승용차,중형,991142,1922436,127.40005,37.30083964
2015,2015-05-25 23:00,야,월,2,2,0,0,0,대전,유성구,차량단독,전도전복,전도전복,운전자법규위반,안전운전 의무 불이행,단일로,기타단일로,원동기장치자전거,원동기장치자전거,없음,없음,989361,1819657,127.3813933,36.37430356
2015,2015-05-27 12:50,주,수,2,2,0,0,0,전남,해남군,차량단독,공작물충돌,공작물충돌,운전자법규위반,안전운전 의무 불이행,단일로,기타단일로,승용차,경형,없음,없음,923556,1608777,126.6676142,34.4700639
2015,2015-06-04 12:45,주,목,2,2,0,0,0,경남,양산시,차대차,측면충돌,측면충돌,운전자법규위반,중앙선 침범,단일로,기타단일로,화물차,소형,승용차,대형,1142154,1706014,129.0642498,35.33961768
2015,2015-06-07 15:00,주,일,2,2,0,0,0,충남,논산시,차량단독,전도전복,전도전복,운전자법규위반,안전운전 의무 불이행,단일로,기타단일로,이륜차,사발이,없음,없음,958183,1800157,127.0348627,36.19765618
2015,2015-06-08 10:30,주,월,2,2,0,0,0,경기,구리시,차대사람,횡단중,횡단중,운전자법규위반,과속,단일로,기타단일로,화물차,중형,보행자,보행자,967420,1955174,127.1309372,37.59539683
2015,2015-06-10 1:15,야,수,2,2,0,0,0,대전,유성구,차대차,추돌,진행중 추돌,운전자법규위반,안전운전 의무 불이행,단일로,지하차도(도로)내,승용차,소형,원동기장치자전거,원동기장치자전거,983958.3,1820713.7,127.3211408,36.38375508
2015,2015-06-23 0:20,야,화,2,2,0,0,0,부산,북구,차량단독,공작물충돌,공작물충돌,운전자법규위반,안전운전 의무 불이행,단일로,기타단일로,이륜차,소형,없음,없음,1138992,1691780,129.027056,35.21176025
2015,2015-06-25 14:00,주,목,2,2,0,0,0,경북,성주군,차대차,기타,기타,운전자법규위반,과속,기타/불명,기타/불명,화물차,소형,이륜차,소형,1068888,1777554,128.2642574,35.99234144
2015,2015-06-28 2:31,야,일,2,2,0,0,0,부산,수영구,차대차,정면충돌,정면충돌,운전자법규위반,중앙선 침범,단일로,기타단일로,원동기장치자전거,원동기장치자전거,승용차,중형,1146789,1684627,129.1114162,35.14617541
2015,2015-07-05 18:10,야,일,2,2,0,0,0,경남,창녕군,차량단독,공작물충돌,공작물충돌,운전자법규위반,안전운전 의무 불이행,단일로,기타단일로,원동기장치자전거,원동기장치자전거,없음,없음,1093873,1722485,128.5349644,35.49381692
2015,2015-07-09 2:00,야,목,2,2,0,0,0,경기,화성시,차량단독,공작물충돌,공작물충돌,운전자법규위반,안전운전 의무 불이행,단일로,기타단일로,승용차,중형,없음,없음,934806,1894931,126.7668047,37.0506817
2015,2015-07-11 11:20,주,토,2,2,0,0,0,경북,울진군,차대사람,기타,기타,운전자법규위반,안전운전 의무 불이행,단일로,기타단일로,건설기계,건설기계,보행자,보행자,1174516,1863295,129.4549339,36.75169973
2015,2015-07-17 23:28,야,금,2,2,0,0,0,울산,남구,차대사람,기타,기타,운전자법규위반,과속,단일로,기타단일로,승용차,중형,보행자,보행자,1165095,1727318,129.3209037,35.52808501
2015,2015-07-29 20:25,야,수,2,2,0,0,0,경북,칠곡군,차량단독,공작물충돌,공작물충돌,운전자법규위반,안전운전 의무 불이행,단일로,기타단일로,승용차,중형,없음,없음,1089646,1768724,128.4935261,35.91105402
2015,2015-08-09 5:10,야,일,2,2,0,0,0,제주,서귀포시,차대차,추돌,진행중 추돌,운전자법규위반,안전운전 의무 불이행,단일로,기타단일로,승합차,소형,농기계,농기계,918473,1475021,126.6246708,33.26345697
2015,2015-08-15 19:35,야,토,2,2,0,0,0,경북,군위군,차량단독,공작물충돌,공작물충돌,운전자법규위반,안전운전 의무 불이행,단일로,기타단일로,화물차,소형,없음,없음,1112362,1796775,128.7492214,36.16155201
2015,2015-08-21 0:58,야,금,2,2,0,0,0,경기,성남시,차대사람,기타,기타,운전자법규위반,안전운전 의무 불이행,단일로,기타단일로,승용차,대형,보행자,보행자,968218,1938321,127.1407058,37.44352093
2015,2015-08-27 21:21,야,목,2,2,0,0,0,강원,원주시,차대사람,횡단중,횡단중,운전자법규위반,보행자 보호의무 위반,단일로,기타단일로,화물차,소형,보행자,보행자,1040745,1927214,127.9600057,37.34305611
2015,2015-08-31 11:40,주,월,2,2,0,0,0,경남,양산시,차대차,추돌,주정차중 추돌,운전자법규위반,안전운전 의무 불이행,단일로,기타단일로,승용차,중형,화물차,중형,1144371,1722328,129.0915264,35.48634326
2015,2015-09-13 2:00,야,일,2,2,0,0,0,경기,가평군,차량단독,공작물충돌,공작물충돌,운전자법규위반,안전운전 의무 불이행,단일로,기타단일로,이륜차,중형,없음,없음,992957,1972635,127.4200482,37.75332969
2015,2015-09-13 14:50,주,일,2,2,0,0,0,경남,합천군,차대사람,길가장자리구역통행중,길가장자리구역통행중,운전자법규위반,안전운전 의무 불이행,단일로,기타단일로,승용차,소형,보행자,보행자,1060267,1735209,128.1654289,35.61114577
2015,2015-09-21 12:50,주,월,2,2,0,0,0,부산,남구,차대차,정면충돌,정면충돌,운전자법규위반,중앙선 침범,단일로,교량위,승용차,중형,특수차,대형,1143520,1681193,129.0749458,35.1156938
2015,2015-09-23 6:00,주,수,2,2,0,0,0,충남,서산시,차대사람,횡단중,횡단중,운전자법규위반,신호위반,단일로,횡단보도상,화물차,소형,보행자,보행자,905466,1882183,126.4384782,36.93328752
2015,2015-09-24 2:33,야,목,2,2,0,0,0,울산,울주군,차대차,정면충돌,정면충돌,운전자법규위반,중앙선 침범,단일로,기타단일로,승용차,경형,승용차,소형,1161916,1715305,129.2834633,35.42034388
2015,2015-09-30 0:10,야,수,2,2,0,0,0,경남,밀양시,차대차,추돌,주정차중 추돌,운전자법규위반,안전운전 의무 불이행,단일로,기타단일로,승합차,대형,승용차,중형,1116821,1723371,128.7880457,35.49936861
2015,2015-10-19 18:25,야,월,2,2,0,0,0,전북,군산시,차대차,기타,기타,운전자법규위반,중앙선 침범,교차로,교차로내,승용차,중형,이륜차,중형,924035,1772954,126.6576769,35.95034655
2015,2015-11-06 4:00,야,금,2,2,0,0,0,대전,서구,차량단독,공작물충돌,공작물충돌,운전자법규위반,안전운전 의무 불이행,교차로,교차로내,이륜차,중형,없음,없음,991197,1816385,127.4018986,36.34482378
2015,2015-11-16 19:15,야,월,2,2,0,0,0,강원,홍천군,차량단독,전도전복,전도전복,운전자법규위반,안전운전 의무 불이행,단일로,기타단일로,화물차,소형,없음,없음,1029592,1969342,127.8357903,37.72319779
2015,2015-11-27 2:43,야,금,2,2,0,0,0,서울,광진구,차량단독,공작물충돌,공작물충돌,운전자법규위반,안전운전 의무 불이행,단일로,기타단일로,승용차,중형,없음,없음,963127,1950825,127.0825266,37.55603586
2015,2015-11-28 0:10,야,토,2,2,0,0,0,경북,경산시,차량단독,전도전복,전도전복,운전자법규위반,안전운전 의무 불이행,단일로,기타단일로,승용차,경형,없음,없음,1114925,1758231,128.7721197,35.81382637
2015,2015-12-01 17:40,주,화,2,2,0,0,0,울산,남구,차대사람,횡단중,횡단중,운전자법규위반,보행자 보호의무 위반,단일로,횡단보도상,승용차,대형,보행자,보행자,1163948,1728288,129.3084548,35.53701709
2015,2015-12-15 14:54,주,화,2,2,0,0,0,서울,성북구,차량단독,공작물충돌,공작물충돌,운전자법규위반,안전운전 의무 불이행,단일로,기타단일로,승용차,중형,없음,없음,961397,1957253,127.0626013,37.61390231
2015,2015-12-30 14:15,주,수,2,2,0,0,0,충북,음성군,차량단독,기타,기타,운전자법규위반,안전운전 의무 불이행,단일로,기타단일로,화물차,소형,없음,없음,1013700,1889732,127.653986,37.00598169
2015,2015-01-03 16:50,주,토,1,2,0,1,0,경기,성남시,차량단독,전도전복,전도전복,운전자법규위반,안전운전 의무 불이행,단일로,기타단일로,승용차,중형,없음,없음,968953,1929945,127.1493668,37.36804763
2015,2015-01-03 17:25,주,토,1,2,0,1,0,전남,장흥군,차대차,정면충돌,정면충돌,운전자법규위반,중앙선 침범,단일로,기타단일로,승용차,경형,승용차,중형,949356,1616350,126.9480816,34.53994564
2015,2015-01-04 12:58,주,일,1,2,1,0,0,세종,세종,차대차,추돌,주정차중 추돌,운전자법규위반,안전운전 의무 불이행,단일로,기타단일로,이륜차,중형,승용차,중형,981784,1843164,127.2963693,36.58610925
2015,2015-01-05 9:52,주,월,1,2,1,0,0,강원,삼척시,차대차,정면충돌,정면충돌,운전자법규위반,중앙선 침범,단일로,기타단일로,승용차,소형,건설기계,건설기계,1128015,1928693,128.9453392,37.34845141
2015,2015-01-05 9:40,주,월,1,2,1,0,0,강원,정선군,차대사람,길가장자리구역통행중,길가장자리구역통행중,운전자법규위반,안전운전 의무 불이행,단일로,기타단일로,화물차,소형,보행자,보행자,1123698.1,1912654.6,128.8939451,37.20450953
2015,2015-01-05 9:25,주,월,1,2,1,0,0,충남,보령시,차대차,정면충돌,정면충돌,운전자법규위반,과속,교차로,교차로내,건설기계,건설기계,승용차,중형,909032,1835118,126.4841176,36.50942181