발생년,발생년월일시분,주야,요일,사망자수,사상자수,중상자수,경상자수,부상신고자수,발생지시도,발생지시군구,사고유형_대분류,사고유형_중분류,사고유형,법규위반_대분류,법규위반,도로형태_대분류,도로형태,가해자_당사자종별_대분류,가해자_당사자종별,피해자_당사자종별_대분류,피해자_당사자종별,발생위치X_UTMK,발생위치Y_UTMK,경도,위도
2015,2015-01-06 7:00,주,화,1,2,1,0,0,경기,파주시,차대차,측면충돌,측면충돌,운전자법규위반,안전운전 의무 불이행,단일로,기타단일로,건설기계,건설기계,화물차,소형,935246,1985074,126.7638312,37.86317052
2015,2015-01-06 7:00,주,화,1,2,1,0,0,경북,김천시,차대차,측면충돌,측면충돌,운전자법규위반,안전운전 의무 불이행,교차로,교차로부근,승용차,소형,승용차,중형,1060251,1790581,128.1694368,36.11035525
2015,2015-01-08 9:46,주,목,1,2,0,0,1,경기,안양시,차대사람,횡단중,횡단중,운전자법규위반,안전운전 의무 불이행,교차로,교차로내,승용차,중형,보행자,보행자,949065,1932890,126.9245647,37.393713
2015,2015-01-10 4:11,야,토,1,2,1,0,0,광주,남구,차량단독,공작물충돌,공작물충돌,운전자법규위반,안전운전 의무 불이행,단일로,기타단일로,화물차,소형,없음,없음,942826,1680029,126.8725813,35.11380705
2015,2015-01-11 1:35,야,일,1,2,0,0,1,경기,용인시,차량단독,도로이탈,도로이탈 추락,운전자법규위반,안전운전 의무 불이행,단일로,기타단일로,승용차,중형,없음,없음,964859,1926224,127.1033082,37.33436164
2015,2015-01-13 1:00,야,화,1,2,0,1,0,경북,영천시,차대차,추돌,진행중 추돌,운전자법규위반,안전운전 의무 불이행,단일로,기타단일로,화물차,중형,화물차,대형,1130499,1770474,128.9464684,35.92222813
2015,2015-01-13 8:00,주,화,1,2,1,0,0,충북,괴산군,차대차,측면충돌,측면충돌,운전자법규위반,중앙선 침범,단일로,기타단일로,승용차,중형,특수차,대형,1020845,1874141,127.7338644,36.86530601
2015,2015-01-13 12:15,주,화,1,2,0,0,1,충북,괴산군,차대차,측면충돌,측면충돌,운전자법규위반,중앙선 침범,단일로,기타단일로,특수차,대형,화물차,소형,1020970,1858321,127.7348311,36.72269121
2015,2015-01-14 1:00,야,수,1,2,1,0,0,전남,장흥군,차량단독,공작물충돌,공작물충돌,운전자법규위반,안전운전 의무 불이행,교차로,교차로내,승용차,중형,없음,없음,952317,1616335,126.9803502,34.53995195
2015,2015-01-14 5:30,야,수,1,2,1,0,0,강원,동해시,차량단독,공작물충돌,공작물충돌,운전자법규위반,과속,단일로,기타단일로,승용차,중형,없음,없음,1143077,1949116,129.1192976,37.53026632
2015,2015-01-14 6:50,주,수,1,2,0,1,0,경기,용인시,차대사람,횡단중,횡단중,운전자법규위반,안전운전 의무 불이행,단일로,기타단일로,승용차,소형,보행자,보행자,973282,1914975,127.1987948,37.23324518
2015,2015-01-15 4:21,야,목,1,2,1,0,0,경북,경산시,차대차,추돌,주정차중 추돌,운전자법규위반,안전운전 의무 불이행,단일로,기타단일로,화물차,대형,화물차,대형,1116311,1765235,128.7884789,35.87679635
2015,2015-01-15 6:35,주,목,1,2,0,1,0,경기,화성시,차대차,기타,기타,운전자법규위반,안전운전 의무 불이행,단일로,기타단일로,화물차,중형,건설기계,건설기계,946553,1919967,126.8971186,37.2770911
2015,2015-01-15 6:15,주,목,1,2,1,0,0,세종,세종,차량단독,전도전복,전도전복,운전자법규위반,안전운전 의무 불이행,단일로,기타단일로,승용차,중형,없음,없음,988558,1837071,127.3721839,36.53128569
2015,2015-01-15 18:00,야,목,1,2,0,1,0,경기,의정부시,차대사람,기타,기타,운전자법규위반,안전운전 의무 불이행,단일로,기타단일로,승용차,중형,보행자,보행자,959477,1974072,127.0399114,37.76541075
2015,2015-01-15 20:50,야,목,1,2,0,1,0,대구,수성구,차대사람,횡단중,횡단중,운전자법규위반,신호위반,단일로,횡단보도상,원동기장치자전거,원동기장치자전거,보행자,보행자,1100854,1761240,128.6167743,35.84249824
2015,2015-01-16 4:22,야,금,1,2,1,0,0,경기,안산시,차대차,측면충돌,측면충돌,운전자법규위반,신호위반,교차로,교차로내,승용차,중형,이륜차,소형,942621,1923534,126.8524927,37.30900774
2015,2015-01-17 3:11,야,토,1,2,0,1,0,충북,청주시,차대차,기타,기타,운전자법규위반,안전운전 의무 불이행,단일로,기타단일로,승용차,대형,승용차,중형,993800.8,1831337.5,127.4307961,36.47964558
2015,2015-01-17 19:50,야,토,1,2,1,0,0,경남,함양군,차대차,정면충돌,정면충돌,운전자법규위반,중앙선 침범,단일로,기타단일로,화물차,소형,승합차,대형,1025805,1736755,127.7849784,35.62658569
2015,2015-01-17 20:11,야,토,1,2,1,0,0,대구,서구,차대차,측면충돌,측면충돌,운전자법규위반,신호위반,교차로,교차로내,이륜차,소형,이륜차,소형,1093251,1764048,128.5329261,35.86856436
2015,2015-01-18 3:40,야,일,1,2,1,0,0,서울,용산구,차량단독,기타,기타,운전자법규위반,신호위반,교차로,교차로내,승용차,중형,없음,없음,954692.2,1948504.1,126.9871749,37.53474077
2015,2015-01-20 14:10,주,화,1,2,0,1,0,충남,서산시,차대차,정면충돌,정면충돌,운전자법규위반,중앙선 침범,단일로,기타단일로,화물차,소형,화물차,소형,911591,1866839,126.5090339,36.79558247
2015,2015-01-21 5:10,야,수,1,2,1,0,0,경남,창원시(통합),차량단독,기타,기타,운전자법규위반,안전운전 의무 불이행,단일로,기타단일로,승용차,중형,없음,없음,1106291,1692126,128.667903,35.21887786
2015,2015-01-21 11:45,주,수,1,2,1,0,0,울산,북구,차대차,측면충돌,측면충돌,운전자법규위반,신호위반,교차로,교차로내,화물차,대형,화물차,소형,1167322,1738638,129.3477974,35.62972623
2015,2015-01-21 18:50,야,수,1,2,1,0,0,충남,서산시,차대차,추돌,진행중 추돌,운전자법규위반,안전운전 의무 불이행,교차로,교차로부근,화물차,소형,화물차,대형,917450,1855071,126.5759712,36.69003893
2015,2015-01-21 19:58,야,수,1,2,1,0,0,경기,남양주시,차대차,추돌,주정차중 추돌,운전자법규위반,안전운전 의무 불이행,단일로,기타단일로,화물차,중형,승용차,경형,976034,1952089,127.2286155,37.56785515
2015,2015-01-21 21:38,야,수,1,2,1,0,0,전북,전주시,차대차,측면충돌,측면충돌,운전자법규위반,교차로 통행방법 위반,교차로,교차로내,승용차,소형,승용차,대형,965948,1758010,127.1230454,35.81797445
2015,2015-01-22 8:15,주,목,1,2,0,1,0,강원,동해시,차대차,측면충돌,측면충돌,운전자법규위반,신호위반,교차로,교차로내,승용차,경형,승용차,중형,1145046,1943606,129.1404868,37.48031387
2015,2015-01-23 7:50,주,금,1,2,0,1,0,대구,달서구,차대차,기타,기타,운전자법규위반,안전운전 의무 불이행,단일로,기타단일로,화물차,중형,화물차,중형,1095812,1759573,128.5607521,35.82797669
2015,2015-01-23 16:25,주,금,1,2,0,1,0,충남,태안군,차대차,정면충돌,정면충돌,운전자법규위반,신호위반,교차로,교차로내,이륜차,소형,화물차,소형,891271,1864560,126.281637,36.77292701
2015,2015-01-24 0:28,야,토,1,2,1,0,0,충남,공주시,차대차,측면충돌,측면충돌,운전자법규위반,중앙선 침범,단일로,기타단일로,승용차,중형,승합차,경형,967466,1828963,127.136914,36.45770672
2015,2015-01-25 2:19,야,일,1,2,1,0,0,부산,남구,차대사람,횡단중,횡단중,운전자법규위반,과속,단일로,횡단보도상,이륜차,대형,보행자,보행자,1145376,1683437,129.0957006,35.13565434
2015,2015-01-25 18:10,야,일,1,2,1,0,0,경북,성주군,차대차,추돌,진행중 추돌,운전자법규위반,안전운전 의무 불이행,단일로,교량위,화물차,소형,원동기장치자전거,원동기장치자전거,1080231,1765360,128.3888546,35.88154551
2015,2015-01-27 4:40,야,화,1,2,0,1,0,서울,동대문구,차량단독,공작물충돌,공작물충돌,운전자법규위반,안전운전 의무 불이행,단일로,기타단일로,이륜차,중형,없음,없음,961548,1952363,127.064569,37.56983377
2015,2015-01-29 1:24,야,목,1,2,1,0,0,전남,장성군,차대차,정면충돌,정면충돌,운전자법규위반,중앙선 침범,단일로,기타단일로,승용차,소형,승용차,소형,935748,1698323,126.7934866,35.27832735
2015,2015-01-29 7:15,주,목,1,2,0,1,0,경기,이천시,차대차,기타,기타,운전자법규위반,신호위반,교차로,교차로내,승용차,소형,승용차,중형,993333,1913816,127.4248496,37.22315706
2015,2015-01-29 11:27,주,목,1,2,0,1,0,서울,동대문구,차대차,추돌,주정차중 추돌,운전자법규위반,안전운전 의무 불이행,교차로,교차로부근,승용차,중형,승용차,소형,960895,1952490,127.0571679,37.57095095
2015,2015-01-29 13:25,주,목,1,2,0,0,1,전남,함평군,차대사람,차도통행중,차도통행중,운전자법규위반,중앙선 침범,단일로,기타단일로,화물차,소형,보행자,보행자,918475,1682507,126.6051375,35.13447158
2015,2015-01-29 20:40,야,목,1,2,1,0,0,서울,광진구,차대차,기타,기타,운전자법규위반,신호위반,교차로,교차로내,승용차,중형,승합차,대형,965366,1950060,127.1079119,37.54922754
2015,2015-01-30 3:45,야,금,1,2,1,0,0,경기,광명시,차대사람,기타,기타,운전자법규위반,안전운전 의무 불이행,단일로,기타단일로,승용차,중형,보행자,보행자,943554,1937596,126.8619482,37.43580993
2015,2015-01-30 10:30,주,금,1,2,1,0,0,경북,문경시,차량단독,공작물충돌,공작물충돌,운전자법규위반,안전운전 의무 불이행,단일로,기타단일로,승용차,경형,없음,없음,1057012,1861467,128.1386644,36.7495696
2015,2015-01-31 17:50,주,토,1,2,1,0,0,경북,경주시,차량단독,기타,기타,운전자법규위반,안전운전 의무 불이행,단일로,기타단일로,승용차,중형,없음,없음,1145251,1764055,129.1087555,35.86229564
2015,2015-02-01 3:51,야,일,1,2,1,0,0,경북,경주시,차량단독,공작물충돌,공작물충돌,운전자법규위반,안전운전 의무 불이행,단일로,기타단일로,승용차,중형,없음,없음,1138941,1768308,129.0396329,35.90154273
2015,2015-02-01 18:28,야,일,1,2,0,1,0,인천,남동구,차대사람,횡단중,횡단중,운전자법규위반,안전운전 의무 불이행,단일로,기타단일로,화물차,소형,보행자,보행자,931503,1939129,126.7255946,37.44881297
2015,2015-02-03 13:15,주,화,1,2,1,0,0,인천,강화군,차량단독,전도전복,전도전복,운전자법규위반,안전운전 의무 불이행,단일로,기타단일로,화물차,소형,없음,없음,893666,1977303,126.2923404,37.78924094
2015,2015-02-03 15:20,주,화,1,2,0,1,0,강원,강릉시,차대사람,기타,기타,운전자법규위반,안전운전 의무 불이행,교차로,교차로내,승용차,중형,보행자,보행자,1122594,1973762,128.8916832,37.75529716
2015,2015-02-05 12:40,주,목,1,2,1,0,0,충남,태안군,차량단독,도로이탈,도로이탈 기타,운전자법규위반,안전운전 의무 불이행,단일로,기타단일로,화물차,소형,없음,없음,880895,1855346,126.1668327,36.68863944
2015,2015-02-05 17:55,주,목,1,2,1,0,0,전남,강진군,차대차,정면충돌,정면충돌,운전자법규위반,중앙선 침범,단일로,기타단일로,승용차,중형,승용차,대형,935479,1627999,126.7959735,34.64421183
2015,2015-02-06 9:06,주,금,1,2,0,1,0,전남,광양시,차대차,측면충돌,측면충돌,운전자법규위반,중앙선 침범,단일로,기타단일로,승용차,대형,승용차,소형,1019816,1668103,127.7171779,35.00769557
2015,2015-02-07 1:00,야,토,1,2,0,1,0,경북,구미시,차대차,추돌,주정차중 추돌,운전자법규위반,안전운전 의무 불이행,교차로,교차로부근,화물차,소형,화물차,대형,1078556,1791742,128.3729171,36.1195124
2015,2015-02-07 23:20,야,토,1,2,1,0,0,부산,동구,차대사람,기타,기타,운전자법규위반,과속,단일로,기타단일로,승용차,중형,보행자,보행자,1140987,1681711,129.0472468,35.12072096
2015,2015-02-09 1:00,야,월,1,2,1,0,0,충남,예산군,차량단독,기타,기타,운전자법규위반,안전운전 의무 불이행,단일로,기타단일로,승용차,소형,없음,없음,926006,1854895,126.6717508,36.68915717
2015,2015-02-09 5:28,야,월,1,2,0,1,0,경북,김천시,차대차,추돌,진행중 추돌,운전자법규위반,안전운전 의무 불이행,단일로,기타단일로,화물차,대형,화물차,대형,1046333.4,1797504.7,128.0152156,36.17353915
2015,2015-02-09 18:20,야,월,1,2,1,0,0,경남,통영시,차대차,측면충돌,측면충돌,운전자법규위반,안전운전 의무 불이행,교차로,교차로내,승용차,경형,승용차,대형,1079089,1656875,128.3656871,34.90355826
2015,2015-02-09 18:20,야,월,1,2,1,0,0,제주,서귀포시,차대사람,횡단중,횡단중,운전자법규위반,보행자 보호의무 위반,단일로,횡단보도상,화물차,소형,보행자,보행자,914475,1474262,126.5818218,33.25630209
2015,2015-02-11 8:40,주,수,1,2,1,0,0,경기,포천시,차대차,측면충돌,측면충돌,운전자법규위반,신호위반,교차로,교차로내,승용차,소형,승용차,중형,982461,1993530,127.3003916,37.94151694
2015,2015-02-11 21:45,야,수,1,2,0,1,0,대구,동구,차대사람,기타,기타,운전자법규위반,안전운전 의무 불이행,단일로,기타단일로,승용차,대형,보행자,보행자,1102589,1765464,128.6365264,35.8803949
2015,2015-02-12 1:54,야,목,1,2,1,0,0,경기,광주시,차대차,추돌,진행중 추돌,운전자법규위반,안전운전 의무 불이행,단일로,기타단일로,승용차,경형,화물차,소형,972623,1935635,127.1906031,37.41945118
2015,2015-02-12 19:55,야,목,1,2,1,0,0,대전,서구,차대차,정면충돌,정면충돌,운전자법규위반,중앙선 침범,단일로,기타단일로,화물차,소형,승용차,중형,983837,1810112,127.3200084,36.28817456
2015,2015-02-13 8:30,주,금,1,2,1,0,0,경북,영천시,차대차,측면충돌,측면충돌,운전자법규위반,중앙선 침범,단일로,기타단일로,승용차,중형,승용차,중형,1130620,1775304,128.9486037,35.96574543
2015,2015-02-13 14:20,주,금,1,2,0,1,0,충북,청주시,차대차,기타,기타,운전자법규위반,안전운전 의무 불이행,단일로,기타단일로,승합차,소형,화물차,소형,996846.3,1842856.9,127.464747,36.58350945
2015,2015-02-13 20:35,야,금,1,2,0,1,0,서울,동대문구,차대사람,횡단중,횡단중,운전자법규위반,안전운전 의무 불이행,교차로,교차로내,이륜차,중형,보행자,보행자,960559,1952873,127.0533424,37.5743887
2015,2015-02-14 19:00,야,토,1,2,1,0,0,전남,신안군,차대차,기타,기타,운전자법규위반,중앙선 침범,단일로,기타단일로,화물차,소형,화물차,소형,884691,1651272,126.2387022,34.84957493
2015,2015-02-14 23:00,야,토,1,2,1,0,0,전북,군산시,차대차,측면충돌,측면충돌,운전자법규위반,과속,단일로,기타단일로,승용차,중형,승용차,중형,911506,1767368,126.5193904,35.89893495
2015,2015-02-15 0:19,야,일,1,2,1,0,0,서울,도봉구,차대사람,횡단중,횡단중,운전자법규위반,안전운전 의무 불이행,단일로,횡단보도상,이륜차,소형,보행자,보행자,958948,1961091,127.0346376,37.64838873
2015,2015-02-15 19:10,야,일,1,2,1,0,0,충북,충주시,차대차,기타,기타,운전자법규위반,중앙선 침범,단일로,기타단일로,이륜차,사발이,승용차,소형,1029222,1886657,127.8283299,36.97790817
2015,2015-02-16 20:00,야,월,1,2,0,1,0,경기,남양주시,차대차,추돌,진행중 추돌,운전자법규위반,안전운전 의무 불이행,단일로,터널안,승용차,중형,승용차,소형,976899,1959018,127.2381916,37.63033125
2015,2015-02-17 2:25,야,화,1,2,1,0,0,강원,속초시,차대사람,기타,기타,운전자법규위반,안전운전 의무 불이행,단일로,기타단일로,승용차,소형,보행자,보행자,1093738,2022746,128.5705645,38.2001226
2015,2015-02-17 9:30,주,화,1,2,0,1,0,전남,강진군,차대차,측면충돌,측면충돌,운전자법규위반,과속,교차로,교차로내,승용차,중형,화물차,소형,934704,1626460,126.7876362,34.63028513
2015,2015-02-17 14:50,주,화,1,2,0,1,0,충남,천안시,차대차,측면충돌,측면충돌,운전자법규위반,안전운전 의무 불이행,단일로,기타단일로,화물차,경형,화물차,소형,972195.1,1875226.3,127.1880121,36.87491015
2015,2015-02-17 18:05,야,화,1,2,1,0,0,강원,원주시,차대차,추돌,주정차중 추돌,운전자법규위반,안전거리 미확보,교차로,교차로부근,화물차,중형,화물차,중형,1042693,1932491,127.982302,37.39053306
2015,2015-02-19 0:33,야,목,1,2,0,0,1,강원,인제군,차대차,추돌,진행중 추돌,운전자법규위반,안전운전 의무 불이행,단일로,기타단일로,승용차,소형,건설기계,건설기계,1064739,2015631,128.2387559,38.13855587
2015,2015-02-19 2:50,야,목,1,2,1,0,0,서울,성동구,차대차,추돌,주정차중 추돌,운전자법규위반,안전운전 의무 불이행,단일로,기타단일로,승용차,소형,승용차,소형,957804,1950795,127.0222635,37.555537
2015,2015-02-20 0:06,야,금,1,2,1,0,0,경북,울진군,차대차,기타,기타,운전자법규위반,중앙선 침범,단일로,기타단일로,화물차,소형,승용차,중형,1172931,1854039,129.4350949,36.66859619
2015,2015-02-20 21:13,야,금,1,2,0,1,0,충북,청주시,차대차,기타,기타,운전자법규위반,신호위반,교차로,교차로내,승용차,소형,승용차,중형,993951,1847241,127.4323479,36.62301826
2015,2015-02-21 14:30,주,토,1,2,1,0,0,강원,고성군,차대차,측면충돌,측면충돌,운전자법규위반,중앙선 침범,단일로,기타단일로,승용차,중형,승용차,중형,1094407,2026328,128.5786802,38.23232997
2015,2015-02-21 20:57,야,토,1,2,0,1,0,서울,영등포구,차대차,정면충돌,정면충돌,운전자법규위반,안전운전 의무 불이행,단일로,교량위,이륜차,소형,승용차,소형,945225,1947358,126.8801093,37.52389694
2015,2015-02-23 4:34,야,월,1,2,1,0,0,전남,영암군,차대차,정면충돌,정면충돌,운전자법규위반,중앙선 침범,교차로,교차로부근,승용차,소형,승용차,중형,902274,1642748,126.4319923,34.77456369
2015,2015-02-23 22:00,야,월,1,2,1,0,0,충남,서산시,차대차,추돌,진행중 추돌,운전자법규위반,안전운전 의무 불이행,교차로,교차로부근,화물차,대형,승용차,경형,911411,1861598,126.5076256,36.74832631
2015,2015-02-24 5:58,야,화,1,2,1,0,0,제주,제주시,차대사람,횡단중,횡단중,운전자법규위반,과속,단일로,횡단보도상,승용차,중형,보행자,보행자,906554.5,1500908.4,126.4940369,33.49595423
2015,2015-02-25 16:30,주,수,1,2,1,0,0,충북,충주시,차대차,기타,기타,운전자법규위반,신호위반,교차로,교차로내,이륜차,소형,승용차,중형,1036745,1887042,127.9128731,36.98111481
2015,2015-02-25 19:10,야,수,1,2,1,0,0,충남,아산시,차대사람,횡단중,횡단중,운전자법규위반,안전운전 의무 불이행,교차로,교차로내,승용차,대형,보행자,보행자,954365,1856289,126.9890881,36.70350836
2015,2015-02-26 5:24,야,목,1,2,1,0,0,충남,계룡시,차대차,추돌,진행중 추돌,운전자법규위반,안전운전 의무 불이행,단일로,기타단일로,승용차,소형,이륜차,사발이,977681,1809191,127.2514818,36.27974851
2015,2015-02-26 7:25,주,목,1,2,1,0,0,강원,원주시,차대차,추돌,주정차중 추돌,운전자법규위반,중앙선 침범,단일로,기타단일로,승용차,중형,승용차,중형,1054567,1917167,128.1153089,37.25178827
2015,2015-02-26 13:49,주,목,1,2,0,1,0,강원,고성군,차대차,추돌,주정차중 추돌,운전자법규위반,안전운전 의무 불이행,교차로,교차로부근,원동기장치자전거,원동기장치자전거,승용차,대형,1091728,2031741,128.5487761,38.28138377
2015,2015-02-27 15:41,주,금,1,2,1,0,0,충남,당진시,차대차,측면충돌,측면충돌,운전자법규위반,신호위반,교차로,교차로내,건설기계,건설기계,원동기장치자전거,원동기장치자전거,934453,1866701,126.7652808,36.79619751
2015,2015-02-28 17:30,주,토,1,2,1,0,0,대전,동구,차량단독,공작물충돌,공작물충돌,운전자법규위반,안전운전 의무 불이행,단일로,기타단일로,승용차,경형,없음,없음,1003085,1822622,127.5344043,36.40108802
2015,2015-02-28 21:10,야,토,1,2,1,0,0,경남,양산시,차대차,추돌,진행중 추돌,운전자법규위반,안전운전 의무 불이행,단일로,기타단일로,승용차,대형,승용차,중형,1135965,1701615,128.9954374,35.30082761
2015,2015-03-01 17:30,주,일,1,2,1,0,0,제주,제주시,차량단독,공작물충돌,공작물충돌,운전자법규위반,안전운전 의무 불이행,단일로,기타단일로,승용차,중형,없음,없음,880526,1487756,126.2156373,33.37476155
2015,2015-03-02 10:28,주,월,1,2,1,0,0,경기,이천시,차대차,측면충돌,측면충돌,운전자법규위반,안전운전 의무 불이행,단일로,기타단일로,승용차,중형,화물차,대형,993873,1915073,127.4309261,37.23449145
2015,2015-03-03 12:40,주,화,1,2,1,0,0,경기,고양시,차대사람,차도통행중,차도통행중,운전자법규위반,안전운전 의무 불이행,단일로,기타단일로,화물차,소형,보행자,보행자,938756,1960704,126.8057879,37.64377586
2015,2015-03-03 18:40,야,화,1,2,1,0,0,전북,익산시,차대사람,길가장자리구역통행중,길가장자리구역통행중,운전자법규위반,안전운전 의무 불이행,단일로,기타단일로,승용차,중형,보행자,보행자,950826,1775337,126.9545806,35.97354787
2015,2015-03-04 6:00,주,수,1,2,1,0,0,충남,태안군,차대차,측면충돌,측면충돌,운전자법규위반,신호위반,교차로,교차로내,승용차,중형,승합차,소형,889844,1863095,126.2658617,36.7595586
2015,2015-03-06 2:35,야,금,1,2,0,0,1,경남,창원시(통합),차대차,기타,기타,운전자법규위반,중앙선 침범,단일로,기타단일로,이륜차,중형,승용차,중형,1097956,1691563,128.5762678,35.21465094
2015,2015-03-06 8:30,주,금,1,2,0,1,0,전북,익산시,차대차,정면충돌,정면충돌,운전자법규위반,중앙선 침범,단일로,기타단일로,승용차,중형,화물차,소형,956786,1790147,127.0198745,36.10735067
2015,2015-03-06 13:25,주,금,1,2,0,1,0,경기,수원시,차대사람,기타,기타,운전자법규위반,안전운전 의무 불이행,단일로,기타단일로,승용차,중형,보행자,보행자,957665,1914760,127.0227535,37.2307286
2015,2015-03-06 14:40,주,금,1,2,0,1,0,충남,서천군,차대차,기타,기타,운전자법규위반,신호위반,교차로,교차로내,원동기장치자전거,원동기장치자전거,화물차,소형,929361,1778880,126.7162,36.00417014
2015,2015-03-07 0:20,야,토,1,2,1,0,0,울산,중구,차대사람,기타,기타,운전자법규위반,안전운전 의무 불이행,교차로,교차로내,이륜차,소형,보행자,보행자,1165127,1730054,129.3218142,35.5527367
2015,2015-03-07 13:40,주,토,1,2,0,0,1,경북,청도군,차대차,정면충돌,정면충돌,운전자법규위반,신호위반,교차로,교차로내,특수차,중형,화물차,소형,1107192,1743989,128.6846349,35.68631882
2015,2015-03-11 10:45,주,수,1,2,1,0,0,경북,경주시,차대차,기타,기타,운전자법규위반,안전운전 의무 불이행,교차로,교차로내,화물차,소형,승용차,경형,1157645,1767595,129.2466731,35.89228166
2015,2015-03-12 0:16,야,목,1,2,0,1,0,강원,원주시,차대사람,횡단중,횡단중,운전자법규위반,과속,교차로,교차로부근,승용차,중형,보행자,보행자,1039140,1926483,127.9418473,37.33653621
2015,2015-03-12 3:35,야,목,1,2,1,0,0,전남,광양시,차량단독,공작물충돌,공작물충돌,운전자법규위반,중앙선 침범,단일로,기타단일로,승용차,중형,없음,없음,1015031,1657121,127.6645378,34.90874825
2015,2015-03-12 10:52,주,목,1,2,0,1,0,전남,담양군,차대차,정면충돌,정면충돌,운전자법규위반,중앙선 침범,단일로,기타단일로,이륜차,소형,화물차,소형,948464,1700923,126.9331411,35.3025062
2015,2015-03-12 20:50,야,목,1,2,0,1,0,울산,중구,차대차,추돌,진행중 추돌,운전자법규위반,안전운전 의무 불이행,교차로,교차로내,이륜차,중형,화물차,중형,1164062,1731521,129.3103669,35.56613437
2015,2015-03-13 4:05,야,금,1,2,0,1,0,대구,수성구,차대차,추돌,주정차중 추돌,운전자법규위반,안전운전 의무 불이행,교차로,교차로부근,승용차,중형,승용차,중형,1100876.2,1761007.4,128.6169907,35.84039919
2015,2015-03-13 22:20,야,금,1,2,1,0,0,경기,의정부시,차대차,정면충돌,정면충돌,운전자법규위반,중앙선 침범,단일로,기타단일로,승합차,경형,원동기장치자전거,원동기장치자전거,960097,1969516,127.0472007,37.72437475
2015,2015-03-14 8:30,주,토,1,2,1,0,0,경기,화성시,차대차,기타,기타,운전자법규위반,중앙선 침범,단일로,기타단일로,화물차,소형,화물차,소형,944477,1901405,126.8750831,37.10965915
2015,2015-03-14 16:50,주,토,1,2,1,0,0,충북,음성군,차대차,기타,기타,운전자법규위반,신호위반,교차로,교차로내,이륜차,중형,승용차,소형,997693.4,1886281.9,127.4740847,36.97497802
2015,2015-03-15 6:20,주,일,1,2,1,0,0,경기,성남시,차대차,추돌,진행중 추돌,운전자법규위반,신호위반,교차로,교차로내,승용차,중형,승합차,대형,968335,1934235,127.1422038,37.40669535
2015,2015-03-15 7:50,주,일,1,2,1,0,0,경남,창원시(통합),차량단독,도로이탈,도로이탈 추락,운전자법규위반,안전운전 의무 불이행,단일로,기타단일로,화물차,소형,없음,없음,1091421,1696866,128.5050659,35.26307814
2015,2015-03-15 11:15,주,일,1,2,1,0,0,전북,익산시,차량단독,공작물충돌,공작물충돌,운전자법규위반,안전운전 의무 불이행,단일로,기타단일로,승용차,중형,없음,없음,950339,1777632,126.9490353,35.99421389
2015,2015-03-15 15:38,주,일,1,2,0,1,0,경기,양평군,차량단독,공작물충돌,공작물충돌,운전자법규위반,안전운전 의무 불이행,단일로,기타단일로,승용차,중형,없음,없음,1020630,1941621,127.7333149,37.47358199
2015,2015-03-16 2:42,야,월,1,2,1,0,0,제주,제주시,차량단독,공작물충돌,공작물충돌,운전자법규위반,안전운전 의무 불이행,교차로,교차로내,승용차,소형,없음,없음,906404,1500674,126.4924414,33.49382719
2015,2015-03-17 4:20,야,화,1,2,1,0,0,부산,남구,차대차,측면충돌,측면충돌,운전자법규위반,안전거리 미확보,단일로,기타단일로,승용차,중형,이륜차,중형,1146813.5,1680803.8,129.1110061,35.11171076
2015,2015-03-17 10:45,주,화,1,2,1,0,0,경기,안성시,차대차,추돌,주정차중 추돌,운전자법규위반,안전운전 의무 불이행,단일로,기타단일로,화물차,중형,화물차,중형,995622,1898634,127.45074,37.08631717
2015,2015-03-17 14:20,주,화,1,2,1,0,0,전북,익산시,차대차,측면충돌,측면충돌,운전자법규위반,안전운전 의무 불이행,단일로,기타단일로,이륜차,소형,화물차,소형,962716,1784722,127.0860141,36.05868703
2015,2015-03-17 15:25,주,화,1,2,0,1,0,전남,보성군,차대차,추돌,진행중 추돌,운전자법규위반,안전운전 의무 불이행,교차로,교차로내,원동기장치자전거,원동기장치자전거,자전거,자전거,963285,1643784,127.0986849,34.78792946
2015,2015-03-18 6:35,주,수,1,2,1,0,0,대구,북구,차대사람,횡단중,횡단중,운전자법규위반,신호위반,교차로,교차로내,화물차,소형,보행자,보행자,1098298,1765357,128.5889835,35.8798707
2015,2015-03-18 16:15,주,수,1,2,1,0,0,경북,경산시,차량단독,전도전복,전도전복,운전자법규위반,안전운전 의무 불이행,교차로,교차로부근,화물차,소형,없음,없음,1113931,1774471,128.7634429,35.96032835
2015,2015-03-20 2:22,야,금,1,2,1,0,0,경북,영덕군,차대차,추돌,주정차중 추돌,운전자법규위반,안전운전 의무 불이행,교차로,교차로부근,화물차,대형,건설기계,건설기계,1168662,1819062,129.3797096,36.3542099
2015,2015-03-20 13:00,주,금,1,2,1,0,0,충남,태안군,차량단독,도로이탈,도로이탈 추락,운전자법규위반,안전운전 의무 불이행,단일로,기타단일로,화물차,소형,없음,없음,886828,1878829,126.2297367,36.90100557
2015,2015-03-20 19:10,야,금,1,2,0,1,0,경북,영천시,차대사람,길가장자리구역통행중,길가장자리구역통행중,운전자법규위반,안전운전 의무 불이행,교차로,교차로내,승합차,소형,보행자,보행자,1116171,1782954,128.7895222,36.03652715