발생년,발생년월일시분,주야,요일,사망자수,사상자수,중상자수,경상자수,부상신고자수,발생지시도,발생지시군구,사고유형_대분류,사고유형_중분류,사고유형,법규위반_대분류,법규위반,도로형태_대분류,도로형태,가해자_당사자종별_대분류,가해자_당사자종별,피해자_당사자종별_대분류,피해자_당사자종별,발생위치X_UTMK,발생위치Y_UTMK,경도,위도
2015,2015-03-22 5:45,야,일,1,2,1,0,0,강원,홍천군,차대차,추돌,진행중 추돌,운전자법규위반,안전운전 의무 불이행,단일로,기타단일로,이륜차,중형,화물차,소형,1037161,1968233,127.9216197,37.71292636
2015,2015-03-23 3:34,야,월,1,2,1,0,0,서울,강북구,차대차,측면충돌,측면충돌,운전자법규위반,신호위반,교차로,교차로내,원동기장치자전거,원동기장치자전거,승용차,중형,958389,1959614,127.0283851,37.63505115
2015,2015-03-23 11:04,주,월,1,2,1,0,0,강원,화천군,차대차,정면충돌,정면충돌,운전자법규위반,중앙선 침범,단일로,터널안,승용차,소형,승합차,소형,1019383,2002864,127.7208465,38.02560549
2015,2015-03-24 9:45,주,화,1,2,0,1,0,광주,북구,차량단독,공작물충돌,공작물충돌,운전자법규위반,안전운전 의무 불이행,단일로,기타단일로,승합차,중형,없음,없음,948706,1686036,126.9367316,35.16828773
2015,2015-03-26 1:28,야,목,1,2,0,1,0,서울,중랑구,차대차,정면충돌,정면충돌,운전자법규위반,중앙선 침범,단일로,횡단보도부근,이륜차,중형,승합차,대형,963453,1955307,127.0859938,37.59644653
2015,2015-03-27 13:10,주,금,1,2,0,1,0,경북,김천시,차대차,추돌,진행중 추돌,운전자법규위반,안전거리 미확보,단일로,터널안,화물차,중형,화물차,대형,1068434,1787474,128.2600799,36.08180314
2015,2015-03-28 1:00,야,토,1,2,1,0,0,경기,안산시,차량단독,공작물충돌,공작물충돌,운전자법규위반,과속,단일로,기타단일로,승용차,중형,없음,없음,943545,1923888,126.8628923,37.31225507
2015,2015-03-28 15:23,주,토,1,2,1,0,0,전남,장성군,차량단독,전도전복,전도전복,운전자법규위반,기타(운전자법규위반),교차로,교차로내,원동기장치자전거,원동기장치자전거,없음,없음,934201,1695637,126.7766923,35.25400897
2015,2015-03-28 18:00,야,토,1,2,1,0,0,경기,안산시,차량단독,공작물충돌,공작물충돌,운전자법규위반,안전운전 의무 불이행,단일로,기타단일로,승용차,중형,없음,없음,946999,1921772,126.9020205,37.29338599
2015,2015-03-29 12:20,주,일,1,2,0,0,1,서울,동대문구,차대차,기타,기타,운전자법규위반,안전운전 의무 불이행,교차로,교차로내,승용차,중형,이륜차,중형,960958,1954910,127.0577523,37.59276574
2015,2015-03-29 19:40,야,일,1,2,0,1,0,전남,나주시,차대차,기타,기타,운전자법규위반,안전운전 의무 불이행,단일로,기타단일로,승용차,중형,승용차,소형,927635,1663863,126.7072995,34.96706868
2015,2015-03-29 23:50,야,일,1,2,1,0,0,서울,마포구,차량단독,도로이탈,도로이탈 추락,운전자법규위반,안전운전 의무 불이행,단일로,기타단일로,이륜차,소형,없음,없음,946477,1951284,126.8939911,37.55935587
2015,2015-03-30 15:10,주,월,1,2,0,1,0,경북,영주시,차대차,추돌,주정차중 추돌,운전자법규위반,과속,단일로,기타단일로,건설기계,건설기계,승용차,경형,1087654,1875830,128.4835417,36.87669169
2015,2015-03-31 1:07,야,화,1,2,1,0,0,경기,포천시,차대차,정면충돌,정면충돌,운전자법규위반,신호위반,교차로,교차로내,승용차,대형,건설기계,건설기계,967556,1978486,127.131439,37.80551673
2015,2015-03-31 2:10,야,화,1,2,1,0,0,경기,파주시,차대차,추돌,진행중 추돌,운전자법규위반,안전운전 의무 불이행,교차로,교차로부근,승용차,중형,승용차,중형,932500,1970842,126.7339412,37.73470673
2015,2015-03-31 10:30,주,화,1,2,1,0,0,충남,금산군,차대차,정면충돌,정면충돌,운전자법규위반,중앙선 침범,단일로,기타단일로,화물차,중형,건설기계,건설기계,989533,1799351,127.383583,36.19123673
2015,2015-03-31 11:50,주,화,1,2,0,1,0,전남,여수시,차대차,측면충돌,측면충돌,운전자법규위반,중앙선 침범,단일로,기타단일로,승용차,소형,화물차,소형,1016687,1637947,127.6822839,34.73581775
2015,2015-04-01 0:16,야,수,1,2,0,1,0,광주,서구,차대사람,횡단중,횡단중,운전자법규위반,안전운전 의무 불이행,단일로,기타단일로,승용차,중형,보행자,보행자,941420,1683705,126.8568924,35.14687153
2015,2015-04-01 16:25,주,수,1,2,1,0,0,충북,음성군,차대차,측면충돌,측면충돌,운전자법규위반,중앙선 침범,단일로,고가도로위,화물차,소형,화물차,중형,1016677,1879083,127.6872118,36.90993873
2015,2015-04-02 14:56,주,목,1,2,0,1,0,전남,무안군,차대차,측면충돌,측면충돌,운전자법규위반,신호위반,교차로,교차로내,승용차,경형,이륜차,소형,905410,1646497,126.4658374,34.80866154
2015,2015-04-02 23:15,야,목,1,2,0,1,0,부산,서구,차량단독,공작물충돌,공작물충돌,운전자법규위반,안전운전 의무 불이행,단일로,기타단일로,승용차,대형,없음,없음,1137633,1680427,129.0102366,35.10961104
2015,2015-04-03 11:04,주,금,1,2,0,1,0,경북,구미시,차대차,정면충돌,정면충돌,운전자법규위반,신호위반,교차로,교차로내,승용차,경형,승합차,대형,1072404,1806025,128.3058801,36.24874901
2015,2015-04-03 14:40,주,금,1,2,0,0,1,경북,안동시,차대차,기타,기타,운전자법규위반,안전운전 의무 불이행,단일로,기타단일로,승합차,소형,농기계,농기계,1112149,1867092,128.7570503,36.79534826
2015,2015-04-04 9:00,주,토,1,2,1,0,0,경북,청도군,차대차,추돌,진행중 추돌,운전자법규위반,안전운전 의무 불이행,단일로,기타단일로,승용차,중형,농기계,농기계,1103905,1738797,128.6476451,35.63986679
2015,2015-04-05 14:35,주,일,1,2,0,1,0,충북,충주시,차대차,기타,기타,운전자법규위반,안전운전 의무 불이행,교차로,교차로내,승용차,소형,승용차,소형,1034051,1888279.1,127.8826594,36.99236775
2015,2015-04-06 10:16,주,월,1,2,1,0,0,충북,음성군,차대차,기타,기타,운전자법규위반,안전운전 의무 불이행,교차로,교차로내,화물차,대형,화물차,대형,1016813.9,1879483.9,127.6887575,36.91355022
2015,2015-04-08 0:19,야,수,1,2,0,1,0,경북,상주시,차대차,정면충돌,정면충돌,운전자법규위반,중앙선 침범,단일로,기타단일로,화물차,중형,화물차,중형,1059979,1830728,128.1694999,36.47229289
2015,2015-04-08 5:45,야,수,1,2,1,0,0,충남,아산시,차대차,정면충돌,정면충돌,운전자법규위반,중앙선 침범,단일로,기타단일로,승용차,대형,승용차,중형,944827,1871660,126.8811969,36.84156027
2015,2015-04-08 8:10,주,수,1,2,0,1,0,전남,여수시,차대차,정면충돌,정면충돌,운전자법규위반,중앙선 침범,교차로,교차로부근,화물차,소형,승용차,중형,1014582,1640735,127.6593378,34.76099156
2015,2015-04-08 9:00,주,수,1,2,1,0,0,전남,장성군,차대차,정면충돌,정면충돌,운전자법규위반,중앙선 침범,단일로,기타단일로,자전거,자전거,이륜차,소형,932107,1701595,126.7531822,35.30758805
2015,2015-04-08 14:10,주,수,1,2,1,0,0,경남,진주시,차대사람,기타,기타,운전자법규위반,부당한 회전,교차로,교차로부근,화물차,중형,보행자,보행자,1053220,1687235,128.0844946,35.17899859
2015,2015-04-09 6:48,주,목,1,2,1,0,0,경기,여주시,차량단독,전도전복,전도전복,운전자법규위반,안전운전 의무 불이행,단일로,기타단일로,화물차,대형,없음,없음,1008115,1914705,127.591482,37.23115909
2015,2015-04-09 11:10,주,목,1,2,1,0,0,경북,봉화군,차량단독,도로이탈,도로이탈 추락,운전자법규위반,안전운전 의무 불이행,단일로,기타단일로,화물차,중형,없음,없음,1133134,1887485,128.9957805,36.97640234
2015,2015-04-10 2:40,야,금,1,2,1,0,0,제주,서귀포시,차대차,추돌,주정차중 추돌,운전자법규위반,안전운전 의무 불이행,단일로,기타단일로,승용차,대형,건설기계,건설기계,905698,1473694,126.4876651,33.25044814
2015,2015-04-10 6:48,주,금,1,2,1,0,0,인천,연수구,차대차,기타,기타,운전자법규위반,신호위반,교차로,교차로내,건설기계,건설기계,화물차,대형,926168,1931122,126.6660848,37.37623656
2015,2015-04-11 4:18,야,토,1,2,0,1,0,서울,은평구,차대사람,횡단중,횡단중,운전자법규위반,안전운전 의무 불이행,단일로,기타단일로,승용차,중형,보행자,보행자,948399,1956375,126.915393,37.6053511
2015,2015-04-11 4:40,야,토,1,2,0,1,0,경북,문경시,차대차,추돌,진행중 추돌,운전자법규위반,안전운전 의무 불이행,단일로,기타단일로,화물차,대형,화물차,대형,1059103,1845496,128.1608544,36.60547392
2015,2015-04-11 11:30,주,토,1,2,0,1,0,전북,전주시,차대차,기타,기타,운전자법규위반,부당한 회전,교차로,교차로내,자전거,자전거,승용차,중형,966573,1756768,127.130016,35.80679803
2015,2015-04-11 21:20,야,토,1,2,0,1,0,경북,포항시,차량단독,공작물충돌,공작물충돌,운전자법규위반,안전운전 의무 불이행,단일로,기타단일로,승용차,대형,없음,없음,1161480,1782305,129.2921388,36.0242168
2015,2015-04-14 2:55,야,화,1,2,1,0,0,대구,북구,차대차,추돌,진행중 추돌,운전자법규위반,안전운전 의무 불이행,단일로,기타단일로,승용차,중형,화물차,대형,1100957,1769425,128.618952,35.91627053
2015,2015-04-15 0:40,야,수,1,2,0,0,1,경기,화성시,차대사람,차도통행중,차도통행중,운전자법규위반,안전운전 의무 불이행,단일로,기타단일로,화물차,중형,보행자,보행자,944863,1911660,126.8786714,37.20211707
2015,2015-04-15 8:45,주,수,1,2,1,0,0,충남,보령시,차량단독,공작물충돌,공작물충돌,운전자법규위반,안전운전 의무 불이행,단일로,기타단일로,화물차,소형,없음,없음,922530,1803318,126.6380072,36.22395346
2015,2015-04-15 13:15,주,수,1,2,1,0,0,충남,예산군,차대차,정면충돌,정면충돌,운전자법규위반,중앙선 침범,단일로,기타단일로,승용차,소형,화물차,소형,939129,1851312,126.8189169,36.65779013
2015,2015-04-15 21:19,야,수,1,2,0,1,0,전남,순천시,차대차,추돌,진행중 추돌,운전자법규위반,안전운전 의무 불이행,단일로,기타단일로,승용차,소형,화물차,중형,998898,1658139,127.4879355,34.91803892
2015,2015-04-15 21:35,야,수,1,2,0,1,0,울산,중구,차대차,측면충돌,측면충돌,운전자법규위반,신호위반,교차로,교차로내,승용차,소형,이륜차,소형,1167294,1731918,129.3460966,35.56917135
2015,2015-04-17 8:00,주,금,1,2,0,1,0,서울,강동구,차대차,기타,기타,운전자법규위반,안전운전 의무 불이행,기타/불명,기타/불명,승용차,대형,승용차,대형,966832,1950469,127.1244895,37.55296796
2015,2015-04-18 0:13,야,토,1,2,1,0,0,경기,용인시,차대사람,기타,기타,운전자법규위반,안전운전 의무 불이행,단일로,기타단일로,화물차,중형,보행자,보행자,964882,1918257,127.1039445,37.26254989
2015,2015-04-18 21:20,야,토,1,2,0,1,0,전남,진도군,차대차,추돌,진행중 추돌,운전자법규위반,안전운전 의무 불이행,단일로,기타단일로,화물차,소형,이륜차,사발이,882999,1615716,126.2251234,34.52882095
2015,2015-04-21 13:55,주,화,1,2,0,1,0,경남,고성군,차대차,측면충돌,측면충돌,운전자법규위반,안전거리 미확보,교차로,교차로부근,화물차,소형,승용차,경형,1071682,1665195,128.285334,34.97912744
2015,2015-04-21 14:22,주,화,1,2,1,0,0,경기,광명시,차대차,추돌,진행중 추돌,운전자법규위반,안전운전 의무 불이행,단일로,기타단일로,화물차,경형,특수차,경형,944488,1939041,126.8723965,37.44889054
2015,2015-04-21 23:40,야,화,1,2,0,1,0,경남,김해시,차대차,추돌,진행중 추돌,운전자법규위반,안전운전 의무 불이행,단일로,기타단일로,화물차,대형,화물차,대형,1116138,1693381,128.776254,35.2290995
2015,2015-04-22 13:50,주,수,1,2,0,1,0,경남,진주시,차대사람,횡단중,횡단중,운전자법규위반,보행자 보호의무 위반,교차로,교차로부근,화물차,중형,보행자,보행자,1053112,1689066,128.0834265,35.19551387
2015,2015-04-22 13:35,주,수,1,2,0,1,0,대구,서구,차대차,측면충돌,측면충돌,운전자법규위반,신호위반,단일로,기타단일로,승용차,소형,이륜차,소형,1095200,1762752,128.5543568,35.85669387
2015,2015-04-22 17:10,주,수,1,2,1,0,0,강원,인제군,차대차,정면충돌,정면충돌,운전자법규위반,중앙선 침범,단일로,기타단일로,이륜차,중형,화물차,소형,1057698,1994030,128.1566732,37.94436026
2015,2015-04-23 0:45,야,목,1,2,1,0,0,경기,안양시,차대사람,횡단중,횡단중,운전자법규위반,신호위반,교차로,교차로부근,화물차,중형,보행자,보행자,950899,1932097,126.945336,37.38666437
2015,2015-04-23 11:05,주,목,1,2,0,1,0,경기,안성시,차대차,기타,기타,운전자법규위반,안전거리 미확보,교차로,교차로부근,화물차,경형,화물차,중형,987761,1893937,127.362367,37.04390727
2015,2015-04-23 11:50,주,목,1,2,1,0,0,경북,청송군,차대차,정면충돌,정면충돌,운전자법규위반,중앙선 침범,단일로,기타단일로,화물차,경형,승용차,소형,1140149,1825219,129.0631651,36.41427299
2015,2015-04-25 0:40,야,토,1,2,1,0,0,울산,동구,차대차,기타,기타,운전자법규위반,직진 및 우회전차의 통행방해,교차로,교차로내,이륜차,중형,승용차,중형,1173550,1722908,129.413169,35.48690001
2015,2015-04-25 2:00,야,토,1,2,0,1,0,부산,사하구,차대차,정면충돌,정면충돌,운전자법규위반,중앙선 침범,단일로,기타단일로,이륜차,중형,승용차,중형,1134714,1678502,128.9779029,35.09265331
2015,2015-04-25 16:35,주,토,1,2,0,0,1,대구,중구,차대차,기타,기타,운전자법규위반,안전운전 의무 불이행,기타/불명,기타/불명,자전거,자전거,자전거,자전거,1100545,1764071,128.6137102,35.86804991
2015,2015-04-28 8:19,주,화,1,2,1,0,0,전북,완주군,차대차,기타,기타,운전자법규위반,신호위반,교차로,교차로내,승용차,대형,원동기장치자전거,원동기장치자전거,973752,1776118,127.208837,35.98147566
2015,2015-04-28 23:25,야,화,1,2,1,0,0,부산,남구,차대차,추돌,진행중 추돌,운전자법규위반,안전운전 의무 불이행,교차로,교차로내,승용차,중형,특수차,대형,1143863,1681777,129.0788101,35.12090892
2015,2015-04-29 0:57,야,수,1,2,1,0,0,경북,구미시,차량단독,공작물충돌,공작물충돌,운전자법규위반,안전운전 의무 불이행,단일로,기타단일로,승용차,경형,없음,없음,1082215,1793741,128.4137803,36.13722944
2015,2015-04-29 6:55,주,수,1,2,1,0,0,충남,홍성군,차대차,추돌,주정차중 추돌,운전자법규위반,안전운전 의무 불이행,단일로,기타단일로,화물차,소형,화물차,소형,931605,1847936,126.7350386,36.62684718
2015,2015-04-29 21:20,야,수,1,2,1,0,0,경북,구미시,차대차,기타,기타,운전자법규위반,중앙선 침범,단일로,교량위,화물차,중형,화물차,중형,1075654,1809050,128.342343,36.27576895
2015,2015-05-01 7:40,주,금,1,2,0,1,0,충북,단양군,차대차,추돌,진행중 추돌,운전자법규위반,안전거리 미확보,기타/불명,기타/불명,승용차,중형,화물차,대형,1082097,1879095,128.4215494,36.90662018
2015,2015-05-01 8:15,주,금,1,2,1,0,0,경남,의령군,차량단독,공작물충돌,공작물충돌,운전자법규위반,안전운전 의무 불이행,교차로,교차로내,승용차,소형,없음,없음,1068101,1716136,128.2503181,35.43867717
2015,2015-05-01 11:15,주,금,1,2,0,1,0,경북,영덕군,차량단독,공작물충돌,공작물충돌,운전자법규위반,안전운전 의무 불이행,교차로,교차로부근,농기계,농기계,없음,없음,1169134,1842851,129.3901645,36.56847407
2015,2015-05-02 13:13,주,토,1,2,0,1,0,경남,사천시,차대차,정면충돌,정면충돌,운전자법규위반,중앙선 침범,단일로,기타단일로,화물차,소형,원동기장치자전거,원동기장치자전거,1050297,1659460,128.0507098,34.92870367
2015,2015-05-02 14:27,주,토,1,2,1,0,0,경기,용인시,차대차,측면충돌,측면충돌,운전자법규위반,신호위반,교차로,교차로내,원동기장치자전거,원동기장치자전거,원동기장치자전거,원동기장치자전거,966357,1925925,127.1202317,37.33172202
2015,2015-05-02 19:50,야,토,1,2,0,1,0,경기,시흥시,차대차,추돌,진행중 추돌,운전자법규위반,안전운전 의무 불이행,교차로,교차로부근,화물차,소형,화물차,중형,932244,1930226,126.734788,37.36862484
2015,2015-05-03 0:30,야,일,1,2,1,0,0,경기,이천시,차대차,추돌,주정차중 추돌,운전자법규위반,안전운전 의무 불이행,교차로,교차로부근,승용차,경형,화물차,대형,997552,1918268,127.4723915,37.26330827
2015,2015-05-04 14:30,주,월,1,2,0,1,0,전남,담양군,차대차,정면충돌,정면충돌,운전자법규위반,중앙선 침범,단일로,기타단일로,승용차,소형,승용차,중형,961353,1697807,127.0750536,35.27499136
2015,2015-05-06 7:40,주,수,1,2,0,1,0,경기,남양주시,차대차,정면충돌,정면충돌,운전자법규위반,신호위반,교차로,교차로내,승용차,소형,특수차,대형,969389,1963641,127.1528866,37.67178005
2015,2015-05-06 8:45,주,수,1,2,1,0,0,경기,화성시,차대차,기타,기타,운전자법규위반,중앙선 침범,단일로,기타단일로,승용차,소형,화물차,대형,945021,1901768,126.8811789,37.11296325
2015,2015-05-07 19:05,야,목,1,2,0,1,0,경북,상주시,차대차,측면충돌,측면충돌,운전자법규위반,교차로 통행방법 위반,단일로,기타단일로,원동기장치자전거,원동기장치자전거,화물차,소형,1063036,1839676,128.2043512,36.55275823
2015,2015-05-09 11:00,주,토,1,2,0,1,0,부산,서구,차대사람,횡단중,횡단중,운전자법규위반,안전운전 의무 불이행,교차로,교차로부근,승합차,소형,보행자,보행자,1138654,1680660,129.0214755,35.11157125
2015,2015-05-09 16:57,주,토,1,2,0,1,0,경북,영천시,차대차,정면충돌,정면충돌,운전자법규위반,중앙선 침범,단일로,기타단일로,이륜차,대형,승용차,중형,1137920,1788096,129.0317673,36.08003122
2015,2015-05-10 0:50,야,일,1,2,1,0,0,전북,전주시,차량단독,공작물충돌,공작물충돌,운전자법규위반,안전운전 의무 불이행,단일로,기타단일로,승용차,소형,없음,없음,967407,1757342,127.1392235,35.8120013
2015,2015-05-10 1:45,야,일,1,2,1,0,0,경북,포항시,차대차,추돌,주정차중 추돌,운전자법규위반,안전운전 의무 불이행,교차로,교차로내,화물차,소형,화물차,소형,1167107,1804968,129.359371,36.2274839
2015,2015-05-11 15:30,주,월,1,2,1,0,0,충남,당진시,차대차,측면충돌,측면충돌,운전자법규위반,교차로 통행방법 위반,교차로,교차로내,승용차,중형,화물차,소형,933813,1867539,126.7580347,36.80370669
2015,2015-05-12 3:15,야,화,1,2,0,1,0,서울,마포구,차량단독,공작물충돌,공작물충돌,운전자법규위반,안전운전 의무 불이행,단일로,기타단일로,화물차,대형,없음,없음,948960,1949506,126.922227,37.54347148
2015,2015-05-12 4:17,야,화,1,2,1,0,0,경기,화성시,차량단독,공작물충돌,공작물충돌,운전자법규위반,안전운전 의무 불이행,단일로,기타단일로,승용차,중형,없음,없음,939857,1910939,126.8223212,37.19530904
2015,2015-05-13 5:50,야,수,1,2,1,0,0,전남,목포시,차대사람,보도통행중,보도통행중,운전자법규위반,기타(운전자법규위반),단일로,기타단일로,승용차,중형,보행자,보행자,900089,1646275,126.4076978,34.80615171
2015,2015-05-14 2:20,야,목,1,2,1,0,0,충북,청주시,차대차,측면충돌,측면충돌,운전자법규위반,신호위반,교차로,교차로내,승용차,중형,승용차,중형,996247,1859952,127.4579641,36.73761863
2015,2015-05-15 11:40,주,금,1,2,0,1,0,충북,충주시,차대차,기타,기타,운전자법규위반,안전운전 의무 불이행,교차로,교차로내,화물차,소형,화물차,소형,1038249,1894897,127.9301709,37.05186099
2015,2015-05-15 22:04,야,금,1,2,0,1,0,충북,청주시,차대차,기타,기타,운전자법규위반,교차로 통행방법 위반,교차로,교차로내,승용차,중형,이륜차,소형,998059,1846404,127.478294,36.61548992
2015,2015-05-17 7:00,주,일,1,2,0,1,0,경기,안성시,차대차,추돌,진행중 추돌,운전자법규위반,안전운전 의무 불이행,교차로,교차로내,승용차,소형,특수차,대형,979029,1887023,127.2643649,36.98142762
2015,2015-05-17 10:50,주,일,1,2,0,1,0,전남,진도군,차대차,기타,기타,운전자법규위반,안전운전 의무 불이행,단일로,기타단일로,화물차,소형,화물차,소형,875813,1604101,126.1485311,34.42326126
2015,2015-05-17 20:00,야,일,1,2,1,0,0,경북,포항시,차량단독,공작물충돌,공작물충돌,운전자법규위반,안전운전 의무 불이행,단일로,기타단일로,승용차,중형,없음,없음,1182298,1766986,129.5195417,35.88251222
2015,2015-05-18 18:40,야,월,1,2,1,0,0,경북,고령군,차대차,정면충돌,정면충돌,운전자법규위반,중앙선 침범,단일로,기타단일로,화물차,소형,승용차,소형,1082285,1745642,128.4095795,35.70361495
2015,2015-05-19 14:20,주,화,1,2,0,1,0,경남,밀양시,차대차,정면충돌,정면충돌,운전자법규위반,중앙선 침범,단일로,기타단일로,이륜차,소형,승용차,중형,1110646,1726306,128.7203759,35.52653412
2015,2015-05-21 6:10,주,목,1,2,1,0,0,경기,김포시,차대차,정면충돌,정면충돌,운전자법규위반,중앙선 침범,단일로,기타단일로,승용차,소형,승용차,중형,927401,1961904,126.6769687,37.65376332
2015,2015-05-21 16:40,주,목,1,2,1,0,0,서울,노원구,차량단독,공작물충돌,공작물충돌,운전자법규위반,안전운전 의무 불이행,단일로,기타단일로,이륜차,중형,없음,없음,964289.7,1958627.2,127.0953096,37.62640526
2015,2015-05-21 17:30,주,목,1,2,1,0,0,경기,안산시,차대사람,횡단중,횡단중,운전자법규위반,안전운전 의무 불이행,단일로,횡단보도상,승합차,대형,보행자,보행자,943862,1922160,126.8666002,37.2966991
2015,2015-05-21 18:45,야,목,1,2,0,1,0,대전,동구,차대사람,횡단중,횡단중,운전자법규위반,안전운전 의무 불이행,단일로,기타단일로,건설기계,건설기계,보행자,보행자,995901,1812503,127.4543408,36.30985735
2015,2015-05-23 10:44,주,토,1,2,1,0,0,충남,천안시,차대차,추돌,진행중 추돌,운전자법규위반,안전운전 의무 불이행,단일로,기타단일로,승용차,소형,승용차,중형,971046,1885163,127.1747385,36.96444906
2015,2015-05-23 20:05,야,토,1,2,1,0,0,경북,포항시,차대사람,횡단중,횡단중,운전자법규위반,안전운전 의무 불이행,단일로,기타단일로,승용차,대형,보행자,보행자,1184466,1774928,129.5453879,35.95366597
2015,2015-05-24 1:10,야,일,1,2,0,1,0,서울,노원구,차대차,측면충돌,측면충돌,운전자법규위반,중앙선 침범,교차로,교차로내,승합차,대형,이륜차,대형,960516,1958611,127.0525459,37.62610482
2015,2015-05-24 12:30,주,일,1,2,1,0,0,경남,진주시,차대차,정면충돌,정면충돌,운전자법규위반,중앙선 침범,단일로,기타단일로,원동기장치자전거,원동기장치자전거,승용차,소형,1065628,1680633,128.2202334,35.1187374
2015,2015-05-25 0:40,야,월,1,2,1,0,0,대전,서구,차대차,측면충돌,측면충돌,운전자법규위반,안전운전 의무 불이행,단일로,기타단일로,승용차,중형,이륜차,소형,989691,1813908,127.3851484,36.32247762
2015,2015-05-25 1:17,야,월,1,2,1,0,0,대전,서구,차대차,측면충돌,측면충돌,운전자법규위반,신호위반,교차로,교차로내,이륜차,소형,승용차,중형,990595,1817814,127.3951726,36.35770109
2015,2015-05-25 21:08,야,월,1,2,0,0,1,서울,마포구,차대차,기타,기타,운전자법규위반,중앙선 침범,단일로,기타단일로,승용차,중형,승용차,중형,950102,1950693,126.9350731,37.55423264
2015,2015-05-26 13:50,주,화,1,2,1,0,0,부산,중구,차대차,측면충돌,측면충돌,운전자법규위반,안전운전 의무 불이행,단일로,기타단일로,이륜차,중형,건설기계,건설기계,1139901,1679188,129.0349059,35.09813009
2015,2015-05-26 13:30,주,화,1,2,0,1,0,경남,창녕군,차대차,정면충돌,정면충돌,운전자법규위반,중앙선 침범,단일로,기타단일로,승용차,경형,승합차,중형,1091610,1718563,128.5095758,35.45867023
2015,2015-05-26 17:40,주,화,1,2,0,1,0,전북,정읍시,차대차,정면충돌,정면충돌,운전자법규위반,중앙선 침범,단일로,기타단일로,이륜차,소형,화물차,소형,932013,1735927,126.7492776,35.61711822
2015,2015-05-26 22:30,야,화,1,2,0,1,0,서울,동작구,차대차,측면충돌,측면충돌,운전자법규위반,신호위반,교차로,교차로내,이륜차,중형,이륜차,소형,950892,1945244,126.9443813,37.50516219
2015,2015-05-26 23:35,야,화,1,2,0,1,0,경기,시흥시,차대차,정면충돌,정면충돌,운전자법규위반,중앙선 침범,단일로,기타단일로,화물차,소형,승합차,대형,940093,1934741,126.82306,37.40985973
2015,2015-05-27 4:08,야,수,1,2,0,0,1,대구,북구,차량단독,공작물충돌,공작물충돌,운전자법규위반,안전운전 의무 불이행,단일로,기타단일로,이륜차,중형,없음,없음,1100843,1767397,128.6174316,35.89800116
2015,2015-05-29 1:14,야,금,1,2,0,1,0,경남,거제시,차대차,추돌,주정차중 추돌,운전자법규위반,안전운전 의무 불이행,단일로,기타단일로,승용차,중형,화물차,중형,1101587,1656041,128.6118063,34.89403577
2015,2015-05-29 3:09,야,금,1,2,1,0,0,경기,광주시,차대차,측면충돌,측면충돌,운전자법규위반,안전운전 의무 불이행,교차로,교차로내,화물차,대형,이륜차,중형,974540,1927821,127.2125365,37.34907261
2015,2015-05-29 4:55,야,금,1,2,1,0,0,충남,금산군,차량단독,공작물충돌,공작물충돌,운전자법규위반,안전운전 의무 불이행,단일로,기타단일로,화물차,소형,없음,없음,997792,1799357,127.4754419,36.19134491
2015,2015-05-30 7:50,주,토,1,2,0,1,0,경남,함양군,차대차,측면충돌,측면충돌,운전자법규위반,중앙선 침범,단일로,기타단일로,이륜차,사발이,화물차,소형,1020090,1723901,127.7215458,35.51082005
2015,2015-05-31 1:45,야,일,1,2,0,1,0,경기,남양주시,차량단독,공작물충돌,공작물충돌,운전자법규위반,안전운전 의무 불이행,교차로,교차로내,승용차,소형,없음,없음,971367,1966179,127.1752161,37.69471953
2015,2015-05-31 6:20,주,일,1,2,0,0,1,서울,중랑구,차대차,추돌,주정차중 추돌,운전자법규위반,안전운전 의무 불이행,단일로,기타단일로,이륜차,소형,화물차,소형,962196,1955461,127.0717469,37.59778377
2015,2015-05-31 8:29,주,일,1,2,1,0,0,경기,화성시,차대차,측면충돌,측면충돌,운전자법규위반,과속,단일로,기타단일로,이륜차,대형,화물차,경형,946055,1916555,126.8917488,37.24630822
2015,2015-05-31 13:50,주,일,1,2,0,1,0,경기,화성시,차대차,측면충돌,측면충돌,운전자법규위반,교차로 통행방법 위반,교차로,교차로내,승용차,대형,승용차,소형,943239,1899711,126.8612783,37.09431567
2015,2015-06-01 12:00,주,월,1,2,1,0,0,강원,홍천군,차대차,정면충돌,정면충돌,운전자법규위반,중앙선 침범,단일로,기타단일로,화물차,소형,화물차,경형,1057347,1969622,128.1507434,37.72440368
2015,2015-06-01 17:29,주,월,1,2,0,0,1,경기,파주시,차량단독,공작물충돌,공작물충돌,운전자법규위반,안전운전 의무 불이행,단일로,횡단보도부근,화물차,소형,없음,없음,938961,1971612,126.8071973,37.74210017
2015,2015-06-01 20:45,야,월,1,2,1,0,0,경북,김천시,차대차,추돌,진행중 추돌,운전자법규위반,안전운전 의무 불이행,단일로,기타단일로,화물차,대형,화물차,대형,1044948,1801235,128.0000246,36.20723427
2015,2015-06-02 0:20,야,화,1,2,0,1,0,경남,밀양시,차대차,추돌,주정차중 추돌,운전자법규위반,안전운전 의무 불이행,교차로,교차로부근,화물차,중형,화물차,대형,1108341,1713120,128.6932004,35.40791976