발생년,발생년월일시분,주야,요일,사망자수,사상자수,중상자수,경상자수,부상신고자수,발생지시도,발생지시군구,사고유형_대분류,사고유형_중분류,사고유형,법규위반_대분류,법규위반,도로형태_대분류,도로형태,가해자_당사자종별_대분류,가해자_당사자종별,피해자_당사자종별_대분류,피해자_당사자종별,발생위치X_UTMK,발생위치Y_UTMK,경도,위도
2015,2015-06-02 15:31,주,화,1,2,0,1,0,충남,홍성군,차대차,측면충돌,측면충돌,운전자법규위반,교차로 통행방법 위반,교차로,교차로내,승용차,경형,이륜차,소형,927940,1837901,126.6949909,36.53611975
2015,2015-06-03 0:10,야,수,1,2,1,0,0,울산,동구,차대차,측면충돌,측면충돌,운전자법규위반,중앙선 침범,단일로,기타단일로,승용차,중형,이륜차,중형,1174135,1725293,129.4201262,35.50829033
2015,2015-06-03 23:20,야,수,1,2,0,1,0,광주,서구,차대사람,횡단중,횡단중,운전자법규위반,안전운전 의무 불이행,단일로,횡단보도상,승용차,중형,보행자,보행자,941832,1680986,126.8616066,35.1223791
2015,2015-06-04 2:05,야,목,1,2,0,1,0,경기,파주시,차대차,정면충돌,정면충돌,운전자법규위반,중앙선 침범,단일로,기타단일로,화물차,대형,화물차,대형,939879,1988355,126.8162255,37.89305787
2015,2015-06-04 12:37,주,목,1,2,0,1,0,충남,서산시,차대차,측면충돌,측면충돌,운전자법규위반,신호위반,교차로,교차로내,승용차,중형,화물차,대형,915873,1868242,126.5568692,36.80861861
2015,2015-06-05 8:32,주,금,1,2,0,1,0,경북,포항시,차량단독,기타,기타,운전자법규위반,안전운전 의무 불이행,단일로,기타단일로,이륜차,사발이,없음,없음,1172142,1777263,129.4093147,35.97695738
2015,2015-06-05 10:12,주,금,1,2,0,0,1,경남,하동군,차대차,정면충돌,정면충돌,운전자법규위반,안전운전 의무 불이행,단일로,기타단일로,승용차,경형,승용차,소형,1031353,1668459,127.843632,35.01061364
2015,2015-06-05 12:39,주,금,1,2,1,0,0,경북,안동시,차대사람,기타,기타,운전자법규위반,안전운전 의무 불이행,교차로,교차로부근,승용차,소형,보행자,보행자,1109553,1839825,128.7240591,36.54989862
2015,2015-06-06 4:30,야,토,1,2,0,1,0,경기,이천시,차대차,정면충돌,정면충돌,운전자법규위반,중앙선 침범,단일로,기타단일로,승용차,소형,화물차,대형,996289,1917044,127.4581535,37.25227091
2015,2015-06-06 15:43,주,토,1,2,1,0,0,서울,중랑구,차대차,측면충돌,측면충돌,운전자법규위반,신호위반,교차로,교차로내,이륜차,소형,이륜차,소형,964355,1956848,127.0961364,37.6103714
2015,2015-06-07 10:55,주,일,1,2,1,0,0,충북,청주시,차대차,기타,기타,운전자법규위반,앞지르기 금지위반,교차로,교차로내,이륜차,대형,이륜차,대형,1014204,1847395,127.6588602,36.62431987
2015,2015-06-07 10:17,주,일,1,2,0,1,0,경남,창원시(통합),차대차,측면충돌,측면충돌,운전자법규위반,신호위반,교차로,교차로내,이륜차,중형,승용차,중형,1108723,1699032,128.6955339,35.28087543
2015,2015-06-09 11:20,주,화,1,2,0,1,0,경북,경주시,차대차,기타,기타,운전자법규위반,안전운전 의무 불이행,단일로,기타단일로,화물차,대형,화물차,대형,1142659,1765809,129.0803712,35.87848486
2015,2015-06-09 13:20,주,화,1,2,1,0,0,경남,김해시,차대차,추돌,진행중 추돌,운전자법규위반,안전운전 의무 불이행,단일로,기타단일로,승합차,소형,화물차,소형,1117926,1691040,128.7955627,35.2077871
2015,2015-06-09 22:45,야,화,1,2,1,0,0,전북,고창군,차대차,추돌,진행중 추돌,운전자법규위반,안전운전 의무 불이행,단일로,기타단일로,화물차,대형,화물차,대형,925118.4,1719470.9,126.6746747,35.46825672
2015,2015-06-09 22:05,야,화,1,2,1,0,0,경북,예천군,차대차,측면충돌,측면충돌,운전자법규위반,안전운전 의무 불이행,단일로,기타단일로,승용차,중형,승용차,중형,1084051,1849251,128.44019,36.63744749
2015,2015-06-10 14:16,주,수,1,2,1,0,0,경남,창원시(통합),차대사람,기타,기타,운전자법규위반,안전운전 의무 불이행,단일로,기타단일로,승용차,중형,보행자,보행자,1097105,1690098,128.5667463,35.20152589
2015,2015-06-10 16:54,주,수,1,2,0,1,0,전남,장성군,차대사람,기타,기타,운전자법규위반,안전운전 의무 불이행,단일로,기타단일로,승용차,경형,보행자,보행자,937920,1706503,126.8167483,35.35221804
2015,2015-06-10 20:55,야,수,1,2,1,0,0,경기,파주시,차대차,기타,기타,운전자법규위반,중앙선 침범,교차로,교차로부근,승용차,중형,승용차,중형,941869,1994425,126.8383671,37.94789255
2015,2015-06-11 5:15,야,목,1,2,1,0,0,전남,순천시,차량단독,전도전복,전도전복,운전자법규위반,안전운전 의무 불이행,단일로,기타단일로,승용차,소형,없음,없음,977042,1665489,127.2484591,34.98405769
2015,2015-06-11 12:00,주,목,1,2,1,0,0,경남,고성군,차대차,측면충돌,측면충돌,운전자법규위반,신호위반,교차로,교차로내,이륜차,중형,승용차,중형,1076007,1665197,128.3327138,34.97882978
2015,2015-06-11 22:55,야,목,1,2,1,0,0,경남,김해시,차대사람,기타,기타,운전자법규위반,안전운전 의무 불이행,단일로,기타단일로,승용차,중형,보행자,보행자,1124360,1698447,128.8673511,35.27378069
2015,2015-06-13 1:10,야,토,1,2,0,0,1,경기,파주시,차량단독,공작물충돌,공작물충돌,운전자법규위반,안전운전 의무 불이행,교차로,교차로내,승용차,소형,없음,없음,936566,1974470,126.7797659,37.76769517
2015,2015-06-13 8:45,주,토,1,2,1,0,0,울산,울주군,차량단독,공작물충돌,공작물충돌,운전자법규위반,안전운전 의무 불이행,단일로,기타단일로,승용차,경형,없음,없음,1166068,1717294,129.3295815,35.43758519
2015,2015-06-13 11:10,주,토,1,2,0,1,0,경기,용인시,차대차,기타,기타,운전자법규위반,안전거리 미확보,단일로,기타단일로,승용차,중형,승합차,대형,966356,1899661,127.1214052,37.09498074
2015,2015-06-13 21:35,야,토,1,2,1,0,0,충남,공주시,차대차,정면충돌,정면충돌,운전자법규위반,중앙선 침범,단일로,기타단일로,원동기장치자전거,원동기장치자전거,승용차,중형,960824,1830756,127.062699,36.47362208
2015,2015-06-14 4:40,야,일,1,2,0,1,0,강원,강릉시,차대사람,기타,기타,운전자법규위반,안전운전 의무 불이행,단일로,기타단일로,승용차,소형,보행자,보행자,1136365,1961903,129.0457407,37.64649741
2015,2015-06-14 7:00,주,일,1,2,0,0,1,강원,영월군,차량단독,도로이탈,도로이탈 기타,운전자법규위반,안전운전 의무 불이행,단일로,기타단일로,화물차,소형,없음,없음,1064536,1918842,128.2278591,37.26624807
2015,2015-06-15 3:50,야,월,1,2,1,0,0,전남,무안군,차대차,기타,기타,운전자법규위반,과속,단일로,기타단일로,화물차,소형,승용차,중형,909771,1644482,126.5137267,34.79088933
2015,2015-06-15 21:15,야,월,1,2,0,1,0,충남,천안시,차대차,추돌,주정차중 추돌,운전자법규위반,안전운전 의무 불이행,기타/불명,기타/불명,승용차,경형,승용차,대형,967453,1866788,127.1351653,36.79869155
2015,2015-06-16 18:30,야,화,1,2,1,0,0,경기,성남시,차대사람,길가장자리구역통행중,길가장자리구역통행중,운전자법규위반,안전운전 의무 불이행,기타/불명,기타/불명,승용차,중형,보행자,보행자,971691,1937388,127.1800031,37.43522405
2015,2015-06-17 1:15,야,수,1,2,1,0,0,대전,유성구,차대차,기타,기타,운전자법규위반,안전운전 의무 불이행,단일로,기타단일로,화물차,대형,승용차,경형,981106,1807437,127.2896608,36.26400854
2015,2015-06-17 10:25,주,수,1,2,1,0,0,서울,은평구,차대차,측면충돌,측면충돌,운전자법규위반,차로위반(진로변경 위반),단일로,기타단일로,이륜차,소형,승합차,대형,945828,1954435,126.8864103,37.58771801
2015,2015-06-17 23:15,야,수,1,2,1,0,0,충남,아산시,차대차,측면충돌,측면충돌,운전자법규위반,신호위반,교차로,교차로내,이륜차,중형,승용차,대형,957819,1864297,127.0273141,36.77585629
2015,2015-06-18 18:05,야,목,1,2,1,0,0,경북,군위군,차대차,정면충돌,정면충돌,운전자법규위반,안전운전 의무 불이행,단일로,기타단일로,화물차,중형,화물차,소형,1106858,1798462,128.6882706,36.17738092
2015,2015-06-20 0:34,야,토,1,2,0,1,0,전북,전주시,차대차,정면충돌,정면충돌,운전자법규위반,신호위반,교차로,교차로내,원동기장치자전거,원동기장치자전거,승용차,경형,963372,1758042,127.0945283,35.81817016
2015,2015-06-21 10:30,주,일,1,2,1,0,0,경남,통영시,차대차,정면충돌,정면충돌,운전자법규위반,중앙선 침범,단일로,기타단일로,승용차,중형,승용차,소형,1084455,1650981,128.4238205,34.84998281
2015,2015-06-22 3:55,야,월,1,2,0,1,0,전남,여수시,차대차,추돌,주정차중 추돌,운전자법규위반,안전운전 의무 불이행,단일로,기타단일로,승용차,대형,화물차,중형,1014160,1645043,127.6547992,34.79984591
2015,2015-06-23 7:00,주,화,1,2,1,0,0,부산,강서구,차대차,기타,기타,운전자법규위반,신호위반,교차로,교차로내,승용차,중형,승용차,중형,1124483,1678947,128.8657584,35.09798089
2015,2015-06-23 23:15,야,화,1,2,0,0,1,부산,기장군,차대사람,횡단중,횡단중,운전자법규위반,과속,교차로,교차로부근,승용차,대형,보행자,보행자,1155994,1693566,129.2141191,35.22535796
2015,2015-06-24 8:00,주,수,1,2,1,0,0,경기,화성시,차대차,정면충돌,정면충돌,운전자법규위반,중앙선 침범,단일로,기타단일로,승용차,소형,승용차,중형,952756,1915284,126.9673827,37.23521584
2015,2015-06-24 23:42,야,수,1,2,1,0,0,대전,유성구,차대차,정면충돌,정면충돌,운전자법규위반,중앙선 침범,단일로,기타단일로,승용차,중형,승합차,대형,985590,1817562,127.339392,36.35536725
2015,2015-06-25 0:20,야,목,1,2,0,1,0,경북,김천시,차대차,추돌,진행중 추돌,운전자법규위반,안전운전 의무 불이행,단일로,기타단일로,화물차,대형,화물차,대형,1068476,1798850,128.2615366,36.18435421
2015,2015-06-25 21:32,야,목,1,2,1,0,0,경남,창원시(통합),차대차,추돌,진행중 추돌,운전자법규위반,안전운전 의무 불이행,단일로,기타단일로,승용차,대형,승용차,대형,1087661,1680679,128.4620126,35.11747436
2015,2015-06-26 7:30,주,금,1,2,1,0,0,충남,예산군,차대차,기타,기타,운전자법규위반,중앙선 침범,단일로,기타단일로,이륜차,소형,이륜차,소형,937932,1851653,126.805497,36.66078666
2015,2015-06-26 9:30,주,금,1,2,0,1,0,전남,화순군,차대사람,기타,기타,운전자법규위반,기타(운전자법규위반),기타/불명,기타/불명,화물차,중형,보행자,보행자,959554,1675518,127.0563663,35.07394235
2015,2015-06-26 14:10,주,금,1,2,1,0,0,경기,양주시,차대차,정면충돌,정면충돌,운전자법규위반,중앙선 침범,단일로,기타단일로,승용차,중형,화물차,중형,952036,1984145,126.954764,37.85583641
2015,2015-06-27 21:30,야,토,1,2,1,0,0,부산,사상구,차대차,측면충돌,측면충돌,운전자법규위반,신호위반,단일로,기타단일로,승용차,중형,이륜차,소형,1135134,1687531,128.9839855,35.17398639
2015,2015-06-29 4:35,야,월,1,2,1,0,0,서울,은평구,차대차,측면충돌,측면충돌,운전자법규위반,신호위반,교차로,교차로내,이륜차,소형,화물차,소형,945884,1954363,126.8870499,37.58707236
2015,2015-06-29 17:50,주,월,1,2,0,0,1,전남,영암군,차량단독,공작물충돌,공작물충돌,운전자법규위반,안전운전 의무 불이행,단일로,기타단일로,화물차,소형,없음,없음,905032,1642095,126.4622026,34.76893672
2015,2015-06-30 0:37,야,화,1,2,1,0,0,충남,천안시,차대차,추돌,주정차중 추돌,운전자법규위반,안전운전 의무 불이행,단일로,기타단일로,화물차,대형,화물차,소형,971764,1884061,127.1828454,36.95453706
2015,2015-06-30 18:15,야,화,1,2,1,0,0,경남,창녕군,차량단독,도로이탈,도로이탈 기타,운전자법규위반,안전운전 의무 불이행,단일로,기타단일로,화물차,소형,없음,없음,1091876,1720979,128.5127799,35.48042671
2015,2015-06-30 21:20,야,화,1,2,1,0,0,충북,옥천군,차대차,추돌,진행중 추돌,운전자법규위반,안전운전 의무 불이행,단일로,기타단일로,화물차,소형,농기계,농기계,1026753,1815951,127.7981214,36.34057951
2015,2015-07-01 6:20,주,수,1,2,0,1,0,경북,경산시,차대차,기타,기타,운전자법규위반,신호위반,교차로,교차로내,원동기장치자전거,원동기장치자전거,승용차,중형,1120421,1757921,128.8328945,35.81037297
2015,2015-07-03 23:10,야,금,1,2,1,0,0,전남,진도군,차량단독,공작물충돌,공작물충돌,운전자법규위반,안전운전 의무 불이행,기타/불명,기타/불명,승용차,중형,없음,없음,890893,1612469,126.3115375,34.50041282
2015,2015-07-04 2:05,야,토,1,2,0,1,0,전남,나주시,차대차,추돌,주정차중 추돌,운전자법규위반,안전운전 의무 불이행,단일로,기타단일로,승용차,중형,화물차,소형,930592,1671454,126.739055,35.03572111
2015,2015-07-05 15:00,주,일,1,2,0,1,0,강원,홍천군,차량단독,공작물충돌,공작물충돌,운전자법규위반,안전운전 의무 불이행,단일로,기타단일로,화물차,소형,없음,없음,1049390,1972074,128.0606225,37.74696707
2015,2015-07-06 1:06,야,월,1,2,0,1,0,경북,경주시,차량단독,기타,기타,운전자법규위반,안전운전 의무 불이행,단일로,기타단일로,원동기장치자전거,원동기장치자전거,없음,없음,1133427,1758552,128.9769175,35.81437819
2015,2015-07-06 4:20,야,월,1,2,1,0,0,대구,달성군,차대차,기타,기타,운전자법규위반,안전운전 의무 불이행,단일로,기타단일로,승용차,경형,승용차,소형,1084861,1741166,128.4375791,35.66304433
2015,2015-07-06 9:30,주,월,1,2,1,0,0,경기,양주시,차대차,추돌,진행중 추돌,운전자법규위반,안전운전 의무 불이행,단일로,기타단일로,이륜차,소형,건설기계,건설기계,955879,1970436,126.9992828,37.73247314
2015,2015-07-06 11:10,주,월,1,2,1,0,0,충북,충주시,차량단독,전도전복,전도전복,운전자법규위반,안전운전 의무 불이행,단일로,기타단일로,승용차,대형,없음,없음,1024264,1904162,127.773189,37.13584344
2015,2015-07-06 23:50,야,월,1,2,1,0,0,경북,안동시,차대차,기타,기타,운전자법규위반,신호위반,교차로,교차로내,이륜차,중형,승용차,중형,1112427,1840538,128.756268,36.55599091
2015,2015-07-07 12:20,주,화,1,2,1,0,0,대전,중구,차대차,기타,기타,운전자법규위반,안전운전 의무 불이행,단일로,기타단일로,승용차,소형,이륜차,소형,992156,1815761,127.412592,36.33920645
2015,2015-07-08 4:32,야,수,1,2,0,0,1,경남,창원시(통합),차대차,정면충돌,정면충돌,운전자법규위반,중앙선 침범,단일로,기타단일로,승용차,경형,승용차,중형,1109631,1691743,128.7045441,35.21506549
2015,2015-07-09 7:45,주,목,1,2,0,1,0,충북,청주시,차대차,측면충돌,측면충돌,운전자법규위반,직진 및 우회전차의 통행방해,교차로,교차로내,화물차,소형,승용차,중형,986936,1849982,127.3538457,36.64765787
2015,2015-07-09 8:15,주,목,1,2,0,1,0,경기,평택시,차대차,추돌,진행중 추돌,운전자법규위반,안전운전 의무 불이행,교차로,교차로부근,화물차,대형,화물차,대형,945751,1882259,126.890801,36.93715407
2015,2015-07-09 18:40,야,목,1,2,1,0,0,대구,달성군,차량단독,공작물충돌,공작물충돌,운전자법규위반,안전운전 의무 불이행,단일로,기타단일로,승용차,중형,없음,없음,1090746,1744903,128.5030119,35.69620978
2015,2015-07-10 3:40,야,금,1,2,0,1,0,서울,용산구,차대차,측면충돌,측면충돌,운전자법규위반,기타(운전자법규위반),단일로,기타단일로,이륜차,중형,화물차,중형,952600,1947400,126.9635661,37.52468406
2015,2015-07-10 3:55,야,금,1,2,1,0,0,광주,북구,차대차,추돌,주정차중 추돌,운전자법규위반,안전운전 의무 불이행,단일로,기타단일로,승용차,중형,원동기장치자전거,원동기장치자전거,948719,1687361,126.9367919,35.18023558
2015,2015-07-10 7:37,주,금,1,2,0,1,0,경기,안산시,차대차,추돌,주정차중 추돌,운전자법규위반,안전운전 의무 불이행,교차로,교차로부근,화물차,소형,승용차,중형,940571,1925836,126.829176,37.32962758
2015,2015-07-11 0:40,야,토,1,2,1,0,0,충남,예산군,차대차,기타,기타,운전자법규위반,안전운전 의무 불이행,단일로,기타단일로,승용차,소형,승용차,중형,938172,1854323,126.8079668,36.68487039
2015,2015-07-12 4:00,야,일,1,2,0,0,1,서울,강동구,차대차,기타,기타,운전자법규위반,안전운전 의무 불이행,단일로,기타단일로,승용차,대형,승용차,대형,970930.1,1951972.5,127.1708257,37.56665808
2015,2015-07-13 13:12,주,월,1,2,1,0,0,대전,중구,차량단독,기타,기타,운전자법규위반,안전운전 의무 불이행,단일로,기타단일로,승용차,중형,없음,없음,990058,1809488,127.3892934,36.2826331
2015,2015-07-13 14:40,주,월,1,2,1,0,0,경기,성남시,차대차,기타,기타,운전자법규위반,안전운전 의무 불이행,단일로,기타단일로,화물차,소형,승합차,대형,964859.1,1929016.4,127.1031769,37.35953145
2015,2015-07-13 23:10,야,월,1,2,1,0,0,충북,음성군,차대차,기타,기타,운전자법규위반,안전운전 의무 불이행,교차로,교차로부근,이륜차,사발이,이륜차,사발이,1006198,1881231,127.5695949,36.92942911
2015,2015-07-14 11:18,주,화,1,2,1,0,0,충남,아산시,차량단독,공작물충돌,공작물충돌,운전자법규위반,안전운전 의무 불이행,단일로,기타단일로,이륜차,소형,없음,없음,954621,1865234,126.9914223,36.784155
2015,2015-07-15 15:18,주,수,1,2,0,0,1,경북,칠곡군,차량단독,전도전복,전도전복,운전자법규위반,안전운전 의무 불이행,단일로,기타단일로,이륜차,소형,없음,없음,1093331,1789061,128.5367575,36.09403634
2015,2015-07-17 0:20,야,금,1,2,0,1,0,경기,안산시,차대차,측면충돌,측면충돌,운전자법규위반,신호위반,교차로,교차로내,원동기장치자전거,원동기장치자전거,승용차,중형,939427,1926333,126.816223,37.33403326
2015,2015-07-17 9:10,주,금,1,2,0,1,0,서울,강동구,차대차,정면충돌,정면충돌,운전자법규위반,중앙선 침범,단일로,기타단일로,이륜차,소형,화물차,중형,970430,1950351,127.1652283,37.55202689
2015,2015-07-17 11:00,주,금,1,2,0,1,0,충남,아산시,차대차,추돌,진행중 추돌,운전자법규위반,안전거리 미확보,단일로,기타단일로,화물차,소형,승용차,중형,957820,1881035,127.0263954,36.92673849
2015,2015-07-17 12:25,주,금,1,2,0,1,0,충남,공주시,차대차,추돌,진행중 추돌,운전자법규위반,안전운전 의무 불이행,단일로,기타단일로,승용차,소형,화물차,소형,969490,1830347,127.1594473,36.47025017
2015,2015-07-18 4:50,야,토,1,2,1,0,0,경기,용인시,차량단독,공작물충돌,공작물충돌,운전자법규위반,안전운전 의무 불이행,교차로,교차로부근,승용차,소형,없음,없음,965928,1919768,127.1156717,37.27620864
2015,2015-07-18 23:20,야,토,1,2,0,1,0,경기,의정부시,차대차,측면충돌,측면충돌,운전자법규위반,신호위반,교차로,교차로내,이륜차,중형,승용차,중형,960176,1970488,127.0480439,37.73313886
2015,2015-07-18 23:40,야,토,1,2,1,0,0,경기,평택시,차대차,기타,기타,운전자법규위반,안전운전 의무 불이행,단일로,기타단일로,승용차,경형,승용차,소형,962841,1888245,127.0824159,36.99194264
2015,2015-07-19 8:28,주,일,1,2,0,0,1,경기,용인시,차량단독,공작물충돌,공작물충돌,운전자법규위반,안전운전 의무 불이행,단일로,기타단일로,화물차,중형,없음,없음,964711,1918268,127.1020155,37.26264258
2015,2015-07-19 18:40,야,일,1,2,1,0,0,충남,당진시,차대차,정면충돌,정면충돌,운전자법규위반,중앙선 침범,단일로,기타단일로,승용차,대형,승용차,대형,914957,1890728,126.5440756,37.01121007
2015,2015-07-20 15:15,주,월,1,2,1,0,0,제주,서귀포시,차대차,측면충돌,측면충돌,운전자법규위반,신호위반,교차로,교차로내,승용차,경형,화물차,대형,896886,1480773,126.3922765,33.31348261
2015,2015-07-20 22:40,야,월,1,2,1,0,0,경북,영양군,차량단독,도로이탈,도로이탈 추락,운전자법규위반,안전운전 의무 불이행,단일로,기타단일로,승용차,중형,없음,없음,1146154,1857591,129.1362597,36.70509548
2015,2015-07-21 2:08,야,화,1,2,0,1,0,대구,수성구,차대차,기타,기타,운전자법규위반,중앙선 침범,단일로,기타단일로,이륜차,중형,승용차,중형,1100126,1762448,128.608866,35.85346237
2015,2015-07-22 8:50,주,수,1,2,0,0,1,충남,천안시,차량단독,기타,기타,운전자법규위반,안전운전 의무 불이행,단일로,기타단일로,원동기장치자전거,원동기장치자전거,없음,없음,967545,1879102,127.1356701,36.90969888
2015,2015-07-22 16:53,주,수,1,2,1,0,0,부산,해운대구,차대차,정면충돌,정면충돌,운전자법규위반,중앙선 침범,단일로,기타단일로,화물차,소형,승합차,소형,1148024,1692787,129.1264339,35.21954477
2015,2015-07-22 16:00,주,수,1,2,1,0,0,경북,성주군,차대차,측면충돌,측면충돌,운전자법규위반,신호위반,교차로,교차로내,승용차,소형,승용차,대형,1069100,1775298,128.2664125,35.97198822
2015,2015-07-22 17:03,주,수,1,2,1,0,0,전북,익산시,차대차,추돌,주정차중 추돌,운전자법규위반,안전운전 의무 불이행,교차로,교차로부근,승용차,중형,화물차,소형,963124,1776959,127.0909062,35.98871389
2015,2015-07-24 14:55,주,금,1,2,1,0,0,강원,태백시,차대차,기타,기타,운전자법규위반,중앙선 침범,단일로,기타단일로,화물차,소형,승용차,소형,1129179,1912558,128.9556744,37.20289624
2015,2015-07-24 15:45,주,금,1,2,1,0,0,경남,밀양시,차대차,추돌,주정차중 추돌,운전자법규위반,안전운전 의무 불이행,단일로,기타단일로,승용차,소형,화물차,대형,1109949,1711977,128.7107523,35.39743959
2015,2015-07-24 17:20,주,금,1,2,1,0,0,경남,밀양시,차량단독,도로이탈,도로이탈 추락,운전자법규위반,안전운전 의무 불이행,단일로,기타단일로,화물차,중형,없음,없음,1123869,1733308,128.8672561,35.58808678
2015,2015-07-25 12:35,주,토,1,2,1,0,0,강원,태백시,차대차,정면충돌,정면충돌,운전자법규위반,중앙선 침범,단일로,기타단일로,승용차,중형,건설기계,건설기계,1125691,1903319,128.9148276,37.12011611
2015,2015-07-25 21:05,야,토,1,2,0,1,0,전북,정읍시,차량단독,공작물충돌,공작물충돌,운전자법규위반,안전운전 의무 불이행,단일로,기타단일로,승용차,중형,없음,없음,949833,1742972,126.9456002,35.68170163
2015,2015-07-25 23:30,야,토,1,2,1,0,0,서울,마포구,차대차,측면충돌,측면충돌,운전자법규위반,안전운전 의무 불이행,교차로,교차로내,이륜차,소형,승용차,중형,948931,1951731,126.9217438,37.56352408
2015,2015-07-27 8:30,주,월,1,2,0,1,0,서울,성북구,차대차,측면충돌,측면충돌,운전자법규위반,안전운전 의무 불이행,단일로,기타단일로,이륜차,중형,승용차,중형,959028.5,1955160.6,127.0358825,37.59494054
2015,2015-07-28 9:30,주,화,1,2,1,0,0,경기,평택시,차대차,정면충돌,정면충돌,운전자법규위반,중앙선 침범,단일로,기타단일로,승용차,경형,화물차,중형,959788,1894913,127.0477518,37.05192311
2015,2015-07-28 22:21,야,화,1,2,1,0,0,경기,평택시,차대차,기타,기타,운전자법규위반,중앙선 침범,단일로,교량위,승용차,중형,승용차,중형,963531,1899784,127.0896103,37.09598372
2015,2015-07-29 11:40,주,수,1,2,0,0,1,제주,제주시,차대차,측면충돌,측면충돌,운전자법규위반,신호위반,교차로,교차로내,승용차,중형,이륜차,중형,907479.8,1501814.8,126.503903,33.50420887
2015,2015-07-29 22:15,야,수,1,2,1,0,0,경북,칠곡군,차대차,기타,기타,운전자법규위반,안전운전 의무 불이행,단일로,기타단일로,이륜차,대형,자전거,자전거,1081722,1769902,128.4058376,35.9223681
2015,2015-07-31 0:04,야,금,1,2,0,1,0,충남,서산시,차대사람,길가장자리구역통행중,길가장자리구역통행중,운전자법규위반,안전운전 의무 불이행,단일로,기타단일로,승용차,대형,보행자,보행자,905277,1873119,126.4374893,36.85157436
2015,2015-07-31 10:17,주,금,1,2,0,1,0,강원,철원군,차대차,측면충돌,측면충돌,운전자법규위반,교차로 통행방법 위반,교차로,교차로내,이륜차,중형,화물차,소형,992900.1,2027713,127.4188571,38.24974113
2015,2015-07-31 14:15,주,금,1,2,1,0,0,경북,상주시,차대차,측면충돌,측면충돌,운전자법규위반,중앙선 침범,기타/불명,기타/불명,승용차,중형,화물차,소형,1045245,1826756,128.0048101,36.43729499
2015,2015-07-31 21:13,야,금,1,2,1,0,0,제주,제주시,차대사람,횡단중,횡단중,운전자법규위반,보행자 보호의무 위반,단일로,횡단보도상,승용차,소형,보행자,보행자,909744.9,1501534.9,126.5283148,33.50187829
2015,2015-08-02 5:10,야,일,1,2,1,0,0,경북,영천시,차대차,추돌,진행중 추돌,운전자법규위반,안전운전 의무 불이행,단일로,기타단일로,승용차,중형,이륜차,사발이,1129517,1772458,128.9359103,35.94024096
2015,2015-08-03 12:05,주,월,1,2,0,1,0,충남,논산시,차대차,기타,기타,운전자법규위반,교차로 통행방법 위반,교차로,교차로내,화물차,소형,화물차,중형,958159,1804279,127.0343756,36.23481629
2015,2015-08-03 13:05,주,월,1,2,1,0,0,전남,고흥군,차대차,추돌,주정차중 추돌,운전자법규위반,안전운전 의무 불이행,단일로,기타단일로,승합차,소형,화물차,소형,977235,1639471,127.2512811,34.74944333
2015,2015-08-04 20:05,야,화,1,2,0,1,0,전북,고창군,차대차,추돌,진행중 추돌,운전자법규위반,안전운전 의무 불이행,단일로,기타단일로,원동기장치자전거,원동기장치자전거,농기계,농기계,925115,1725299,126.6740996,35.52080124
2015,2015-08-06 9:00,주,목,1,2,0,1,0,충북,청주시,차대사람,횡단중,횡단중,운전자법규위반,안전운전 의무 불이행,단일로,기타단일로,승합차,대형,보행자,보행자,993484,1847505,127.4271228,36.62539514
2015,2015-08-06 12:21,주,목,1,2,1,0,0,경남,합천군,차대차,정면충돌,정면충돌,운전자법규위반,중앙선 침범,단일로,기타단일로,화물차,소형,화물차,중형,1055967,1710619,128.1162578,35.38969099
2015,2015-08-06 22:40,야,목,1,2,1,0,0,부산,사상구,차대차,측면충돌,측면충돌,운전자법규위반,신호위반,교차로,교차로내,승용차,중형,원동기장치자전거,원동기장치자전거,1135109,1689733,128.984072,35.19383888
2015,2015-08-07 6:00,주,금,1,2,0,1,0,경기,고양시,차대차,측면충돌,측면충돌,운전자법규위반,신호위반,교차로,교차로내,승용차,중형,화물차,소형,942030,1966319,126.8424506,37.69459534
2015,2015-08-07 9:20,주,금,1,2,0,1,0,경북,포항시,차대차,추돌,진행중 추돌,운전자법규위반,안전운전 의무 불이행,교차로,교차로부근,특수차,대형,건설기계,건설기계,1166051,1781044,129.3425808,36.01208491
2015,2015-08-07 10:50,주,금,1,2,0,1,0,광주,광산구,차대차,측면충돌,측면충돌,운전자법규위반,중앙선 침범,단일로,기타단일로,승용차,대형,화물차,대형,926897,1685608,126.6972988,35.16307855
2015,2015-08-07 18:49,야,금,1,2,1,0,0,경남,양산시,차량단독,공작물충돌,공작물충돌,운전자법규위반,안전운전 의무 불이행,교차로,교차로내,원동기장치자전거,원동기장치자전거,없음,없음,1150972,1712683,129.1624794,35.39843161
2015,2015-08-07 22:35,야,금,1,2,0,1,0,광주,남구,차대사람,차도통행중,차도통행중,운전자법규위반,안전운전 의무 불이행,단일로,횡단보도부근,승용차,중형,보행자,보행자,945527,1682930,126.902029,35.14011446
2015,2015-08-08 17:50,주,토,1,2,1,0,0,경북,포항시,차량단독,공작물충돌,공작물충돌,운전자법규위반,안전운전 의무 불이행,단일로,기타단일로,원동기장치자전거,원동기장치자전거,없음,없음,1163935,1806516,129.3244171,36.24197611