발생년,발생년월일시분,주야,요일,사망자수,사상자수,중상자수,경상자수,부상신고자수,발생지시도,발생지시군구,사고유형_대분류,사고유형_중분류,사고유형,법규위반_대분류,법규위반,도로형태_대분류,도로형태,가해자_당사자종별_대분류,가해자_당사자종별,피해자_당사자종별_대분류,피해자_당사자종별,발생위치X_UTMK,발생위치Y_UTMK,경도,위도
2015,2015-08-09 22:18,야,일,1,2,1,0,0,충남,청양군,차대차,추돌,진행중 추돌,운전자법규위반,안전운전 의무 불이행,단일로,기타단일로,화물차,소형,농기계,농기계,952085,1823236,126.9656186,36.40543282
2015,2015-08-10 14:25,주,월,1,2,1,0,0,경기,안산시,차대차,정면충돌,정면충돌,운전자법규위반,중앙선 침범,단일로,기타단일로,승용차,소형,승용차,중형,917765,1921151,126.5722915,37.28566328
2015,2015-08-12 20:10,야,수,1,2,1,0,0,대구,달성군,차대차,추돌,진행중 추돌,운전자법규위반,안전운전 의무 불이행,단일로,기타단일로,화물차,소형,화물차,중형,1084987,1767486,128.4417656,35.90030972
2015,2015-08-13 7:40,주,목,1,2,0,1,0,경기,시흥시,차대차,측면충돌,측면충돌,운전자법규위반,신호위반,교차로,교차로내,이륜차,중형,승용차,중형,929078,1927297,126.699316,37.34198902
2015,2015-08-13 14:27,주,목,1,2,1,0,0,경남,창원시(통합),차대차,기타,기타,운전자법규위반,안전운전 의무 불이행,단일로,기타단일로,승용차,중형,화물차,중형,1106630,1697489,128.6723229,35.26719032
2015,2015-08-14 13:50,주,금,1,2,0,1,0,경남,함안군,차대차,정면충돌,정면충돌,운전자법규위반,중앙선 침범,단일로,기타단일로,자전거,자전거,원동기장치자전거,원동기장치자전거,1077128,1703441,128.3485666,35.32356159
2015,2015-08-14 15:20,주,금,1,2,0,1,0,경기,안산시,차대차,기타,기타,운전자법규위반,중앙선 침범,교차로,교차로부근,화물차,경형,승용차,대형,934902,1926407,126.7651398,37.33439401
2015,2015-08-15 8:35,주,토,1,2,1,0,0,경남,산청군,차대차,측면충돌,측면충돌,운전자법규위반,안전운전 의무 불이행,단일로,기타단일로,승용차,경형,화물차,소형,1045496,1704371,128.0006172,35.33388865
2015,2015-08-16 6:30,주,일,1,2,1,0,0,부산,강서구,차대차,측면충돌,측면충돌,운전자법규위반,교차로 통행방법 위반,교차로,교차로내,건설기계,건설기계,승용차,중형,1123121,1683472,128.8514926,35.13894003
2015,2015-08-17 23:00,야,월,1,2,1,0,0,강원,인제군,차량단독,기타,기타,운전자법규위반,안전운전 의무 불이행,단일로,기타단일로,승용차,중형,없음,없음,1078420,2011483,128.3944017,38.10009018
2015,2015-08-18 0:33,야,화,1,2,1,0,0,경기,이천시,차대차,기타,기타,운전자법규위반,안전운전 의무 불이행,단일로,기타단일로,화물차,중형,승용차,중형,1002883,1915566,127.532504,37.23895107
2015,2015-08-18 8:30,주,화,1,2,1,0,0,전북,장수군,차대차,추돌,진행중 추돌,운전자법규위반,안전운전 의무 불이행,기타/불명,기타/불명,화물차,중형,원동기장치자전거,원동기장치자전거,1006456,1744386,127.5713586,35.69570615
2015,2015-08-19 14:47,주,수,1,2,1,0,0,충남,홍성군,차량단독,공작물충돌,공작물충돌,운전자법규위반,안전운전 의무 불이행,교차로,교차로내,화물차,소형,없음,없음,911501,1840978,126.5110138,36.56247421
2015,2015-08-20 6:50,주,목,1,2,1,0,0,전남,광양시,차대차,기타,기타,운전자법규위반,신호위반,교차로,교차로내,승용차,중형,승용차,대형,1020319,1661582,127.7225314,34.94888308
2015,2015-08-21 2:50,야,금,1,2,1,0,0,강원,동해시,차량단독,공작물충돌,공작물충돌,운전자법규위반,안전운전 의무 불이행,교차로,교차로부근,승용차,중형,없음,없음,1143055,1948546,129.1189376,37.52513403
2015,2015-08-21 4:20,야,금,1,2,1,0,0,경기,성남시,차량단독,기타,기타,운전자법규위반,과속,단일로,기타단일로,이륜차,소형,없음,없음,966685,1940221,127.1232898,37.46059271
2015,2015-08-21 6:24,주,금,1,2,1,0,0,경남,양산시,차량단독,전도전복,전도전복,운전자법규위반,안전운전 의무 불이행,단일로,기타단일로,승용차,중형,없음,없음,1141053,1704336,129.0518493,35.32464896
2015,2015-08-21 9:35,주,금,1,2,1,0,0,경북,영양군,차대차,측면충돌,측면충돌,운전자법규위반,신호위반,교차로,교차로내,화물차,대형,화물차,소형,1141891,1845567,129.0863257,36.59738765
2015,2015-08-21 12:15,주,금,1,2,0,0,1,경북,구미시,차대차,기타,기타,운전자법규위반,안전거리 미확보,단일로,기타단일로,승용차,중형,농기계,농기계,1076348,1794787,128.3486797,36.14713858
2015,2015-08-22 1:57,야,토,1,2,0,1,0,서울,종로구,차대사람,기타,기타,운전자법규위반,안전운전 의무 불이행,단일로,기타단일로,승용차,중형,보행자,보행자,954914,1952457,126.9894423,37.57038003
2015,2015-08-22 2:25,야,토,1,2,0,1,0,인천,서구,차대차,추돌,주정차중 추돌,운전자법규위반,안전운전 의무 불이행,단일로,횡단보도부근,화물차,소형,화물차,대형,924788.2,1946292.6,126.6489545,37.51285457
2015,2015-08-22 3:00,야,토,1,2,0,1,0,부산,서구,차대사람,횡단중,횡단중,운전자법규위반,안전운전 의무 불이행,단일로,기타단일로,승용차,중형,보행자,보행자,1139014,1677598,129.0249105,35.08392046
2015,2015-08-22 19:15,야,토,1,2,0,1,0,충남,아산시,차대차,정면충돌,정면충돌,운전자법규위반,중앙선 침범,기타/불명,기타/불명,원동기장치자전거,원동기장치자전거,승용차,중형,955788,1857005,127.0049775,36.71003007
2015,2015-08-22 23:30,야,토,1,2,1,0,0,충북,충주시,차량단독,공작물충돌,공작물충돌,운전자법규위반,안전운전 의무 불이행,단일로,기타단일로,승용차,소형,없음,없음,1036112,1887470,127.9057813,36.98499742
2015,2015-08-23 1:08,야,일,1,2,0,1,0,경북,구미시,차대차,기타,기타,운전자법규위반,안전운전 의무 불이행,교차로,교차로부근,승용차,중형,화물차,대형,1076011,1790625,128.3445319,36.1096456
2015,2015-08-23 3:20,야,일,1,2,0,1,0,전남,장성군,차량단독,공작물충돌,공작물충돌,운전자법규위반,안전운전 의무 불이행,단일로,기타단일로,승용차,소형,없음,없음,938675,1692789,126.8260829,35.22861407
2015,2015-08-23 6:37,주,일,1,2,1,0,0,경북,구미시,차대차,기타,기타,운전자법규위반,안전운전 의무 불이행,단일로,기타단일로,승용차,경형,특수차,대형,1078279,1786409,128.3693097,36.07145908
2015,2015-08-23 21:10,야,일,1,2,1,0,0,전남,영암군,차량단독,도로이탈,도로이탈 추락,운전자법규위반,안전운전 의무 불이행,단일로,기타단일로,승용차,대형,없음,없음,911010,1638138,126.5279389,34.73379768
2015,2015-08-23 21:50,야,일,1,2,0,1,0,경북,영덕군,차대차,추돌,진행중 추돌,운전자법규위반,과속,단일로,기타단일로,승용차,중형,승용차,중형,1168308,1826124,129.3772959,36.41790413
2015,2015-08-24 19:10,야,월,1,2,0,1,0,전남,나주시,차대사람,길가장자리구역통행중,길가장자리구역통행중,운전자법규위반,안전운전 의무 불이행,단일로,기타단일로,원동기장치자전거,원동기장치자전거,보행자,보행자,940062,1671840,126.8428436,35.03980826
2015,2015-08-25 5:09,야,화,1,2,0,1,0,서울,광진구,차대사람,기타,기타,운전자법규위반,과속,단일로,기타단일로,승용차,중형,보행자,보행자,962889,1952401,127.0797522,37.57023131
2015,2015-08-25 5:00,야,화,1,2,1,0,0,서울,서초구,차대차,추돌,주정차중 추돌,운전자법규위반,안전운전 의무 불이행,단일로,기타단일로,화물차,중형,승용차,대형,959784.8,1939952.8,127.0452823,37.45790083
2015,2015-08-29 16:50,주,토,1,2,1,0,0,부산,기장군,차대차,정면충돌,정면충돌,운전자법규위반,중앙선 침범,단일로,기타단일로,건설기계,건설기계,화물차,소형,1154808,1699735,129.2022543,35.28114343
2015,2015-08-29 19:55,야,토,1,2,1,0,0,충북,영동군,차대차,측면충돌,측면충돌,운전자법규위반,신호위반,교차로,교차로내,이륜차,중형,승용차,소형,1024064,1796513,127.7675587,36.16540792
2015,2015-08-30 10:45,주,일,1,2,1,0,0,경기,광주시,차대차,추돌,주정차중 추돌,운전자법규위반,안전운전 의무 불이행,단일로,기타단일로,이륜차,대형,화물차,소형,979873,1940931,127.2723926,37.46737368
2015,2015-09-02 1:30,야,수,1,2,1,0,0,대구,동구,차량단독,공작물충돌,공작물충돌,운전자법규위반,안전운전 의무 불이행,단일로,기타단일로,승용차,중형,없음,없음,1101733,1765990,128.6271121,35.8852258
2015,2015-09-02 21:15,야,수,1,2,0,1,0,경북,청도군,차대사람,횡단중,횡단중,운전자법규위반,안전운전 의무 불이행,단일로,기타단일로,승용차,소형,보행자,보행자,1111852,1739789,128.7355409,35.64794085
2015,2015-09-03 14:30,주,목,1,2,0,0,1,부산,강서구,차대차,추돌,진행중 추돌,운전자법규위반,안전운전 의무 불이행,단일로,기타단일로,화물차,중형,화물차,중형,1134162,1691746,128.9740008,35.21211138
2015,2015-09-03 15:00,주,목,1,2,1,0,0,경남,산청군,차량단독,공작물충돌,공작물충돌,운전자법규위반,안전운전 의무 불이행,교차로,교차로부근,승용차,대형,없음,없음,1027060,1718005,127.7982114,35.45749256
2015,2015-09-04 14:30,주,금,1,2,1,0,0,강원,평창군,차대차,정면충돌,정면충돌,운전자법규위반,중앙선 침범,단일로,기타단일로,승용차,중형,화물차,중형,1090913,1954478,128.5297,37.58520891
2015,2015-09-05 17:30,주,토,1,2,0,1,0,전북,진안군,차대차,측면충돌,측면충돌,운전자법규위반,과속,교차로,교차로부근,화물차,소형,승용차,중형,991761,1753948,127.4088355,35.78190696
2015,2015-09-06 10:20,주,일,1,2,0,1,0,충남,서천군,차대차,정면충돌,정면충돌,운전자법규위반,중앙선 침범,단일로,기타단일로,이륜차,소형,승용차,중형,924276,1789189,126.6587945,36.09672276
2015,2015-09-06 14:50,주,일,1,2,0,1,0,전북,완주군,차대차,추돌,진행중 추돌,운전자법규위반,안전운전 의무 불이행,단일로,기타단일로,이륜차,대형,화물차,소형,976203,1746423,127.2369109,35.71380612
2015,2015-09-06 21:10,야,일,1,2,0,1,0,경기,양주시,차대차,측면충돌,측면충돌,운전자법규위반,부당한 회전,단일로,기타단일로,승용차,중형,이륜차,중형,960812,1983405,127.0545632,37.84958656
2015,2015-09-06 22:20,야,일,1,2,1,0,0,인천,서구,차대차,정면충돌,정면충돌,운전자법규위반,신호위반,단일로,기타단일로,원동기장치자전거,원동기장치자전거,승합차,대형,926996,1943306,126.6742305,37.48611451
2015,2015-09-07 13:17,주,월,1,2,1,0,0,충북,음성군,차량단독,공작물충돌,공작물충돌,운전자법규위반,안전운전 의무 불이행,단일로,기타단일로,승합차,중형,없음,없음,1013113,1883267,127.6472759,36.94771174
2015,2015-09-08 9:40,주,화,1,2,1,0,0,경북,구미시,차대차,기타,기타,운전자법규위반,안전운전 의무 불이행,단일로,기타단일로,화물차,중형,화물차,중형,1082991,1796781,128.4227252,36.16456755
2015,2015-09-08 13:45,주,화,1,2,1,0,0,경남,창녕군,차량단독,전도전복,전도전복,운전자법규위반,안전운전 의무 불이행,단일로,기타단일로,농기계,농기계,없음,없음,1083640,1719790,128.4218803,35.47043495
2015,2015-09-08 22:25,야,화,1,2,1,0,0,경남,함안군,차대차,추돌,진행중 추돌,운전자법규위반,안전운전 의무 불이행,단일로,기타단일로,승용차,대형,원동기장치자전거,원동기장치자전거,1093899,1700090,128.5326737,35.29191496
2015,2015-09-09 10:02,주,수,1,2,1,0,0,전남,나주시,차대차,정면충돌,정면충돌,운전자법규위반,중앙선 침범,단일로,기타단일로,승용차,대형,승용차,대형,929462,1671454,126.7266674,35.03564279
2015,2015-09-10 22:34,야,목,1,2,1,0,0,전북,임실군,차대차,정면충돌,정면충돌,운전자법규위반,중앙선 침범,단일로,기타단일로,승용차,중형,승용차,중형,983509,1733296,127.3179511,35.59559707
2015,2015-09-11 15:20,주,금,1,2,1,0,0,경기,안성시,차대차,정면충돌,정면충돌,운전자법규위반,중앙선 침범,단일로,기타단일로,화물차,소형,화물차,소형,971109,1895867,127.1750357,37.06093969
2015,2015-09-11 23:40,야,금,1,2,0,1,0,서울,도봉구,차대사람,횡단중,횡단중,운전자법규위반,안전운전 의무 불이행,단일로,횡단보도상,원동기장치자전거,원동기장치자전거,보행자,보행자,959798,1963808,127.0441231,37.67291503
2015,2015-09-12 2:18,야,토,1,2,1,0,0,충남,홍성군,차대차,정면충돌,정면충돌,운전자법규위반,과속,단일로,기타단일로,승용차,중형,승용차,소형,922857,1842783,126.6377236,36.57972969
2015,2015-09-12 10:45,주,토,1,2,1,0,0,경기,시흥시,차대차,추돌,주정차중 추돌,운전자법규위반,안전운전 의무 불이행,단일로,기타단일로,승용차,중형,승용차,소형,937634,1933437,126.7953856,37.39794425
2015,2015-09-12 20:40,야,토,1,2,0,1,0,인천,계양구,차대차,측면충돌,측면충돌,운전자법규위반,앞지르기 방법위반,단일로,기타단일로,승용차,중형,승용차,소형,936104,1953216,126.7763833,37.57610747
2015,2015-09-12 22:05,야,토,1,2,1,0,0,충북,충주시,차대차,기타,기타,운전자법규위반,신호위반,교차로,교차로내,원동기장치자전거,원동기장치자전거,승용차,중형,1037263,1885950,127.9186394,36.97125089
2015,2015-09-12 22:15,야,토,1,2,0,0,1,충남,서산시,차대사람,횡단중,횡단중,운전자법규위반,과속,단일로,기타단일로,승용차,중형,보행자,보행자,906489,1864121,126.4521882,36.77059429
2015,2015-09-13 9:16,주,일,1,2,0,1,0,강원,삼척시,차대차,추돌,주정차중 추돌,운전자법규위반,안전운전 의무 불이행,단일로,기타단일로,승용차,경형,자전거,자전거,1142072,1935840,129.1053665,37.41080285
2015,2015-09-13 15:55,주,일,1,2,0,1,0,경기,안성시,차대차,측면충돌,측면충돌,운전자법규위반,중앙선 침범,단일로,기타단일로,원동기장치자전거,원동기장치자전거,승용차,중형,997479,1898560,127.4716347,37.08565695
2015,2015-09-14 8:37,주,월,1,2,0,1,0,경남,진주시,차대차,추돌,진행중 추돌,운전자법규위반,안전운전 의무 불이행,단일로,기타단일로,화물차,소형,화물차,소형,1056869,1691881,128.1248888,35.22068973
2015,2015-09-15 8:10,주,화,1,2,1,0,0,경기,이천시,차대차,측면충돌,측면충돌,운전자법규위반,과속,교차로,교차로내,승용차,중형,농기계,농기계,993619,1912930,127.4280809,37.21517258
2015,2015-09-15 14:30,주,화,1,2,0,1,0,강원,홍천군,차대차,추돌,진행중 추돌,운전자법규위반,안전운전 의무 불이행,단일로,터널안,화물차,중형,화물차,중형,1006047.6,1968729.9,127.5686196,37.71813898
2015,2015-09-16 1:20,야,수,1,2,1,0,0,경기,광주시,차대차,추돌,진행중 추돌,운전자법규위반,안전운전 의무 불이행,단일로,기타단일로,화물차,소형,화물차,대형,978452,1939691,127.2563595,37.45616471
2015,2015-09-16 6:50,주,수,1,2,0,1,0,경남,함안군,차대차,측면충돌,측면충돌,운전자법규위반,신호위반,교차로,교차로내,승용차,중형,화물차,경형,1084372,1698499,128.4277478,35.2784199
2015,2015-09-16 11:25,주,수,1,2,1,0,0,경북,포항시,차대차,기타,기타,운전자법규위반,중앙선 침범,단일로,기타단일로,이륜차,소형,특수차,대형,1169629,1794408,129.3851374,36.13189083
2015,2015-09-16 14:25,주,수,1,2,1,0,0,울산,울주군,차량단독,공작물충돌,공작물충돌,운전자법규위반,안전운전 의무 불이행,단일로,기타단일로,화물차,소형,없음,없음,1146657,1728804,129.1178891,35.54437694
2015,2015-09-18 4:00,야,금,1,2,1,0,0,경북,칠곡군,차대차,추돌,진행중 추돌,운전자법규위반,부당한 회전,교차로,교차로내,화물차,중형,화물차,소형,1093166,1784861,128.5344289,36.05619188
2015,2015-09-18 10:48,주,금,1,2,1,0,0,충북,청주시,차대차,측면충돌,측면충돌,운전자법규위반,중앙선 침범,단일로,기타단일로,승용차,소형,승용차,중형,990594.3,1849779.3,127.3947755,36.64587373
2015,2015-09-18 23:50,야,금,1,2,0,1,0,서울,영등포구,차대차,추돌,진행중 추돌,운전자법규위반,안전운전 의무 불이행,단일로,기타단일로,승용차,중형,승용차,중형,947514,1947514,126.9060015,37.52543611
2015,2015-09-19 3:25,야,토,1,2,1,0,0,서울,서대문구,차대차,기타,기타,운전자법규위반,안전운전 의무 불이행,교차로,교차로내,승용차,중형,원동기장치자전거,원동기장치자전거,949748,1952090,126.9309697,37.56680473
2015,2015-09-19 6:40,주,토,1,2,1,0,0,부산,부산진구,차대차,추돌,진행중 추돌,운전자법규위반,신호위반,단일로,기타단일로,승용차,중형,승용차,중형,1138879,1685039,129.0246794,35.15101275
2015,2015-09-19 17:00,주,토,1,2,1,0,0,경기,양평군,차대사람,기타,기타,운전자법규위반,안전운전 의무 불이행,단일로,기타단일로,화물차,대형,보행자,보행자,1011663,1940960,127.6318925,37.46778067
2015,2015-09-20 0:40,야,일,1,2,1,0,0,대구,달성군,차대차,추돌,진행중 추돌,운전자법규위반,과속,단일로,기타단일로,승용차,소형,화물차,중형,1084170,1763128,128.4322528,35.86109333
2015,2015-09-20 13:40,주,일,1,2,0,1,0,충북,청주시,차대차,기타,기타,운전자법규위반,앞지르기 금지위반,교차로,교차로내,이륜차,소형,자전거,자전거,999150,1847689,127.4904931,36.6270758
2015,2015-09-21 14:00,주,월,1,2,0,1,0,전남,여수시,차량단독,도로이탈,도로이탈 추락,운전자법규위반,안전운전 의무 불이행,단일로,기타단일로,농기계,농기계,없음,없음,1008394,1632738,127.5916419,34.68894561
2015,2015-09-22 9:28,주,화,1,2,1,0,0,경기,고양시,차대차,추돌,진행중 추돌,운전자법규위반,안전운전 의무 불이행,단일로,기타단일로,승용차,중형,승용차,소형,936909,1959077,126.7849938,37.62898706
2015,2015-09-22 10:25,주,화,1,2,0,1,0,경기,양평군,차대차,측면충돌,측면충돌,운전자법규위반,안전운전 의무 불이행,교차로,교차로내,이륜차,사발이,승용차,소형,1004886,1947789,127.5552994,37.52939567
2015,2015-09-22 11:10,주,화,1,2,1,0,0,부산,강서구,차대차,측면충돌,측면충돌,운전자법규위반,신호위반,교차로,교차로내,특수차,대형,승용차,경형,1129904,1679114,128.9252448,35.09880183
2015,2015-09-22 13:35,주,화,1,2,1,0,0,경북,의성군,차대차,정면충돌,정면충돌,운전자법규위반,중앙선 침범,단일로,기타단일로,화물차,소형,화물차,소형,1076020,1820059,128.3474917,36.37498042
2015,2015-09-22 19:40,야,화,1,2,0,1,0,충북,청주시,차대차,정면충돌,정면충돌,운전자법규위반,중앙선 침범,단일로,기타단일로,승용차,중형,승합차,대형,987086.7,1845066.3,127.3556143,36.60334504
2015,2015-09-22 21:15,야,화,1,2,1,0,0,경남,하동군,차대사람,차도통행중,차도통행중,운전자법규위반,안전운전 의무 불이행,단일로,기타단일로,원동기장치자전거,원동기장치자전거,보행자,보행자,1022848,1675722,127.7506172,35.07633432
2015,2015-09-23 6:50,주,수,1,2,0,1,0,강원,태백시,차대차,정면충돌,정면충돌,운전자법규위반,중앙선 침범,단일로,기타단일로,승용차,중형,건설기계,건설기계,1137562,1899234,129.0476606,37.08163655
2015,2015-09-23 7:40,주,수,1,2,0,1,0,전남,완도군,차대차,추돌,진행중 추돌,운전자법규위반,안전운전 의무 불이행,교차로,교차로내,승용차,소형,승용차,소형,931645,1591198,126.7570889,34.31211189
2015,2015-09-23 9:50,주,수,1,2,1,0,0,충남,아산시,차대차,기타,기타,운전자법규위반,신호위반,교차로,교차로내,건설기계,건설기계,원동기장치자전거,원동기장치자전거,945201,1874618,126.8851778,36.86824582
2015,2015-09-23 18:45,야,수,1,2,1,0,0,강원,원주시,차대차,추돌,진행중 추돌,운전자법규위반,안전운전 의무 불이행,단일로,기타단일로,승용차,소형,농기계,농기계,1029045,1926395,127.8278845,37.3361137
2015,2015-09-23 19:50,야,수,1,2,0,1,0,경남,창원시(통합),차대차,추돌,진행중 추돌,운전자법규위반,안전운전 의무 불이행,교차로,교차로내,특수차,대형,승용차,중형,1104433,1694469,128.6477888,35.24019588
2015,2015-09-24 6:10,주,목,1,2,1,0,0,경기,안성시,차대차,추돌,진행중 추돌,운전자법규위반,안전운전 의무 불이행,단일로,기타단일로,화물차,소형,화물차,대형,974975,1901218,127.2183413,37.10928577
2015,2015-09-24 21:50,야,목,1,2,0,1,0,경남,창원시(통합),차대차,추돌,주정차중 추돌,운전자법규위반,안전운전 의무 불이행,단일로,횡단보도상,승용차,중형,이륜차,소형,1101930,1696825,128.6205762,35.26169376
2015,2015-09-25 18:40,야,금,1,2,1,0,0,경북,성주군,차대차,정면충돌,정면충돌,운전자법규위반,중앙선 침범,단일로,기타단일로,승용차,경형,화물차,소형,1058144,1770526,128.1445536,35.92968111
2015,2015-09-25 20:45,야,금,1,2,1,0,0,제주,서귀포시,차대사람,횡단중,횡단중,운전자법규위반,안전운전 의무 불이행,교차로,교차로내,승합차,소형,보행자,보행자,939090,1483457,126.8454461,33.34090545
2015,2015-09-26 7:28,주,토,1,2,0,1,0,광주,남구,차대차,측면충돌,측면충돌,운전자법규위반,신호위반,교차로,교차로내,승용차,경형,승용차,중형,946913,1683037,126.9172361,35.14115337
2015,2015-09-26 16:10,주,토,1,2,0,1,0,광주,광산구,차대차,정면충돌,정면충돌,운전자법규위반,신호위반,교차로,교차로내,이륜차,중형,승용차,중형,939271,1689489,126.8328756,35.19889587
2015,2015-09-27 4:30,야,일,1,2,1,0,0,경남,김해시,차대차,측면충돌,측면충돌,운전자법규위반,신호위반,교차로,교차로내,승용차,중형,승용차,중형,1124363,1696970,128.8671604,35.26046594
2015,2015-09-28 1:45,야,월,1,2,0,1,0,충북,청주시,차량단독,공작물충돌,공작물충돌,운전자법규위반,안전운전 의무 불이행,교차로,교차로부근,승용차,중형,없음,없음,1001023,1841662,127.5114338,36.572742
2015,2015-09-30 19:40,야,수,1,2,0,1,0,충북,영동군,차대차,추돌,진행중 추돌,운전자법규위반,안전운전 의무 불이행,단일로,기타단일로,승용차,중형,농기계,농기계,1038761,1801368,127.9312057,36.20870108
2015,2015-10-01 18:10,야,목,1,2,0,1,0,전남,광양시,차대차,정면충돌,정면충돌,운전자법규위반,중앙선 침범,단일로,기타단일로,승용차,대형,승용차,경형,1022496,1664304,127.746447,34.97338247
2015,2015-10-01 19:30,야,목,1,2,0,0,1,제주,서귀포시,차량단독,기타,기타,운전자법규위반,안전운전 의무 불이행,단일로,기타단일로,화물차,소형,없음,없음,889562,1472426,126.3146289,33.23748271
2015,2015-10-02 15:05,주,금,1,2,1,0,0,경북,상주시,차대차,측면충돌,측면충돌,운전자법규위반,중앙선 침범,교차로,교차로내,원동기장치자전거,원동기장치자전거,화물차,소형,1058067,1820039,128.1473586,36.3760523
2015,2015-10-03 8:05,주,토,1,2,1,0,0,제주,서귀포시,차대차,정면충돌,정면충돌,운전자법규위반,중앙선 침범,단일로,기타단일로,승용차,중형,화물차,소형,924139,1489988,126.6842421,33.39885743
2015,2015-10-03 12:50,주,토,1,2,0,1,0,충남,예산군,차대차,측면충돌,측면충돌,운전자법규위반,직진 및 우회전차의 통행방해,교차로,교차로내,승용차,중형,이륜차,중형,940343,1854459,126.8322544,36.68623507
2015,2015-10-04 6:15,주,일,1,2,1,0,0,광주,광산구,차대차,정면충돌,정면충돌,운전자법규위반,기타(운전자법규위반),단일로,기타단일로,승용차,대형,승용차,중형,941349,1688786,126.8557517,35.19268082
2015,2015-10-05 23:10,야,월,1,2,0,1,0,전북,전주시,차대차,추돌,진행중 추돌,운전자법규위반,안전운전 의무 불이행,단일로,기타단일로,화물차,소형,화물차,소형,965195,1750580,127.115033,35.75095867
2015,2015-10-06 20:29,야,화,1,2,1,0,0,대구,북구,차대차,추돌,진행중 추돌,운전자법규위반,안전운전 의무 불이행,교차로,교차로부근,승용차,경형,자전거,자전거,1098260,1767679,128.5888492,35.90080613
2015,2015-10-09 14:18,주,금,1,2,0,0,1,경북,청송군,차대차,정면충돌,정면충돌,운전자법규위반,중앙선 침범,단일로,기타단일로,건설기계,건설기계,화물차,소형,1134744,1841115,129.0056693,36.5583031
2015,2015-10-09 16:00,주,금,1,2,0,1,0,경기,안산시,차대차,측면충돌,측면충돌,운전자법규위반,부당한 회전,교차로,교차로부근,자전거,자전거,승용차,소형,936855,1925849,126.7872323,37.32949951
2015,2015-10-10 12:50,주,토,1,2,1,0,0,경기,평택시,차대차,기타,기타,운전자법규위반,중앙선 침범,단일로,기타단일로,승용차,중형,승용차,경형,962589,1902589,127.0788701,37.12123089
2015,2015-10-11 16:30,주,일,1,2,1,0,0,경기,가평군,차대차,기타,기타,운전자법규위반,안전운전 의무 불이행,교차로,교차로내,승용차,중형,승용차,대형,996888,1965519,127.4647032,37.68921268
2015,2015-10-11 18:30,야,일,1,2,1,0,0,서울,관악구,차대차,기타,기타,운전자법규위반,신호위반,교차로,교차로내,이륜차,중형,승용차,중형,948962,1943567,126.9226622,37.4899423
2015,2015-10-11 19:04,야,일,1,2,0,1,0,강원,춘천시,차대차,정면충돌,정면충돌,운전자법규위반,중앙선 침범,단일로,기타단일로,승용차,경형,승합차,대형,1016836,1988530,127.6914908,37.89646537
2015,2015-10-12 14:10,주,월,1,2,1,0,0,전남,장흥군,차량단독,공작물충돌,공작물충돌,운전자법규위반,안전운전 의무 불이행,단일로,기타단일로,화물차,소형,없음,없음,955118,1639729,127.0096341,34.75103664
2015,2015-10-13 7:14,주,화,1,2,1,0,0,충북,옥천군,차대차,정면충돌,정면충돌,운전자법규위반,중앙선 침범,단일로,기타단일로,화물차,소형,승용차,중형,1014125,1821494,127.6575029,36.39081982
2015,2015-10-13 10:30,주,화,1,2,1,0,0,충남,서산시,차대차,측면충돌,측면충돌,운전자법규위반,안전운전 의무 불이행,단일로,기타단일로,이륜차,소형,승용차,중형,913715,1857945,126.5338443,36.71561224
2015,2015-10-14 3:50,야,수,1,2,0,1,0,경기,용인시,차대차,추돌,진행중 추돌,운전자법규위반,안전운전 의무 불이행,단일로,기타단일로,승용차,중형,화물차,대형,964322,1921282,127.0974839,37.2897953
2015,2015-10-14 7:04,주,수,1,2,1,0,0,강원,춘천시,차대차,정면충돌,정면충돌,운전자법규위반,중앙선 침범,단일로,기타단일로,승용차,소형,승합차,소형,1018061,1994120,127.705564,37.94682434
2015,2015-10-14 10:40,주,수,1,2,1,0,0,충북,청주시,차대차,정면충돌,정면충돌,운전자법규위반,안전운전 의무 불이행,교차로,교차로내,승용차,중형,승합차,경형,988270,1842889,127.3688781,36.58373193
2015,2015-10-14 10:10,주,수,1,2,0,1,0,충남,보령시,차대차,추돌,진행중 추돌,운전자법규위반,안전운전 의무 불이행,단일로,기타단일로,화물차,소형,화물차,대형,917989,1833287,126.5843268,36.49372696
2015,2015-10-14 13:20,주,수,1,2,0,1,0,경기,파주시,차대차,측면충돌,측면충돌,운전자법규위반,안전운전 의무 불이행,교차로,교차로내,이륜차,소형,화물차,중형,930327,1978768,126.7085208,37.8059761
2015,2015-10-14 23:35,야,수,1,2,1,0,0,강원,평창군,차대차,추돌,진행중 추돌,운전자법규위반,안전거리 미확보,단일로,기타단일로,승용차,대형,승용차,중형,1081375.1,1955508.3,128.4217998,37.59538725
2015,2015-10-15 21:50,야,목,1,2,1,0,0,전남,장성군,차량단독,전도전복,전도전복,운전자법규위반,안전운전 의무 불이행,교차로,교차로내,승용차,경형,없음,없음,922580,1693687,126.6491416,35.23559668
2015,2015-10-16 4:51,야,금,1,2,0,0,1,경남,양산시,차대차,추돌,진행중 추돌,운전자법규위반,안전운전 의무 불이행,단일로,기타단일로,승용차,경형,승용차,소형,1140431,1708576,129.0457363,35.36295442
2015,2015-10-16 21:12,야,금,1,2,0,0,1,경북,칠곡군,차대차,측면충돌,측면충돌,운전자법규위반,안전운전 의무 불이행,단일로,기타단일로,승용차,중형,화물차,소형,1082175,1768581,128.4107217,35.9104214