발생년,발생년월일시분,주야,요일,사망자수,사상자수,중상자수,경상자수,부상신고자수,발생지시도,발생지시군구,사고유형_대분류,사고유형_중분류,사고유형,법규위반_대분류,법규위반,도로형태_대분류,도로형태,가해자_당사자종별_대분류,가해자_당사자종별,피해자_당사자종별_대분류,피해자_당사자종별,발생위치X_UTMK,발생위치Y_UTMK,경도,위도
2015,2015-10-17 20:13,야,토,1,2,1,0,0,경기,이천시,차대차,추돌,진행중 추돌,운전자법규위반,안전운전 의무 불이행,단일로,기타단일로,승용차,중형,농기계,농기계,987191,1917373,127.3555559,37.25515582
2015,2015-10-18 19:25,야,일,1,2,1,0,0,전남,담양군,차대차,추돌,진행중 추돌,운전자법규위반,안전운전 의무 불이행,단일로,기타단일로,승용차,중형,자전거,자전거,952664,1692236,126.9798372,35.22438604
2015,2015-10-19 10:51,주,월,1,2,1,0,0,경남,의령군,차대차,추돌,진행중 추돌,운전자법규위반,안전운전 의무 불이행,단일로,기타단일로,원동기장치자전거,원동기장치자전거,화물차,소형,1069301,1719971,128.2638651,35.47317049
2015,2015-10-19 18:15,야,월,1,2,0,1,0,강원,춘천시,차대차,측면충돌,측면충돌,운전자법규위반,직진 및 우회전차의 통행방해,교차로,교차로내,승용차,중형,이륜차,소형,1019897,1988071,127.7262934,37.89226662
2015,2015-10-20 8:50,주,화,1,2,1,0,0,경기,양주시,차대차,측면충돌,측면충돌,운전자법규위반,안전운전 의무 불이행,교차로,교차로내,화물차,중형,승용차,중형,957303.2,1985604.1,127.0145512,37.86924898
2015,2015-10-20 14:20,주,화,1,2,1,0,0,경기,파주시,차대차,정면충돌,정면충돌,운전자법규위반,중앙선 침범,단일로,기타단일로,승용차,중형,화물차,소형,951895,1997753,126.9522525,37.97847264
2015,2015-10-21 5:30,야,수,1,2,1,0,0,경남,진주시,차대차,정면충돌,정면충돌,운전자법규위반,중앙선 침범,단일로,기타단일로,승용차,중형,승용차,중형,1051985,1684723,128.0707734,35.15641322
2015,2015-10-21 17:40,주,수,1,2,0,1,0,강원,양구군,차대차,정면충돌,정면충돌,운전자법규위반,중앙선 침범,단일로,기타단일로,승용차,중형,승용차,소형,1043223,2013502,127.9931118,38.12065606
2015,2015-10-22 23:59,야,목,1,2,1,0,0,충남,부여군,차대차,추돌,주정차중 추돌,운전자법규위반,안전운전 의무 불이행,교차로,교차로부근,승용차,대형,화물차,대형,946806,1807856,126.9077967,36.26650489
2015,2015-10-23 4:00,야,금,1,2,0,1,0,경북,경주시,차량단독,전도전복,전도전복,운전자법규위반,안전운전 의무 불이행,단일로,교량위,화물차,소형,없음,없음,1152434,1758610,129.1872423,35.81213237
2015,2015-10-23 18:30,야,금,1,2,0,1,0,경북,청도군,차대차,추돌,진행중 추돌,운전자법규위반,안전운전 의무 불이행,단일로,기타단일로,승용차,중형,농기계,농기계,1109103,1740331,128.7052543,35.65313435
2015,2015-10-23 21:33,야,금,1,2,1,0,0,강원,강릉시,차대차,추돌,주정차중 추돌,운전자법규위반,안전운전 의무 불이행,단일로,기타단일로,승용차,중형,건설기계,건설기계,1117467,1976918,128.8340073,37.78440809
2015,2015-10-24 5:40,야,토,1,2,1,0,0,서울,강서구,차량단독,공작물충돌,공작물충돌,운전자법규위반,안전운전 의무 불이행,단일로,기타단일로,이륜차,중형,없음,없음,943562,1948285,126.8612188,37.53215177
2015,2015-10-25 0:20,야,일,1,2,0,1,0,경북,칠곡군,차대사람,차도통행중,차도통행중,운전자법규위반,안전운전 의무 불이행,단일로,교량위,승용차,소형,보행자,보행자,1095127,1776604,128.5552059,35.9815703
2015,2015-10-27 10:50,주,화,1,2,1,0,0,경북,영덕군,차량단독,도로이탈,도로이탈 기타,운전자법규위반,안전운전 의무 불이행,단일로,기타단일로,화물차,중형,없음,없음,1168441,1809704,129.3752267,36.26992717
2015,2015-10-28 13:50,주,수,1,2,1,0,0,충남,공주시,차대차,추돌,진행중 추돌,운전자법규위반,안전운전 의무 불이행,단일로,기타단일로,승용차,중형,승합차,경형,957519,1814740,127.0266845,36.32909648
2015,2015-11-01 1:15,야,일,1,2,1,0,0,경기,화성시,차량단독,공작물충돌,공작물충돌,운전자법규위반,안전운전 의무 불이행,교차로,교차로내,승용차,중형,없음,없음,948517,1903188,126.920429,37.12596166
2015,2015-11-01 11:10,주,일,1,2,0,0,1,강원,원주시,차대사람,횡단중,횡단중,운전자법규위반,보행자 보호의무 위반,교차로,교차로부근,이륜차,소형,보행자,보행자,1039893,1931583,127.9506224,37.38247353
2015,2015-11-02 18:30,야,월,1,2,0,1,0,경북,구미시,차대차,추돌,진행중 추돌,운전자법규위반,안전운전 의무 불이행,단일로,기타단일로,화물차,소형,농기계,농기계,1076431,1804671,128.3505653,36.23623294
2015,2015-11-04 7:03,주,수,1,2,1,0,0,전북,고창군,차대차,측면충돌,측면충돌,운전자법규위반,신호위반,교차로,교차로내,화물차,소형,승합차,중형,926725,1716454,126.6926524,35.44117653
2015,2015-11-04 10:50,주,수,1,2,1,0,0,전북,김제시,차대차,측면충돌,측면충돌,운전자법규위반,신호위반,교차로,교차로내,원동기장치자전거,원동기장치자전거,승용차,중형,944553,1757319,126.8862612,35.81076861
2015,2015-11-05 5:40,야,목,1,2,0,1,0,전남,순천시,차대차,측면충돌,측면충돌,운전자법규위반,직진 및 우회전차의 통행방해,교차로,교차로내,승용차,중형,승용차,중형,1003161,1661022,127.5346169,34.94403216
2015,2015-11-05 19:11,야,목,1,2,0,1,0,경북,청도군,차대차,추돌,진행중 추돌,운전자법규위반,안전운전 의무 불이행,단일로,기타단일로,화물차,소형,농기계,농기계,1111125,1743030,128.7279592,35.67723855
2015,2015-11-06 9:06,주,금,1,2,0,1,0,경기,양주시,차대차,정면충돌,정면충돌,운전자법규위반,중앙선 침범,단일로,기타단일로,승용차,중형,승용차,중형,959495,1976178,127.0399981,37.78439283
2015,2015-11-06 14:35,주,금,1,2,1,0,0,전북,남원시,차량단독,도로이탈,도로이탈 추락,운전자법규위반,안전운전 의무 불이행,단일로,기타단일로,승용차,대형,없음,없음,997303,1710072,127.4703041,35.38632688
2015,2015-11-06 21:10,야,금,1,2,1,0,0,경북,성주군,차대차,정면충돌,정면충돌,운전자법규위반,중앙선 침범,단일로,기타단일로,승용차,경형,승용차,중형,1067055,1768669,128.2431727,35.91236872
2015,2015-11-07 18:05,야,토,1,2,0,1,0,전북,군산시,차대차,추돌,진행중 추돌,운전자법규위반,안전운전 의무 불이행,단일로,기타단일로,승용차,대형,승용차,중형,931912,1776446,126.7447125,35.98240883
2015,2015-11-07 23:58,야,토,1,2,0,1,0,서울,노원구,차대차,추돌,주정차중 추돌,운전자법규위반,안전운전 의무 불이행,교차로,교차로내,승용차,중형,원동기장치자전거,원동기장치자전거,960882,1958905,127.0566777,37.62877036
2015,2015-11-08 8:55,주,일,1,2,1,0,0,부산,동구,차량단독,전도전복,전도전복,운전자법규위반,안전운전 의무 불이행,단일로,기타단일로,승용차,중형,없음,없음,1140897,1681416,129.0462092,35.11807444
2015,2015-11-08 17:01,주,일,1,2,1,0,0,전남,영암군,차대차,정면충돌,정면충돌,운전자법규위반,중앙선 침범,단일로,기타단일로,화물차,소형,승용차,중형,935299,1647351,126.792524,34.81870042
2015,2015-11-08 22:32,야,일,1,2,0,1,0,부산,영도구,차대차,정면충돌,정면충돌,운전자법규위반,중앙선 침범,단일로,기타단일로,원동기장치자전거,원동기장치자전거,승용차,소형,1143265,1676860,129.0713987,35.07667291
2015,2015-11-09 2:50,야,월,1,2,1,0,0,강원,춘천시,차대차,추돌,주정차중 추돌,운전자법규위반,안전운전 의무 불이행,교차로,교차로부근,승용차,중형,화물차,중형,1020841,1985406,127.7369527,37.86822583
2015,2015-11-09 3:20,야,월,1,2,1,0,0,대구,서구,차대차,추돌,주정차중 추돌,운전자법규위반,안전운전 의무 불이행,단일로,기타단일로,승용차,소형,승합차,대형,1095386,1765249,128.5567153,35.87918524
2015,2015-11-11 6:32,주,수,1,2,0,0,1,경남,남해군,차대차,추돌,진행중 추돌,운전자법규위반,과속,단일로,기타단일로,화물차,소형,농기계,농기계,1033572,1642171,127.8668966,34.77349251
2015,2015-11-12 6:40,주,목,1,2,0,1,0,경기,김포시,차대차,정면충돌,정면충돌,운전자법규위반,안전거리 미확보,단일로,교량위,화물차,경형,건설기계,건설기계,924290,1963894,126.6414973,37.67144668
2015,2015-11-12 17:20,주,목,1,2,1,0,0,경남,창녕군,차대차,기타,기타,운전자법규위반,안전운전 의무 불이행,단일로,기타단일로,화물차,중형,화물차,소형,1088122,1731298,128.4725256,35.57379631
2015,2015-11-12 19:15,야,목,1,2,1,0,0,충북,청주시,차대사람,횡단중,횡단중,운전자법규위반,보행자 보호의무 위반,단일로,기타단일로,이륜차,중형,보행자,보행자,994612.8,1847865.1,127.4397451,36.62864849
2015,2015-11-12 22:25,야,목,1,2,0,1,0,대전,중구,차대차,추돌,진행중 추돌,운전자법규위반,차로위반(진로변경 위반),단일로,기타단일로,승용차,중형,원동기장치자전거,원동기장치자전거,991612,1813719,127.4065521,36.32079235
2015,2015-11-17 3:20,야,화,1,2,1,0,0,경남,창녕군,차대차,기타,기타,운전자법규위반,안전운전 의무 불이행,단일로,기타단일로,화물차,대형,화물차,대형,1086296,1735374,128.4528116,35.61070359
2015,2015-11-17 4:15,야,화,1,2,1,0,0,경기,이천시,차대차,추돌,진행중 추돌,운전자법규위반,안전운전 의무 불이행,교차로,교차로부근,원동기장치자전거,원동기장치자전거,화물차,대형,1011224,1901954,127.6263387,37.11618749
2015,2015-11-17 6:00,주,화,1,2,0,1,0,충남,아산시,차대차,추돌,진행중 추돌,운전자법규위반,안전운전 의무 불이행,단일로,기타단일로,승합차,중형,건설기계,건설기계,963644,1864930,127.092558,36.78180394
2015,2015-11-17 17:40,주,화,1,2,1,0,0,서울,동대문구,차대사람,횡단중,횡단중,운전자법규위반,안전운전 의무 불이행,교차로,교차로내,승용차,경형,보행자,보행자,962271,1951730,127.0727887,37.56415825
2015,2015-11-18 17:48,주,수,1,2,0,0,1,경북,봉화군,차대차,추돌,진행중 추돌,운전자법규위반,안전운전 의무 불이행,단일로,기타단일로,승용차,중형,농기계,농기계,1110356,1880955,128.7389727,36.92049973
2015,2015-11-19 11:00,주,목,1,2,1,0,0,강원,정선군,차대차,측면충돌,측면충돌,운전자법규위반,안전운전 의무 불이행,교차로,교차로내,화물차,소형,특수차,대형,1125102,1947962,128.9157269,37.52248184
2015,2015-11-19 23:10,야,목,1,2,0,0,1,경기,구리시,차량단독,전도전복,전도전복,운전자법규위반,안전운전 의무 불이행,교차로,교차로내,원동기장치자전거,원동기장치자전거,없음,없음,968918.4,1954177.4,127.1479529,37.58646597
2015,2015-11-20 21:45,야,금,1,2,0,0,1,경기,수원시,차대차,정면충돌,정면충돌,운전자법규위반,신호위반,교차로,교차로내,이륜차,소형,승용차,중형,955038,1922031,126.9927007,37.29614399
2015,2015-11-21 13:10,주,토,1,2,1,0,0,경기,평택시,차량단독,전도전복,전도전복,운전자법규위반,안전운전 의무 불이행,단일로,기타단일로,이륜차,소형,없음,없음,960403,1896761,127.0545709,37.06860727
2015,2015-11-22 2:20,야,일,1,2,1,0,0,강원,원주시,차량단독,공작물충돌,공작물충돌,운전자법규위반,안전운전 의무 불이행,교차로,교차로내,승용차,소형,없음,없음,1039767,1931124,127.9491745,37.37834171
2015,2015-11-23 5:40,야,월,1,2,0,1,0,경남,고성군,차대차,정면충돌,정면충돌,운전자법규위반,안전운전 의무 불이행,교차로,교차로부근,승용차,경형,건설기계,건설기계,1061734,1669310,128.1766584,35.01688759
2015,2015-11-23 9:05,주,월,1,2,0,1,0,광주,동구,차대차,정면충돌,정면충돌,운전자법규위반,중앙선 침범,교차로,교차로부근,이륜차,소형,승용차,경형,948237,1684499,126.931678,35.15440492
2015,2015-11-24 17:22,주,화,1,2,0,1,0,경기,시흥시,차대차,측면충돌,측면충돌,운전자법규위반,안전운전 의무 불이행,교차로,교차로내,승용차,중형,이륜차,소형,933161,1926631,126.7454679,37.33628926
2015,2015-11-26 0:01,야,목,1,2,1,0,0,경기,고양시,차량단독,공작물충돌,공작물충돌,운전자법규위반,안전운전 의무 불이행,단일로,기타단일로,승용차,중형,없음,없음,944269,1956039,126.8686308,37.6020817
2015,2015-11-26 14:48,주,목,1,2,1,0,0,전북,완주군,차대차,정면충돌,정면충돌,운전자법규위반,중앙선 침범,단일로,기타단일로,승용차,소형,승용차,중형,971129,1772133,127.1798861,35.94547333
2015,2015-11-26 20:50,야,목,1,2,1,0,0,경기,안산시,차대차,정면충돌,정면충돌,운전자법규위반,중앙선 침범,단일로,기타단일로,특수차,중형,화물차,대형,942758,1923639,126.8540305,37.30996259
2015,2015-11-27 7:40,주,금,1,2,0,1,0,충남,공주시,차대차,정면충돌,정면충돌,운전자법규위반,중앙선 침범,단일로,기타단일로,승용차,소형,화물차,대형,968530,1831468,127.1486864,36.48032499
2015,2015-11-27 17:35,주,금,1,2,1,0,0,대구,동구,차대사람,횡단중,횡단중,운전자법규위반,안전운전 의무 불이행,단일로,횡단보도상,승용차,중형,보행자,보행자,1101091,1764367,128.6197946,35.87066196
2015,2015-11-28 1:50,야,토,1,2,1,0,0,경남,함안군,차량단독,공작물충돌,공작물충돌,운전자법규위반,안전운전 의무 불이행,단일로,기타단일로,승용차,소형,없음,없음,1086740,1697811,128.4537102,35.27201457
2015,2015-11-28 4:20,야,토,1,2,0,1,0,강원,홍천군,차대차,정면충돌,정면충돌,운전자법규위반,중앙선 침범,단일로,기타단일로,승용차,경형,화물차,대형,1024078,1957395,127.7728273,37.61567745
2015,2015-11-28 5:30,야,토,1,2,1,0,0,서울,동대문구,차대차,정면충돌,정면충돌,운전자법규위반,중앙선 침범,단일로,기타단일로,건설기계,건설기계,이륜차,소형,959986,1953651,127.0468111,37.58137629
2015,2015-11-29 5:45,야,일,1,2,1,0,0,경남,김해시,차대차,기타,기타,운전자법규위반,신호위반,교차로,교차로내,승용차,경형,승용차,경형,1128778,1693550,128.915147,35.22907891
2015,2015-11-29 6:50,주,일,1,2,0,1,0,광주,서구,차대차,정면충돌,정면충돌,운전자법규위반,신호위반,교차로,교차로내,승용차,경형,승합차,중형,939771,1684246,126.8387508,35.15165209
2015,2015-11-29 19:30,야,일,1,2,1,0,0,경북,김천시,차대차,측면충돌,측면충돌,운전자법규위반,차로위반(진로변경 위반),단일로,기타단일로,화물차,대형,승용차,경형,1069256,1795942,128.269954,36.15808348
2015,2015-11-30 2:35,야,월,1,2,1,0,0,경기,오산시,차대차,추돌,진행중 추돌,운전자법규위반,안전운전 의무 불이행,단일로,기타단일로,승용차,경형,승용차,중형,963183,1904589,127.0854582,37.13928244
2015,2015-11-30 8:50,주,월,1,2,1,0,0,경기,포천시,차대차,정면충돌,정면충돌,운전자법규위반,중앙선 침범,단일로,기타단일로,승용차,경형,승용차,경형,983142,1993334,127.3081465,37.93976329
2015,2015-11-30 19:32,야,월,1,2,1,0,0,전북,전주시,차대차,기타,기타,운전자법규위반,보행자 보호의무 위반,교차로,교차로부근,승용차,대형,승용차,대형,963916,1762269,127.1003592,35.85630083
2015,2015-12-01 7:45,주,화,1,2,0,1,0,세종,세종,차량단독,전도전복,전도전복,운전자법규위반,안전운전 의무 불이행,교차로,교차로부근,화물차,소형,없음,없음,968838,1857708,127.1510611,36.71688532
2015,2015-12-01 8:00,주,화,1,2,1,0,0,전남,순천시,차대차,기타,기타,운전자법규위반,안전운전 의무 불이행,단일로,기타단일로,승용차,중형,불명,불명,988283,1667102,127.3715988,34.9987955
2015,2015-12-01 19:55,야,화,1,2,0,1,0,충북,청주시,차대차,정면충돌,정면충돌,운전자법규위반,중앙선 침범,단일로,기타단일로,승용차,경형,승용차,대형,993570,1842858,127.4281235,36.58350291
2015,2015-12-02 8:34,주,수,1,2,0,1,0,강원,정선군,차대차,정면충돌,정면충돌,운전자법규위반,중앙선 침범,단일로,기타단일로,승용차,중형,건설기계,건설기계,1103547,1935035,128.6700324,37.4086579
2015,2015-12-02 21:35,야,수,1,2,1,0,0,경기,수원시,차대차,정면충돌,정면충돌,운전자법규위반,신호위반,교차로,교차로내,승용차,소형,승용차,중형,952478,1918174,126.9640643,37.26125117
2015,2015-12-03 1:10,야,목,1,2,1,0,0,경기,평택시,차량단독,공작물충돌,공작물충돌,운전자법규위반,안전운전 의무 불이행,교차로,교차로부근,승용차,경형,없음,없음,961650,1888817,127.069003,36.99705091
2015,2015-12-03 1:10,야,목,1,2,1,0,0,경기,안산시,차대차,기타,기타,운전자법규위반,신호위반,교차로,교차로내,승용차,중형,승용차,중형,942928,1923151,126.8559864,37.30557451
2015,2015-12-03 19:50,야,목,1,2,0,1,0,전북,익산시,차대차,정면충돌,정면충돌,운전자법규위반,안전운전 의무 불이행,단일로,기타단일로,화물차,소형,화물차,대형,964241.7,1779839.4,127.1031754,36.01472442
2015,2015-12-04 14:30,주,금,1,2,1,0,0,경북,안동시,차대차,기타,기타,운전자법규위반,안전운전 의무 불이행,단일로,기타단일로,화물차,소형,화물차,소형,1102767,1843932,128.6488,36.58767029
2015,2015-12-05 6:45,주,토,1,2,1,0,0,경남,창녕군,차대사람,기타,기타,운전자법규위반,안전운전 의무 불이행,단일로,기타단일로,승용차,중형,보행자,보행자,1087860,1732938,128.4698128,35.58860466
2015,2015-12-06 7:20,주,일,1,2,0,1,0,전북,군산시,차대차,정면충돌,정면충돌,운전자법규위반,중앙선 침범,단일로,기타단일로,승용차,소형,화물차,대형,932391,1772253,126.7503829,35.94464132
2015,2015-12-06 22:35,야,일,1,2,1,0,0,경북,군위군,차대사람,차도통행중,차도통행중,운전자법규위반,안전운전 의무 불이행,단일로,기타단일로,이륜차,중형,보행자,보행자,1097400,1798502,128.5831195,36.17873913
2015,2015-12-07 5:20,야,월,1,2,1,0,0,경남,진주시,차대차,기타,기타,운전자법규위반,중앙선 침범,교차로,교차로부근,승용차,경형,화물차,소형,1051767,1689269,128.0686653,35.19741454
2015,2015-12-09 21:00,야,수,1,2,0,1,0,충북,청주시,차대차,추돌,진행중 추돌,운전자법규위반,안전거리 미확보,단일로,기타단일로,화물차,소형,화물차,대형,993344,1854767,127.4254939,36.69086067
2015,2015-12-10 2:40,야,목,1,2,1,0,0,광주,광산구,차량단독,공작물충돌,공작물충돌,운전자법규위반,안전운전 의무 불이행,단일로,기타단일로,승용차,경형,없음,없음,935052,1685256,126.7868653,35.16046495
2015,2015-12-11 20:51,야,금,1,2,0,1,0,전북,장수군,차대사람,기타,기타,운전자법규위반,안전운전 의무 불이행,교차로,교차로내,승용차,경형,보행자,보행자,999933,1731569,127.4992605,35.58016296
2015,2015-12-14 7:14,주,월,1,2,0,1,0,전북,전주시,차대차,정면충돌,정면충돌,운전자법규위반,중앙선 침범,단일로,기타단일로,원동기장치자전거,원동기장치자전거,승용차,경형,968267,1757508,127.1487362,35.81352616
2015,2015-12-14 15:30,주,월,1,2,0,1,0,강원,평창군,차대차,정면충돌,정면충돌,운전자법규위반,중앙선 침범,단일로,기타단일로,승용차,경형,건설기계,건설기계,1081615,1938177,128.4225918,37.43916825
2015,2015-12-14 23:35,야,월,1,2,0,1,0,경기,부천시,차대사람,횡단중,횡단중,운전자법규위반,안전운전 의무 불이행,단일로,횡단보도부근,승합차,대형,보행자,보행자,937745,1942790,126.7958501,37.48225102
2015,2015-12-15 10:40,주,화,1,2,1,0,0,제주,서귀포시,차대차,기타,기타,운전자법규위반,중앙선 침범,단일로,기타단일로,승용차,경형,화물차,소형,893271,1482353,126.3532616,33.32737894
2015,2015-12-15 12:17,주,화,1,2,0,1,0,경기,화성시,차대차,추돌,주정차중 추돌,운전자법규위반,안전운전 의무 불이행,교차로,교차로부근,화물차,소형,화물차,중형,938012,1899232,126.8025031,37.08966677
2015,2015-12-15 13:00,주,화,1,2,0,1,0,경북,문경시,차대차,추돌,진행중 추돌,운전자법규위반,안전운전 의무 불이행,단일로,터널안,화물차,대형,화물차,대형,1056549,1851886,128.1327695,36.66323109
2015,2015-12-15 13:50,주,화,1,2,0,1,0,인천,부평구,차대차,추돌,진행중 추돌,운전자법규위반,안전운전 의무 불이행,단일로,기타단일로,화물차,소형,화물차,대형,934078,1941252,126.7545145,37.46813466
2015,2015-12-16 15:15,주,수,1,2,0,1,0,전남,화순군,차대차,정면충돌,정면충돌,운전자법규위반,중앙선 침범,단일로,기타단일로,화물차,소형,건설기계,건설기계,955858,1670448,127.0160975,35.02807089
2015,2015-12-17 11:45,주,목,1,2,0,1,0,전북,임실군,차대차,정면충돌,정면충돌,운전자법규위반,중앙선 침범,단일로,기타단일로,승용차,경형,승용차,중형,983213,1726956,127.3148151,35.53842718
2015,2015-12-17 19:30,야,목,1,2,0,1,0,울산,중구,차량단독,전도전복,전도전복,운전자법규위반,안전운전 의무 불이행,단일로,기타단일로,승용차,중형,없음,없음,1160052,1731878,129.2662076,35.57000803
2015,2015-12-18 10:36,주,금,1,2,0,0,1,충남,아산시,차대차,정면충돌,정면충돌,운전자법규위반,중앙선 침범,단일로,기타단일로,건설기계,건설기계,건설기계,건설기계,950078,1874120,126.939926,36.8640272
2015,2015-12-18 20:25,야,금,1,2,0,1,0,충북,청주시,차대차,정면충돌,정면충돌,운전자법규위반,안전운전 의무 불이행,단일로,기타단일로,승용차,경형,건설기계,건설기계,1001270,1851115,127.5142101,36.65796063
2015,2015-12-19 6:40,주,토,1,2,0,1,0,대구,달성군,차대차,추돌,주정차중 추돌,운전자법규위반,안전운전 의무 불이행,단일로,기타단일로,화물차,대형,화물차,대형,1083428,1752836,128.422961,35.76837393
2015,2015-12-20 4:27,야,일,1,2,0,0,1,경남,창원시(통합),차대차,추돌,진행중 추돌,운전자법규위반,안전운전 의무 불이행,단일로,교량위,승용차,경형,화물차,대형,1110925,1689345,128.7184358,35.19330503
2015,2015-12-20 8:05,주,일,1,2,0,1,0,경기,여주시,차대차,기타,기타,운전자법규위반,안전운전 의무 불이행,단일로,기타단일로,승용차,중형,승용차,대형,1003942,1915647,127.5444439,37.23967733
2015,2015-12-21 6:50,주,월,1,2,1,0,0,경북,상주시,차량단독,전도전복,전도전복,운전자법규위반,안전운전 의무 불이행,단일로,교량위,화물차,소형,없음,없음,1064784,1824187,128.2225838,36.41301575
2015,2015-12-21 12:25,주,월,1,2,0,1,0,대구,달서구,차대차,정면충돌,정면충돌,운전자법규위반,신호위반,교차로,교차로내,이륜차,소형,승용차,중형,1095544,1760660,128.5579156,35.83780176
2015,2015-12-21 18:33,야,월,1,2,1,0,0,경북,봉화군,차대차,정면충돌,정면충돌,운전자법규위반,중앙선 침범,단일로,기타단일로,화물차,소형,승용차,경형,1111779,1870660,128.7534282,36.82754881
2015,2015-12-22 5:35,야,화,1,2,1,0,0,인천,연수구,차량단독,전도전복,전도전복,운전자법규위반,안전운전 의무 불이행,단일로,기타단일로,승용차,경형,없음,없음,924133,1937280,126.64247,37.4315731
2015,2015-12-25 20:00,야,금,1,2,0,1,0,경남,양산시,차대차,정면충돌,정면충돌,운전자법규위반,안전운전 의무 불이행,교차로,교차로내,승용차,경형,승용차,경형,1150535,1710583,129.1572817,35.37957027
2015,2015-12-26 12:20,주,토,1,2,0,1,0,경기,포천시,차량단독,전도전복,전도전복,운전자법규위반,안전운전 의무 불이행,단일로,기타단일로,승용차,경형,없음,없음,974966,1980433,127.2155475,37.82329846
2015,2015-12-26 13:10,주,토,1,2,1,0,0,경기,이천시,차대차,기타,기타,운전자법규위반,안전운전 의무 불이행,교차로,교차로내,승용차,중형,화물차,소형,1005857,1901174,127.5659211,37.10920535
2015,2015-12-26 13:02,주,토,1,2,1,0,0,경기,이천시,차대차,정면충돌,정면충돌,운전자법규위반,안전운전 의무 불이행,교차로,교차로내,승용차,중형,화물차,소형,1005837,1901118,127.5656955,37.10870068
2015,2015-12-26 15:37,주,토,1,2,0,1,0,경북,경산시,차대사람,횡단중,횡단중,운전자법규위반,안전운전 의무 불이행,단일로,기타단일로,승용차,경형,보행자,보행자,1120822,1768281,128.8389015,35.90370555
2015,2015-12-28 1:55,야,월,1,2,1,0,0,경기,안성시,차대차,추돌,진행중 추돌,운전자법규위반,안전운전 의무 불이행,단일로,기타단일로,승용차,중형,화물차,대형,971035,1889587,127.1744451,37.00432802
2015,2015-12-29 11:50,주,화,1,2,1,0,0,경북,안동시,차대차,정면충돌,정면충돌,운전자법규위반,안전운전 의무 불이행,단일로,기타단일로,화물차,소형,승용차,중형,1127169,1825047,128.9184053,36.41453009
2015,2015-12-29 22:06,야,화,1,2,1,0,0,전북,전주시,차대차,측면충돌,측면충돌,운전자법규위반,신호위반,교차로,교차로내,이륜차,중형,승용차,소형,964390,1757251,127.1058326,35.81107598
2015,2015-12-30 0:50,야,수,1,2,1,0,0,충북,진천군,차량단독,전도전복,전도전복,운전자법규위반,안전운전 의무 불이행,교차로,교차로내,승용차,경형,없음,없음,997955,1880980,127.4770382,36.92718462
2015,2015-12-30 18:05,야,수,1,2,0,1,0,서울,송파구,차대사람,차도통행중,차도통행중,운전자법규위반,안전운전 의무 불이행,단일로,기타단일로,원동기장치자전거,원동기장치자전거,보행자,보행자,964138,1944384,127.0942873,37.49802048
2015,2015-12-30 21:20,야,수,1,2,0,1,0,경기,용인시,차대차,정면충돌,정면충돌,운전자법규위반,안전운전 의무 불이행,단일로,기타단일로,화물차,대형,화물차,대형,973618,1908972,127.202795,37.17914375
2015,2015-12-31 0:05,야,목,1,2,1,0,0,충남,당진시,차량단독,전도전복,전도전복,운전자법규위반,안전운전 의무 불이행,교차로,교차로부근,화물차,소형,없음,없음,919347,1885432,126.5939819,36.96386271
2015,2015-01-01 5:57,야,목,1,1,0,0,0,서울,영등포구,차대차,기타,기타,운전자법규위반,안전운전 의무 불이행,단일로,지하차도(도로)내,승용차,중형,건설기계,건설기계,949521,1946280,126.928799,37.51442589
2015,2015-01-01 5:30,야,목,1,1,0,0,0,울산,남구,차대사람,횡단중,횡단중,운전자법규위반,안전운전 의무 불이행,교차로,교차로부근,승용차,경형,보행자,보행자,1159202,1728395,129.2561467,35.53875501
2015,2015-01-01 14:30,주,목,1,1,0,0,0,전북,군산시,차량단독,전도전복,전도전복,운전자법규위반,안전운전 의무 불이행,기타/불명,기타/불명,농기계,농기계,없음,없음,934705,1776858,126.7756585,35.98631414
2015,2015-01-01 21:00,야,목,1,1,0,0,0,광주,동구,차대사람,횡단중,횡단중,운전자법규위반,안전운전 의무 불이행,단일로,횡단보도상,승용차,소형,보행자,보행자,948213,1684783,126.9313967,35.15696445
2015,2015-01-02 6:50,주,금,1,1,0,0,0,부산,영도구,차대사람,횡단중,횡단중,운전자법규위반,안전운전 의무 불이행,단일로,기타단일로,승용차,중형,보행자,보행자,1142714,1678614,129.0656593,35.09256151
2015,2015-01-02 6:34,주,금,1,1,0,0,0,울산,남구,차대사람,차도통행중,차도통행중,운전자법규위반,안전운전 의무 불이행,교차로,교차로내,승용차,소형,보행자,보행자,1168168,1720763,129.3534236,35.46849521
2015,2015-01-02 17:50,주,금,1,1,0,0,0,경기,수원시,차대사람,기타,기타,운전자법규위반,과속,교차로,교차로내,승합차,중형,보행자,보행자,954929,1922294,126.9914549,37.29850929
2015,2015-01-02 20:05,야,금,1,1,0,0,0,경기,고양시,차대사람,기타,기타,운전자법규위반,안전운전 의무 불이행,단일로,기타단일로,승용차,중형,보행자,보행자,942693,1961185,126.850374,37.6483652