발생년,발생년월일시분,주야,요일,사망자수,사상자수,중상자수,경상자수,부상신고자수,발생지시도,발생지시군구,사고유형_대분류,사고유형_중분류,사고유형,법규위반_대분류,법규위반,도로형태_대분류,도로형태,가해자_당사자종별_대분류,가해자_당사자종별,피해자_당사자종별_대분류,피해자_당사자종별,발생위치X_UTMK,발생위치Y_UTMK,경도,위도
2015,2015-01-02 21:54,야,금,1,1,0,0,0,경기,용인시,차대사람,차도통행중,차도통행중,운전자법규위반,안전운전 의무 불이행,단일로,기타단일로,승용차,대형,보행자,보행자,980827,1914922,127.283854,37.23295323
2015,2015-01-02 21:25,야,금,1,1,0,0,0,충북,청주시,차대사람,기타,기타,운전자법규위반,안전운전 의무 불이행,단일로,기타단일로,승합차,대형,보행자,보행자,1002539,1840711,127.5283746,36.56416583
2015,2015-01-03 5:00,야,토,1,1,0,0,0,충북,증평군,차대사람,차도통행중,차도통행중,운전자법규위반,안전운전 의무 불이행,단일로,기타단일로,승용차,중형,보행자,보행자,1005624,1865351,127.563032,36.78628022
2015,2015-01-03 7:25,주,토,1,1,0,0,0,대구,북구,차대차,측면충돌,측면충돌,운전자법규위반,신호위반,교차로,교차로내,승용차,중형,자전거,자전거,1092493.4,1758436.5,128.523885,35.81805003
2015,2015-01-03 8:10,주,토,1,1,0,0,0,경남,진주시,차대사람,횡단중,횡단중,운전자법규위반,안전운전 의무 불이행,단일로,기타단일로,화물차,중형,보행자,보행자,1059589,1687268,128.1544414,35.17893841
2015,2015-01-03 11:50,주,토,1,1,0,0,0,전남,광양시,차량단독,기타,기타,운전자법규위반,안전운전 의무 불이행,단일로,기타단일로,농기계,농기계,없음,없음,1014990,1673854,127.6643903,35.05963748
2015,2015-01-03 12:50,주,토,1,1,0,0,0,전남,무안군,차대사람,기타,기타,운전자법규위반,안전운전 의무 불이행,단일로,기타단일로,승용차,중형,보행자,보행자,901509,1653715,126.4223459,34.8733697
2015,2015-01-03 15:21,주,토,1,1,0,0,0,경기,성남시,차량단독,기타,기타,운전자법규위반,안전운전 의무 불이행,기타/불명,기타/불명,승합차,대형,없음,없음,969891,1937684,127.1596447,37.43783524
2015,2015-01-03 18:20,야,토,1,1,0,0,0,충남,공주시,차대사람,차도통행중,차도통행중,운전자법규위반,안전운전 의무 불이행,단일로,기타단일로,화물차,소형,보행자,보행자,978471,1819501,127.2599934,36.37271496
2015,2015-01-03 18:55,야,토,1,1,0,0,0,전북,정읍시,차대사람,보도통행중,보도통행중,운전자법규위반,안전운전 의무 불이행,단일로,기타단일로,화물차,경형,보행자,보행자,937878,1739747,126.8137411,35.65194485
2015,2015-01-04 0:03,야,일,1,1,0,0,0,서울,관악구,차대사람,횡단중,횡단중,운전자법규위반,안전운전 의무 불이행,단일로,기타단일로,승합차,대형,보행자,보행자,951585,1942458,126.9524051,37.48008785
2015,2015-01-04 0:05,야,일,1,1,0,0,0,전남,신안군,차량단독,기타,기타,운전자법규위반,안전운전 의무 불이행,단일로,기타단일로,승용차,중형,없음,없음,872776,1678344,126.1042694,35.09220263
2015,2015-01-04 3:32,야,일,1,1,0,0,0,인천,계양구,차대사람,차도통행중,차도통행중,운전자법규위반,안전운전 의무 불이행,단일로,기타단일로,건설기계,건설기계,보행자,보행자,931279,1949630,126.7220812,37.54344019
2015,2015-01-04 5:15,야,일,1,1,0,0,0,경북,칠곡군,차량단독,공작물충돌,공작물충돌,운전자법규위반,안전운전 의무 불이행,교차로,교차로부근,승용차,소형,없음,없음,1081842.8,1784218.4,128.4086552,36.05141789
2015,2015-01-04 6:20,주,일,1,1,0,0,0,충남,천안시,차량단독,공작물충돌,공작물충돌,운전자법규위반,안전운전 의무 불이행,단일로,기타단일로,이륜차,소형,없음,없음,966841,1864692,127.1283964,36.77977579
2015,2015-01-04 7:10,주,일,1,1,0,0,0,경기,광주시,차대차,추돌,진행중 추돌,운전자법규위반,안전운전 의무 불이행,단일로,기타단일로,승용차,소형,건설기계,건설기계,981031,1932301,127.2857097,37.38960983
2015,2015-01-04 13:40,주,일,1,1,0,0,0,충북,충주시,차대차,추돌,진행중 추돌,운전자법규위반,안전운전 의무 불이행,단일로,기타단일로,화물차,중형,자전거,자전거,1036910.7,1885755.8,127.914672,36.96951422
2015,2015-01-04 13:20,주,일,1,1,0,0,0,전남,영암군,차량단독,전도전복,전도전복,운전자법규위반,안전운전 의무 불이행,단일로,기타단일로,원동기장치자전거,원동기장치자전거,없음,없음,924567,1646039,126.6753024,34.80613152
2015,2015-01-04 15:17,주,일,1,1,0,0,0,경기,성남시,차대사람,기타,기타,운전자법규위반,안전운전 의무 불이행,교차로,교차로부근,승합차,소형,보행자,보행자,970419,1937818,127.1656078,37.4390601
2015,2015-01-04 18:00,야,일,1,1,0,0,0,인천,서구,차대사람,횡단중,횡단중,운전자법규위반,안전운전 의무 불이행,단일로,기타단일로,승용차,중형,보행자,보행자,927182.9,1947591.9,126.6759199,37.5247569
2015,2015-01-04 20:52,야,일,1,1,0,0,0,인천,계양구,차대사람,횡단중,횡단중,운전자법규위반,안전운전 의무 불이행,교차로,교차로내,화물차,소형,보행자,보행자,931313,1948424,126.7225789,37.53257332
2015,2015-01-04 21:13,야,일,1,1,0,0,0,전남,목포시,차대사람,기타,기타,운전자법규위반,안전운전 의무 불이행,교차로,교차로부근,원동기장치자전거,원동기장치자전거,보행자,보행자,899399,1647185,126.4000464,34.81428838
2015,2015-01-04 21:30,야,일,1,1,0,0,0,경북,예천군,차량단독,공작물충돌,공작물충돌,운전자법규위반,안전운전 의무 불이행,단일로,기타단일로,이륜차,중형,없음,없음,1085781,1853349,128.4599977,36.67423129
2015,2015-01-04 22:14,야,일,1,1,0,0,0,경기,성남시,차대사람,기타,기타,운전자법규위반,안전운전 의무 불이행,교차로,교차로부근,승용차,경형,보행자,보행자,965523,1930936,127.1105843,37.37685899
2015,2015-01-04 23:50,야,일,1,1,0,0,0,경기,평택시,차대사람,차도통행중,차도통행중,운전자법규위반,안전운전 의무 불이행,단일로,기타단일로,승용차,대형,보행자,보행자,961209,1897824,127.0635825,37.07822291
2015,2015-01-05 3:39,야,월,1,1,0,0,0,서울,구로구,차량단독,전도전복,전도전복,운전자법규위반,안전운전 의무 불이행,단일로,기타단일로,원동기장치자전거,원동기장치자전거,없음,없음,941717,1943013,126.8407559,37.48452015
2015,2015-01-05 4:40,야,월,1,1,0,0,0,경북,칠곡군,차량단독,공작물충돌,공작물충돌,운전자법규위반,안전운전 의무 불이행,단일로,기타단일로,승용차,중형,없음,없음,1095252,1776866,128.5566237,35.98391987
2015,2015-01-05 6:05,주,월,1,1,0,0,0,경기,수원시,차대차,기타,기타,운전자법규위반,안전운전 의무 불이행,단일로,횡단보도상,승용차,중형,화물차,소형,958157,1919953,127.0280077,37.27755915
2015,2015-01-05 6:30,주,월,1,1,0,0,0,전북,전주시,차대사람,보도통행중,보도통행중,운전자법규위반,보행자 보호의무 위반,단일로,기타단일로,승용차,소형,보행자,보행자,967409,1759592,127.1391538,35.83228744
2015,2015-01-05 17:55,주,월,1,1,0,0,0,울산,울주군,차대사람,횡단중,횡단중,운전자법규위반,보행자 보호의무 위반,교차로,교차로부근,승용차,중형,보행자,보행자,1155411,1739419,129.2164653,35.63871055
2015,2015-01-05 18:20,야,월,1,1,0,0,0,대구,달성군,차대사람,횡단중,횡단중,운전자법규위반,보행자 보호의무 위반,교차로,교차로부근,건설기계,건설기계,보행자,보행자,1089733,1757025,128.4931736,35.80558193
2015,2015-01-05 19:10,야,월,1,1,0,0,0,경기,고양시,차대사람,횡단중,횡단중,운전자법규위반,안전운전 의무 불이행,단일로,횡단보도상,승합차,대형,보행자,보행자,941742,1958123,126.8398384,37.62070796
2015,2015-01-05 20:20,야,월,1,1,0,0,0,서울,구로구,차대사람,기타,기타,운전자법규위반,중앙선 침범,단일로,기타단일로,승용차,중형,보행자,보행자,942107,1944339,126.8450626,37.49649604
2015,2015-01-05 23:19,야,월,1,1,0,0,0,경기,시흥시,차대차,측면충돌,측면충돌,운전자법규위반,안전운전 의무 불이행,교차로,교차로내,승합차,대형,승용차,중형,932503,1929695,126.7377613,37.36385778
2015,2015-01-05 23:05,야,월,1,1,0,0,0,충남,서산시,차량단독,공작물충돌,공작물충돌,운전자법규위반,안전운전 의무 불이행,단일로,기타단일로,승용차,중형,없음,없음,905142,1864207,126.4370864,36.77123554
2015,2015-01-06 2:30,야,화,1,1,0,0,0,제주,제주시,차대사람,횡단중,횡단중,운전자법규위반,안전운전 의무 불이행,단일로,기타단일로,승용차,경형,보행자,보행자,906416,1499335,126.4927104,33.48175278
2015,2015-01-06 5:40,야,화,1,1,0,0,0,서울,용산구,차대사람,기타,기타,운전자법규위반,안전운전 의무 불이행,교차로,교차로내,승용차,중형,보행자,보행자,953874,1950002,126.9778201,37.54820111
2015,2015-01-06 7:05,주,화,1,1,0,0,0,경기,안산시,차대차,기타,기타,운전자법규위반,안전운전 의무 불이행,단일로,기타단일로,승용차,소형,자전거,자전거,938787,1926852,126.808956,37.33866917
2015,2015-01-06 8:50,주,화,1,1,0,0,0,충남,보령시,차대차,기타,기타,운전자법규위반,안전운전 의무 불이행,단일로,기타단일로,승용차,중형,원동기장치자전거,원동기장치자전거,919609,1812561,126.6045586,36.30703541
2015,2015-01-06 12:10,주,화,1,1,0,0,0,강원,동해시,차량단독,공작물충돌,공작물충돌,운전자법규위반,안전운전 의무 불이행,단일로,기타단일로,승용차,경형,없음,없음,1142696,1952128,129.1155728,37.55746351
2015,2015-01-06 13:20,주,화,1,1,0,0,0,경기,광주시,차대사람,횡단중,횡단중,운전자법규위반,안전운전 의무 불이행,단일로,기타단일로,승용차,중형,보행자,보행자,978110,1934663,127.2526418,37.41083588
2015,2015-01-06 14:10,주,화,1,1,0,0,0,경기,하남시,차량단독,전도전복,전도전복,운전자법규위반,안전운전 의무 불이행,기타/불명,기타/불명,승용차,중형,없음,없음,975229,1943173,127.2198007,37.48746933
2015,2015-01-06 15:00,주,화,1,1,0,0,0,충북,음성군,차대차,기타,기타,운전자법규위반,안전운전 의무 불이행,단일로,기타단일로,화물차,중형,자전거,자전거,1003458,1893064,127.5388828,37.03611118
2015,2015-01-06 15:50,주,화,1,1,0,0,0,전남,순천시,차대차,기타,기타,운전자법규위반,안전운전 의무 불이행,교차로,교차로부근,화물차,경형,승용차,중형,993131,1649660,127.4248692,34.84155591
2015,2015-01-06 16:50,주,화,1,1,0,0,0,전남,담양군,차량단독,전도전복,전도전복,운전자법규위반,안전운전 의무 불이행,기타/불명,기타/불명,농기계,농기계,없음,없음,955977,1695438,127.0160702,35.25340867
2015,2015-01-06 19:19,야,화,1,1,0,0,0,경기,안산시,차대사람,횡단중,횡단중,운전자법규위반,안전운전 의무 불이행,단일로,기타단일로,승용차,경형,보행자,보행자,934459,1922899,126.7604493,37.30274457
2015,2015-01-06 21:08,야,화,1,1,0,0,0,서울,영등포구,차대사람,횡단중,횡단중,운전자법규위반,안전운전 의무 불이행,단일로,횡단보도상,승용차,중형,보행자,보행자,947727,1944613,126.9086183,37.49930101
2015,2015-01-07 6:50,주,수,1,1,0,0,0,충남,천안시,차대사람,횡단중,횡단중,운전자법규위반,보행자 보호의무 위반,단일로,기타단일로,화물차,소형,보행자,보행자,966388,1869214,127.1231202,36.82052357
2015,2015-01-07 6:25,주,수,1,1,0,0,0,전남,광양시,차대사람,횡단중,횡단중,운전자법규위반,안전운전 의무 불이행,교차로,교차로내,승용차,중형,보행자,보행자,1009688,1663361,127.6061229,34.96508269
2015,2015-01-07 6:30,주,수,1,1,0,0,0,대구,달성군,차대사람,횡단중,횡단중,운전자법규위반,안전운전 의무 불이행,단일로,기타단일로,승용차,중형,보행자,보행자,1081258,1751868,128.3988588,35.75982905
2015,2015-01-07 7:07,주,수,1,1,0,0,0,대전,동구,차대사람,횡단중,횡단중,운전자법규위반,안전운전 의무 불이행,단일로,횡단보도부근,승용차,중형,보행자,보행자,993709,1816497,127.4298916,36.3458532
2015,2015-01-07 8:30,주,수,1,1,0,0,0,전남,목포시,차대사람,기타,기타,운전자법규위반,안전운전 의무 불이행,단일로,기타단일로,화물차,중형,보행자,보행자,896980,1646515,126.3736842,34.80800573
2015,2015-01-07 9:20,주,수,1,1,0,0,0,전북,익산시,차대사람,길가장자리구역통행중,길가장자리구역통행중,운전자법규위반,안전운전 의무 불이행,단일로,기타단일로,화물차,중형,보행자,보행자,948428.8,1768984.1,126.9284055,35.91614901
2015,2015-01-07 11:25,주,수,1,1,0,0,0,강원,원주시,차량단독,공작물충돌,공작물충돌,운전자법규위반,안전운전 의무 불이행,단일로,기타단일로,승용차,대형,없음,없음,1048464,1912401,128.0461833,37.20916675
2015,2015-01-07 14:05,주,수,1,1,0,0,0,전북,전주시,차대사람,차도통행중,차도통행중,운전자법규위반,안전운전 의무 불이행,단일로,기타단일로,승합차,대형,보행자,보행자,967896,1758730,127.1445804,35.82453169
2015,2015-01-07 21:40,야,수,1,1,0,0,0,서울,서초구,차대사람,횡단중,횡단중,운전자법규위반,보행자 보호의무 위반,교차로,교차로부근,승합차,대형,보행자,보행자,954246,1943066,126.9824632,37.4857036
2015,2015-01-07 23:30,야,수,1,1,0,0,0,충북,충주시,차량단독,도로이탈,도로이탈 기타,운전자법규위반,안전운전 의무 불이행,단일로,기타단일로,승용차,중형,없음,없음,1044193,1871926,127.995675,36.84453528
2015,2015-01-08 0:00,야,목,1,1,0,0,0,충남,태안군,차량단독,공작물충돌,공작물충돌,운전자법규위반,안전운전 의무 불이행,단일로,기타단일로,승용차,경형,없음,없음,893342,1861357,126.3052868,36.74429429
2015,2015-01-08 6:14,주,목,1,1,0,0,0,경기,성남시,차대사람,횡단중,횡단중,운전자법규위반,안전운전 의무 불이행,교차로,교차로부근,승합차,중형,보행자,보행자,970453,1937733,127.1659955,37.43829503
2015,2015-01-08 6:30,주,목,1,1,0,0,0,전남,곡성군,차대차,추돌,진행중 추돌,운전자법규위반,안전운전 의무 불이행,단일로,기타단일로,특수차,대형,화물차,소형,968028,1696079,127.1485151,35.25964573
2015,2015-01-08 8:20,주,목,1,1,0,0,0,전남,담양군,차대차,기타,기타,운전자법규위반,중앙선 침범,단일로,기타단일로,승용차,소형,건설기계,건설기계,958909,1698879,127.0481275,35.28455993
2015,2015-01-08 11:50,주,목,1,1,0,0,0,경북,영양군,차량단독,전도전복,전도전복,운전자법규위반,안전운전 의무 불이행,단일로,기타단일로,건설기계,건설기계,없음,없음,1136779,1844928,129.0290793,36.59237601
2015,2015-01-08 18:10,야,목,1,1,0,0,0,강원,평창군,차대사람,횡단중,횡단중,운전자법규위반,안전운전 의무 불이행,단일로,기타단일로,승용차,중형,보행자,보행자,1105945,1964415,128.7013645,37.6731482
2015,2015-01-09 6:00,주,금,1,1,0,0,0,충북,청주시,차대사람,기타,기타,운전자법규위반,안전운전 의무 불이행,단일로,기타단일로,화물차,소형,보행자,보행자,996672,1849493,127.4627699,36.6433334
2015,2015-01-09 7:49,주,금,1,1,0,0,0,부산,연제구,차대차,측면충돌,측면충돌,운전자법규위반,안전운전 의무 불이행,단일로,기타단일로,원동기장치자전거,원동기장치자전거,승합차,대형,1143616,1689163,129.0773851,35.18752003
2015,2015-01-09 9:01,주,금,1,1,0,0,0,전남,무안군,차대차,기타,기타,운전자법규위반,안전운전 의무 불이행,단일로,기타단일로,승용차,소형,승합차,대형,905854,1665383,126.4685647,34.97898145
2015,2015-01-09 9:55,주,금,1,1,0,0,0,인천,계양구,차대차,측면충돌,측면충돌,운전자법규위반,신호위반,교차로,교차로내,승합차,대형,원동기장치자전거,원동기장치자전거,928847,1947595,126.6947507,37.52491474
2015,2015-01-09 17:50,주,금,1,1,0,0,0,경남,함양군,차량단독,공작물충돌,공작물충돌,운전자법규위반,안전운전 의무 불이행,단일로,기타단일로,화물차,소형,없음,없음,1017299,1720744,127.6907005,35.48240708
2015,2015-01-09 18:27,야,금,1,1,0,0,0,경기,고양시,차대차,추돌,진행중 추돌,운전자법규위반,안전운전 의무 불이행,교차로,교차로내,승합차,대형,이륜차,소형,947227,1968549,126.901235,37.71500798
2015,2015-01-09 20:40,야,금,1,1,0,0,0,서울,중구,차대사람,횡단중,횡단중,운전자법규위반,안전운전 의무 불이행,교차로,교차로내,승용차,중형,보행자,보행자,955475,1951772,126.9958365,37.56423328
2015,2015-01-09 22:03,야,금,1,1,0,0,0,인천,계양구,차대사람,횡단중,횡단중,운전자법규위반,안전운전 의무 불이행,단일로,기타단일로,승용차,중형,보행자,보행자,931081,1949665,126.7198367,37.54374085
2015,2015-01-10 1:40,야,토,1,1,0,0,0,경기,가평군,차량단독,공작물충돌,공작물충돌,운전자법규위반,안전운전 의무 불이행,단일로,기타단일로,승합차,소형,없음,없음,991338,1968779,127.4017154,37.71856053
2015,2015-01-10 1:10,야,토,1,1,0,0,0,충북,청주시,차대사람,횡단중,횡단중,운전자법규위반,안전운전 의무 불이행,단일로,기타단일로,승용차,중형,보행자,보행자,997095,1851601,127.4674939,36.66233831
2015,2015-01-10 1:17,야,토,1,1,0,0,0,대구,수성구,차량단독,공작물충돌,공작물충돌,운전자법규위반,안전운전 의무 불이행,단일로,기타단일로,원동기장치자전거,원동기장치자전거,없음,없음,1102768,1758839,128.6376557,35.82065582
2015,2015-01-10 2:45,야,토,1,1,0,0,0,서울,송파구,차대사람,횡단중,횡단중,운전자법규위반,안전운전 의무 불이행,교차로,교차로내,승용차,대형,보행자,보행자,964672,1946089,127.1002465,37.51340898
2015,2015-01-10 3:52,야,토,1,1,0,0,0,서울,구로구,차대사람,횡단중,횡단중,운전자법규위반,과속,교차로,교차로부근,승용차,중형,보행자,보행자,945002,1945228,126.8777451,37.50468574
2015,2015-01-10 11:55,주,토,1,1,0,0,0,경북,의성군,차대사람,횡단중,횡단중,운전자법규위반,안전운전 의무 불이행,교차로,교차로내,화물차,중형,보행자,보행자,1102454,1814485,128.6414054,36.32228469
2015,2015-01-10 19:00,야,토,1,1,0,0,0,광주,서구,차대사람,차도통행중,차도통행중,운전자법규위반,안전운전 의무 불이행,단일로,기타단일로,승용차,중형,보행자,보행자,945503,1684552,126.9016585,35.15473829
2015,2015-01-10 21:50,야,토,1,1,0,0,0,서울,성동구,차대사람,횡단중,횡단중,운전자법규위반,안전운전 의무 불이행,단일로,기타단일로,승용차,중형,보행자,보행자,958885,1949153,127.034594,37.54078605
2015,2015-01-11 2:30,야,일,1,1,0,0,0,서울,성북구,차대차,추돌,주정차중 추돌,운전자법규위반,안전운전 의무 불이행,단일로,기타단일로,이륜차,중형,승합차,소형,960735.3,1957108.1,127.0551117,37.61256826
2015,2015-01-11 5:50,야,일,1,1,0,0,0,경기,이천시,차대사람,길가장자리구역통행중,길가장자리구역통행중,운전자법규위반,안전운전 의무 불이행,단일로,기타단일로,승용차,중형,보행자,보행자,989751,1922648,127.3843516,37.3027363
2015,2015-01-11 6:47,주,일,1,1,0,0,0,경남,고성군,차대사람,횡단중,횡단중,운전자법규위반,안전운전 의무 불이행,교차로,교차로내,승합차,대형,보행자,보행자,1087867,1673179,128.4634775,35.04983612
2015,2015-01-11 7:30,주,일,1,1,0,0,0,대전,유성구,차량단독,공작물충돌,공작물충돌,운전자법규위반,안전운전 의무 불이행,단일로,기타단일로,승합차,소형,없음,없음,989252,1823547,127.3801243,36.40937199
2015,2015-01-11 8:55,주,일,1,1,0,0,0,경남,거창군,차량단독,전도전복,전도전복,운전자법규위반,안전운전 의무 불이행,단일로,기타단일로,승용차,경형,없음,없음,1031832,1747346,127.8519558,35.72190111
2015,2015-01-11 13:30,주,일,1,1,0,0,0,경북,고령군,차량단독,공작물충돌,공작물충돌,운전자법규위반,안전운전 의무 불이행,단일로,기타단일로,화물차,소형,없음,없음,1078770,1751886,128.3713418,35.76019383
2015,2015-01-11 18:20,야,일,1,1,0,0,0,울산,울주군,차대사람,횡단중,횡단중,운전자법규위반,안전운전 의무 불이행,단일로,기타단일로,승용차,대형,보행자,보행자,1152224,1718633,129.1773727,35.45186807
2015,2015-01-11 19:20,야,일,1,1,0,0,0,경기,안양시,차대사람,차도통행중,차도통행중,운전자법규위반,안전운전 의무 불이행,단일로,기타단일로,승합차,대형,보행자,보행자,951078,1932302,126.9473444,37.38852159
2015,2015-01-12 2:10,야,월,1,1,0,0,0,울산,남구,차대사람,횡단중,횡단중,운전자법규위반,안전운전 의무 불이행,단일로,기타단일로,승합차,대형,보행자,보행자,1160341,1730066,129.2690364,35.553631
2015,2015-01-12 13:50,주,월,1,1,0,0,0,전남,여수시,차량단독,전도전복,전도전복,운전자법규위반,안전운전 의무 불이행,단일로,기타단일로,농기계,농기계,없음,없음,1005539,1629438,127.5604507,34.65920592
2015,2015-01-12 18:22,야,월,1,1,0,0,0,전남,순천시,차대사람,기타,기타,운전자법규위반,과속,교차로,교차로부근,승용차,중형,보행자,보행자,997105,1654599,127.4683184,34.88611313
2015,2015-01-12 18:40,야,월,1,1,0,0,0,대구,중구,차량단독,공작물충돌,공작물충돌,운전자법규위반,안전운전 의무 불이행,단일로,기타단일로,이륜차,소형,없음,없음,1098178,1764548,128.5875546,35.87259001
2015,2015-01-12 19:55,야,월,1,1,0,0,0,충북,진천군,차대사람,기타,기타,운전자법규위반,안전운전 의무 불이행,단일로,기타단일로,화물차,소형,보행자,보행자,995120,1888154,127.4451596,36.99184414
2015,2015-01-12 19:38,야,월,1,1,0,0,0,제주,서귀포시,차대사람,횡단중,횡단중,운전자법규위반,안전운전 의무 불이행,단일로,기타단일로,승용차,중형,보행자,보행자,943557,1494870,126.8927317,33.44408644
2015,2015-01-12 21:25,야,월,1,1,0,0,0,경기,남양주시,차대차,추돌,주정차중 추돌,운전자법규위반,안전운전 의무 불이행,단일로,기타단일로,화물차,경형,화물차,대형,967801,1964359,127.1348481,37.67819717
2015,2015-01-12 21:28,야,월,1,1,0,0,0,경기,안양시,차대사람,횡단중,횡단중,운전자법규위반,안전운전 의무 불이행,단일로,기타단일로,승용차,대형,보행자,보행자,948143,1935451,126.9139692,37.41674501
2015,2015-01-13 5:20,야,화,1,1,0,0,0,경기,평택시,차대사람,횡단중,횡단중,운전자법규위반,안전운전 의무 불이행,교차로,교차로부근,승합차,소형,보행자,보행자,947870,1883887,126.9144832,36.9519486
2015,2015-01-13 8:40,주,화,1,1,0,0,0,서울,관악구,차대차,추돌,주정차중 추돌,운전자법규위반,안전운전 의무 불이행,교차로,교차로부근,원동기장치자전거,원동기장치자전거,승합차,대형,950797,1942793,126.9434704,37.48306565
2015,2015-01-13 9:20,주,화,1,1,0,0,0,경북,경주시,차대차,기타,기타,운전자법규위반,안전운전 의무 불이행,단일로,기타단일로,원동기장치자전거,원동기장치자전거,화물차,대형,1162997,1754387,129.3032502,35.77237806
2015,2015-01-13 11:05,주,화,1,1,0,0,0,경북,고령군,차량단독,공작물충돌,공작물충돌,운전자법규위반,안전운전 의무 불이행,단일로,기타단일로,이륜차,소형,없음,없음,1070528,1753061,128.2802815,35.77141287
2015,2015-01-13 17:59,주,화,1,1,0,0,0,경기,군포시,차대사람,횡단중,횡단중,운전자법규위반,안전운전 의무 불이행,단일로,기타단일로,승합차,중형,보행자,보행자,950502,1930959,126.9409277,37.37638598
2015,2015-01-13 18:50,야,화,1,1,0,0,0,전남,순천시,차대사람,횡단중,횡단중,운전자법규위반,안전운전 의무 불이행,교차로,교차로내,화물차,중형,보행자,보행자,996315.5,1669321.4,127.4596134,35.01886996
2015,2015-01-13 18:45,야,화,1,1,0,0,0,경북,경주시,차대차,기타,기타,운전자법규위반,안전운전 의무 불이행,교차로,교차로부근,화물차,소형,자전거,자전거,1154925,1762240,129.2155075,35.84445639
2015,2015-01-13 23:30,야,화,1,1,0,0,0,경기,양주시,차량단독,공작물충돌,공작물충돌,운전자법규위반,안전운전 의무 불이행,단일로,기타단일로,승용차,중형,없음,없음,962624,1977860,127.0754455,37.79968602
2015,2015-01-13 23:20,야,화,1,1,0,0,0,전남,해남군,차대차,추돌,주정차중 추돌,운전자법규위반,안전운전 의무 불이행,기타/불명,기타/불명,이륜차,소형,화물차,대형,908170,1625903,126.4982505,34.62322888
2015,2015-01-14 1:45,야,수,1,1,0,0,0,전남,여수시,차대차,정면충돌,정면충돌,운전자법규위반,중앙선 침범,단일로,기타단일로,승용차,중형,승용차,경형,1013459,1642151,127.6470895,34.77377614
2015,2015-01-14 3:13,야,수,1,1,0,0,0,전남,여수시,차대사람,차도통행중,차도통행중,운전자법규위반,안전운전 의무 불이행,단일로,기타단일로,승용차,중형,보행자,보행자,1014923,1643441.4,127.663112,34.78539224
2015,2015-01-14 4:35,야,수,1,1,0,0,0,서울,강동구,차대차,측면충돌,측면충돌,운전자법규위반,차로위반(진로변경 위반),교차로,교차로부근,원동기장치자전거,원동기장치자전거,화물차,중형,967180,1947241,127.1285737,37.52388511
2015,2015-01-14 6:21,주,수,1,1,0,0,0,부산,사상구,차대사람,횡단중,횡단중,운전자법규위반,안전운전 의무 불이행,교차로,교차로내,승용차,중형,보행자,보행자,1134486,1687041,128.9767917,35.16965641
2015,2015-01-14 6:55,주,수,1,1,0,0,0,대전,유성구,차대사람,횡단중,횡단중,운전자법규위반,안전운전 의무 불이행,단일로,기타단일로,승용차,중형,보행자,보행자,984800,1817492,127.3305884,36.35472402
2015,2015-01-14 14:00,주,수,1,1,0,0,0,경남,김해시,차대차,추돌,주정차중 추돌,운전자법규위반,안전운전 의무 불이행,교차로,교차로부근,화물차,소형,승용차,중형,1115219,1698861,128.7669258,35.27860694
2015,2015-01-14 17:35,주,수,1,1,0,0,0,강원,홍천군,차량단독,전도전복,전도전복,운전자법규위반,안전운전 의무 불이행,단일로,기타단일로,화물차,중형,없음,없음,1060059,1980006,128.1823754,37.81781676
2015,2015-01-14 18:20,야,수,1,1,0,0,0,전남,광양시,차대사람,횡단중,횡단중,운전자법규위반,보행자 보호의무 위반,단일로,횡단보도상,승용차,중형,보행자,보행자,1017269,1659908,127.6890937,34.93384442
2015,2015-01-14 19:23,야,수,1,1,0,0,0,강원,평창군,차대사람,횡단중,횡단중,운전자법규위반,안전운전 의무 불이행,단일로,기타단일로,화물차,소형,보행자,보행자,1092517,1958858,128.5484184,37.62452157
2015,2015-01-14 19:30,야,수,1,1,0,0,0,전남,여수시,차대사람,횡단중,횡단중,운전자법규위반,안전운전 의무 불이행,단일로,기타단일로,승용차,중형,보행자,보행자,1016009,1640096,127.6749185,34.75520781
2015,2015-01-15 14:18,주,목,1,1,0,0,0,충남,태안군,차량단독,공작물충돌,공작물충돌,운전자법규위반,안전운전 의무 불이행,단일로,기타단일로,승용차,중형,없음,없음,896374,1862973,126.3390234,36.75919531
2015,2015-01-15 14:10,주,목,1,1,0,0,0,충남,태안군,차량단독,도로이탈,도로이탈 추락,운전자법규위반,안전운전 의무 불이행,교차로,교차로내,화물차,소형,없음,없음,902706,1826327,126.4145887,36.42956067
2015,2015-01-15 18:00,야,목,1,1,0,0,0,경기,양평군,차대차,정면충돌,정면충돌,운전자법규위반,중앙선 침범,단일로,기타단일로,승용차,소형,이륜차,소형,1009284,1944409,127.6050329,37.49889581
2015,2015-01-15 18:10,야,목,1,1,0,0,0,제주,서귀포시,차대차,추돌,진행중 추돌,운전자법규위반,안전운전 의무 불이행,단일로,기타단일로,승용차,중형,자전거,자전거,928082,1476978,126.7276754,33.28179093
2015,2015-01-15 20:03,야,목,1,1,0,0,0,서울,서대문구,차대사람,횡단중,횡단중,운전자법규위반,안전운전 의무 불이행,단일로,횡단보도부근,승합차,중형,보행자,보행자,949255,1952045,126.9253906,37.56637211
2015,2015-01-15 21:40,야,목,1,1,0,0,0,경기,화성시,차대사람,기타,기타,운전자법규위반,안전운전 의무 불이행,단일로,기타단일로,승용차,중형,보행자,보행자,946393,1907573,126.8962051,37.16536746