발생년,발생년월일시분,주야,요일,사망자수,사상자수,중상자수,경상자수,부상신고자수,발생지시도,발생지시군구,사고유형_대분류,사고유형_중분류,사고유형,법규위반_대분류,법규위반,도로형태_대분류,도로형태,가해자_당사자종별_대분류,가해자_당사자종별,피해자_당사자종별_대분류,피해자_당사자종별,발생위치X_UTMK,발생위치Y_UTMK,경도,위도
2015,2015-01-15 22:00,야,목,1,1,0,0,0,울산,울주군,차대사람,차도통행중,차도통행중,운전자법규위반,과속,단일로,기타단일로,승용차,중형,보행자,보행자,1161037,1723128,129.2753341,35.49099065
2015,2015-01-16 7:15,주,금,1,1,0,0,0,인천,서구,차대차,측면충돌,측면충돌,운전자법규위반,신호위반,교차로,교차로내,원동기장치자전거,원동기장치자전거,특수차,대형,924132,1944773,126.641687,37.49910523
2015,2015-01-16 9:55,주,금,1,1,0,0,0,경남,창원시(통합),차대차,측면충돌,측면충돌,운전자법규위반,안전운전 의무 불이행,교차로,교차로내,이륜차,소형,승합차,대형,1097377,1690256,128.5697526,35.20292399
2015,2015-01-16 13:16,주,금,1,1,0,0,0,경기,수원시,차량단독,전도전복,전도전복,운전자법규위반,안전운전 의무 불이행,교차로,교차로내,이륜차,중형,없음,없음,956515,1922640,127.0093292,37.30170355
2015,2015-01-16 14:38,주,금,1,1,0,0,0,서울,영등포구,차대차,측면충돌,측면충돌,운전자법규위반,안전거리 미확보,단일로,횡단보도상,이륜차,소형,화물차,소형,947827,1946786,126.9095954,37.51889229
2015,2015-01-16 15:44,주,금,1,1,0,0,0,서울,영등포구,차대사람,기타,기타,운전자법규위반,안전운전 의무 불이행,교차로,교차로부근,승용차,중형,보행자,보행자,948652,1947639,126.9188712,37.52662682
2015,2015-01-16 15:13,주,금,1,1,0,0,0,광주,광산구,차대사람,보도통행중,보도통행중,운전자법규위반,안전운전 의무 불이행,단일로,기타단일로,승용차,중형,보행자,보행자,935690,1683210,126.7940294,35.14205816
2015,2015-01-16 17:55,주,금,1,1,0,0,0,경북,경주시,차대사람,기타,기타,운전자법규위반,안전운전 의무 불이행,단일로,기타단일로,승용차,중형,보행자,보행자,1180624,1758646,129.4991193,35.80767357
2015,2015-01-16 18:40,야,금,1,1,0,0,0,경북,청송군,차대사람,길가장자리구역통행중,길가장자리구역통행중,운전자법규위반,안전운전 의무 불이행,단일로,기타단일로,승용차,대형,보행자,보행자,1130568,1809859,128.9537587,36.27719185
2015,2015-01-16 18:30,야,금,1,1,0,0,0,경북,포항시,차대차,기타,기타,운전자법규위반,안전운전 의무 불이행,단일로,기타단일로,승용차,소형,승용차,중형,1161259,1783626,129.2899565,36.0361576
2015,2015-01-16 18:00,야,금,1,1,0,0,0,광주,북구,차대차,측면충돌,측면충돌,운전자법규위반,중앙선 침범,단일로,기타단일로,자전거,자전거,이륜차,소형,945707,1685306,126.9038486,35.16154794
2015,2015-01-16 22:30,야,금,1,1,0,0,0,서울,영등포구,차대사람,기타,기타,운전자법규위반,안전운전 의무 불이행,교차로,교차로부근,승용차,중형,보행자,보행자,946912.8,1947723.7,126.8991828,37.52729174
2015,2015-01-17 1:42,야,토,1,1,0,0,0,서울,서초구,차대사람,보도통행중,보도통행중,운전자법규위반,과속,단일로,기타단일로,승용차,대형,보행자,보행자,955683,1942390,126.9987576,37.47968066
2015,2015-01-17 1:55,야,토,1,1,0,0,0,경북,문경시,차대사람,차도통행중,차도통행중,운전자법규위반,안전운전 의무 불이행,단일로,기타단일로,승용차,소형,보행자,보행자,1055137,1857893,128.1174032,36.71746334
2015,2015-01-17 1:10,야,토,1,1,0,0,0,경남,양산시,차대사람,횡단중,횡단중,운전자법규위반,안전운전 의무 불이행,단일로,기타단일로,승용차,중형,보행자,보행자,1149404,1708968,129.1445394,35.36518414
2015,2015-01-17 3:10,야,토,1,1,0,0,0,대구,북구,차대사람,횡단중,횡단중,운전자법규위반,안전운전 의무 불이행,단일로,횡단보도상,승용차,소형,보행자,보행자,1094505,1770550,128.5475864,35.92705699
2015,2015-01-17 5:08,야,토,1,1,0,0,0,경기,의정부시,차대사람,기타,기타,운전자법규위반,안전운전 의무 불이행,단일로,횡단보도상,화물차,소형,보행자,보행자,962542,1970732,127.074882,37.73543794
2015,2015-01-17 6:25,주,토,1,1,0,0,0,경기,수원시,차대사람,횡단중,횡단중,운전자법규위반,안전운전 의무 불이행,교차로,교차로내,승용차,중형,보행자,보행자,952937,1919594,126.9691506,37.27407385
2015,2015-01-17 7:05,주,토,1,1,0,0,0,대전,서구,차대사람,기타,기타,운전자법규위반,안전운전 의무 불이행,교차로,교차로부근,승용차,중형,보행자,보행자,987431,1817952,127.3599047,36.35890907
2015,2015-01-17 8:20,주,토,1,1,0,0,0,경북,안동시,차대사람,기타,기타,운전자법규위반,안전운전 의무 불이행,단일로,기타단일로,화물차,중형,보행자,보행자,1107480,1854938,128.7030164,36.6863479
2015,2015-01-17 11:02,주,토,1,1,0,0,0,서울,구로구,차대사람,차도통행중,차도통행중,운전자법규위반,안전운전 의무 불이행,단일로,기타단일로,승합차,대형,보행자,보행자,943638,1944333,126.8623821,37.49653671
2015,2015-01-17 16:38,주,토,1,1,0,0,0,서울,동대문구,차대사람,기타,기타,운전자법규위반,보행자 보호의무 위반,교차로,교차로내,화물차,경형,보행자,보행자,961568,1955100,127.0646519,37.59450395
2015,2015-01-17 17:00,주,토,1,1,0,0,0,서울,금천구,차대사람,횡단중,횡단중,운전자법규위반,안전운전 의무 불이행,단일로,기타단일로,화물차,소형,보행자,보행자,945793,1939876,126.8870883,37.45649401
2015,2015-01-17 18:17,야,토,1,1,0,0,0,인천,남동구,차량단독,공작물충돌,공작물충돌,운전자법규위반,안전운전 의무 불이행,단일로,기타단일로,자전거,자전거,없음,없음,931469,1935096,126.7255848,37.41246124
2015,2015-01-17 20:30,야,토,1,1,0,0,0,경북,문경시,차량단독,공작물충돌,공작물충돌,운전자법규위반,안전운전 의무 불이행,단일로,기타단일로,승용차,대형,없음,없음,1047674,1852402,128.0334968,36.66836879
2015,2015-01-18 0:40,야,일,1,1,0,0,0,전남,화순군,차대사람,횡단중,횡단중,운전자법규위반,안전운전 의무 불이행,단일로,기타단일로,승용차,중형,보행자,보행자,950462,1667118,126.957145,34.99779393
2015,2015-01-18 1:42,야,일,1,1,0,0,0,광주,서구,차대사람,횡단중,횡단중,운전자법규위반,안전운전 의무 불이행,단일로,기타단일로,승용차,대형,보행자,보행자,940651,1684705,126.8483787,35.15584306
2015,2015-01-18 2:50,야,일,1,1,0,0,0,제주,서귀포시,차대사람,기타,기타,운전자법규위반,안전운전 의무 불이행,교차로,교차로부근,승용차,중형,보행자,보행자,939015,1483555,126.8446335,33.3417851
2015,2015-01-18 4:10,야,일,1,1,0,0,0,부산,동구,차대사람,기타,기타,운전자법규위반,안전운전 의무 불이행,단일로,기타단일로,승용차,중형,보행자,보행자,1141743,1683219,129.0557993,35.13420777
2015,2015-01-18 6:50,주,일,1,1,0,0,0,경기,김포시,차량단독,공작물충돌,공작물충돌,운전자법규위반,안전운전 의무 불이행,단일로,기타단일로,승용차,중형,없음,없음,922294,1963862,126.6188698,37.67099138
2015,2015-01-18 12:25,주,일,1,1,0,0,0,강원,철원군,차대차,추돌,진행중 추돌,운전자법규위반,안전운전 의무 불이행,단일로,기타단일로,승용차,소형,자전거,자전거,993767,2027246,127.4287688,38.24553872
2015,2015-01-18 22:15,야,일,1,1,0,0,0,경북,경주시,차대사람,횡단중,횡단중,운전자법규위반,안전운전 의무 불이행,단일로,기타단일로,승용차,대형,보행자,보행자,1165992,1743912,129.3342031,35.67747901
2015,2015-01-19 1:10,야,월,1,1,0,0,0,대구,서구,차대사람,기타,기타,운전자법규위반,안전운전 의무 불이행,단일로,횡단보도상,승용차,중형,보행자,보행자,1095276,1764026,128.5553506,35.8681711
2015,2015-01-19 5:00,야,월,1,1,0,0,0,경기,화성시,차대차,추돌,진행중 추돌,운전자법규위반,안전운전 의무 불이행,단일로,기타단일로,화물차,중형,화물차,중형,947600,1917255,126.9091192,37.25270592
2015,2015-01-19 7:10,주,월,1,1,0,0,0,전남,무안군,차대사람,길가장자리구역통행중,길가장자리구역통행중,운전자법규위반,중앙선 침범,단일로,기타단일로,승용차,중형,보행자,보행자,903499,1662039,126.4431551,34.94861021
2015,2015-01-19 7:00,주,월,1,1,0,0,0,경남,사천시,차대사람,보도통행중,보도통행중,운전자법규위반,신호위반,단일로,기타단일로,승용차,중형,보행자,보행자,1058372,1673384,128.1400964,35.05382198
2015,2015-01-19 7:15,주,월,1,1,0,0,0,인천,중구,차대사람,횡단중,횡단중,운전자법규위반,신호위반,교차로,교차로부근,승용차,중형,보행자,보행자,922987,1941818,126.6290439,37.47237804
2015,2015-01-19 10:10,주,월,1,1,0,0,0,서울,은평구,차대사람,횡단중,횡단중,운전자법규위반,신호위반,단일로,횡단보도상,특수차,중형,보행자,보행자,948843,1955948,126.9204529,37.60152734
2015,2015-01-19 10:00,주,월,1,1,0,0,0,경북,청도군,차량단독,도로이탈,도로이탈 추락,운전자법규위반,안전운전 의무 불이행,단일로,기타단일로,이륜차,소형,없음,없음,1116183,1748085,128.7845699,35.72222199
2015,2015-01-19 14:00,주,월,1,1,0,0,0,경기,안산시,차대사람,차도통행중,차도통행중,운전자법규위반,안전운전 의무 불이행,단일로,기타단일로,화물차,대형,보행자,보행자,945741,1922564,126.8877701,37.30045209
2015,2015-01-19 16:40,주,월,1,1,0,0,0,충남,논산시,차대차,추돌,주정차중 추돌,운전자법규위반,기타(운전자법규위반),단일로,기타단일로,화물차,소형,승용차,중형,963141,1800124,127.0900115,36.19756028
2015,2015-01-19 18:30,야,월,1,1,0,0,0,충남,논산시,차대사람,횡단중,횡단중,운전자법규위반,중앙선 침범,교차로,교차로부근,승용차,대형,보행자,보행자,963674,1803621,127.0957779,36.22910728
2015,2015-01-19 19:30,야,월,1,1,0,0,0,전남,무안군,차대사람,길가장자리구역통행중,길가장자리구역통행중,운전자법규위반,안전운전 의무 불이행,단일로,기타단일로,승용차,중형,보행자,보행자,892668,1663685,126.3243469,34.96236008
2015,2015-01-19 20:20,야,월,1,1,0,0,0,경기,남양주시,차대사람,보도통행중,보도통행중,운전자법규위반,기타(운전자법규위반),단일로,기타단일로,승용차,중형,보행자,보행자,976510,1972698,127.2333419,37.75362299
2015,2015-01-19 22:40,야,월,1,1,0,0,0,경기,남양주시,차대사람,기타,기타,운전자법규위반,안전운전 의무 불이행,단일로,기타단일로,승합차,중형,보행자,보행자,969770,1964622,127.1571662,37.68063467
2015,2015-01-19 23:56,야,월,1,1,0,0,0,서울,강북구,차대사람,횡단중,횡단중,운전자법규위반,안전운전 의무 불이행,교차로,교차로부근,승용차,중형,보행자,보행자,957733,1957897,127.0210496,37.61954561
2015,2015-01-20 0:30,야,화,1,1,0,0,0,경기,고양시,차량단독,공작물충돌,공작물충돌,운전자법규위반,안전운전 의무 불이행,단일로,기타단일로,승용차,중형,없음,없음,932907,1961443,126.7394256,37.65002746
2015,2015-01-20 4:00,야,화,1,1,0,0,0,서울,강동구,차대사람,횡단중,횡단중,운전자법규위반,안전운전 의무 불이행,단일로,기타단일로,승용차,경형,보행자,보행자,968431,1948370,127.1426825,37.53410497
2015,2015-01-20 6:50,주,화,1,1,0,0,0,서울,금천구,차대사람,횡단중,횡단중,운전자법규위반,안전운전 의무 불이행,단일로,횡단보도상,화물차,소형,보행자,보행자,947402,1940054,126.9052674,37.45819131
2015,2015-01-20 6:10,주,화,1,1,0,0,0,광주,광산구,차대사람,길가장자리구역통행중,길가장자리구역통행중,운전자법규위반,안전운전 의무 불이행,단일로,기타단일로,화물차,소형,보행자,보행자,937622,1682259,126.8153086,35.13360508
2015,2015-01-20 9:25,주,화,1,1,0,0,0,전남,강진군,차대사람,길가장자리구역통행중,길가장자리구역통행중,운전자법규위반,안전운전 의무 불이행,단일로,기타단일로,원동기장치자전거,원동기장치자전거,보행자,보행자,937318,1606404,126.81763,34.44959374
2015,2015-01-20 11:45,주,화,1,1,0,0,0,전북,전주시,차대사람,횡단중,횡단중,운전자법규위반,중앙선 침범,단일로,횡단보도상,승용차,경형,보행자,보행자,963599,1757365,127.097072,35.81207478
2015,2015-01-20 11:13,주,화,1,1,0,0,0,경북,영천시,차대차,추돌,진행중 추돌,운전자법규위반,안전운전 의무 불이행,단일로,기타단일로,화물차,대형,자전거,자전거,1128410,1774938,128.9240419,35.96273993
2015,2015-01-20 18:18,야,화,1,1,0,0,0,충남,아산시,차대사람,횡단중,횡단중,운전자법규위반,보행자 보호의무 위반,단일로,횡단보도상,승용차,소형,보행자,보행자,961984,1861714,127.0741152,36.75274803
2015,2015-01-20 20:45,야,화,1,1,0,0,0,경북,김천시,차대차,추돌,주정차중 추돌,운전자법규위반,안전운전 의무 불이행,단일로,기타단일로,이륜차,소형,화물차,소형,1054901,1788079,128.1098229,36.08811639
2015,2015-01-21 1:02,야,수,1,1,0,0,0,경기,성남시,차량단독,전도전복,전도전복,운전자법규위반,안전운전 의무 불이행,교차로,교차로부근,승용차,소형,없음,없음,964792,1936608,127.1020576,37.42795664
2015,2015-01-21 4:00,야,수,1,1,0,0,0,경기,이천시,차량단독,전도전복,전도전복,운전자법규위반,안전운전 의무 불이행,교차로,교차로내,승용차,소형,없음,없음,999337,1919570,127.4925215,37.27504751
2015,2015-01-21 6:53,주,수,1,1,0,0,0,경기,연천군,차대사람,기타,기타,운전자법규위반,안전운전 의무 불이행,단일로,기타단일로,승용차,대형,보행자,보행자,949045,1999078,126.9197084,37.99025857
2015,2015-01-21 6:25,주,수,1,1,0,0,0,경남,창원시(통합),차대사람,기타,기타,운전자법규위반,안전운전 의무 불이행,교차로,교차로내,승합차,대형,보행자,보행자,1109501,1690715,128.7029793,35.20581214
2015,2015-01-21 7:02,주,수,1,1,0,0,0,울산,울주군,차대사람,횡단중,횡단중,운전자법규위반,안전운전 의무 불이행,단일로,기타단일로,승용차,중형,보행자,보행자,1151086,1741328,129.1690733,35.65658683
2015,2015-01-21 12:30,주,수,1,1,0,0,0,경북,영천시,차량단독,공작물충돌,공작물충돌,운전자법규위반,안전운전 의무 불이행,단일로,기타단일로,화물차,소형,없음,없음,1125525,1771614,128.8915309,35.9331549
2015,2015-01-21 19:56,야,수,1,1,0,0,0,충남,홍성군,차대사람,횡단중,횡단중,운전자법규위반,안전운전 의무 불이행,단일로,기타단일로,화물차,중형,보행자,보행자,914887,1836773,126.5493122,36.52487871
2015,2015-01-22 0:35,야,목,1,1,0,0,0,경기,안산시,차대차,추돌,진행중 추돌,운전자법규위반,안전운전 의무 불이행,교차로,교차로내,화물차,소형,원동기장치자전거,원동기장치자전거,941051,1920577,126.8350114,37.28225694
2015,2015-01-22 6:35,주,목,1,1,0,0,0,서울,강남구,차대사람,횡단중,횡단중,운전자법규위반,안전운전 의무 불이행,단일로,기타단일로,승용차,중형,보행자,보행자,964847.1,1943139.7,127.1023688,37.48683231
2015,2015-01-22 6:20,주,목,1,1,0,0,0,경기,용인시,차대사람,횡단중,횡단중,운전자법규위반,신호위반,교차로,교차로내,승용차,중형,보행자,보행자,977359,1925034,127.2444501,37.32402413
2015,2015-01-22 7:05,주,목,1,1,0,0,0,전남,완도군,차대사람,차도통행중,차도통행중,운전자법규위반,과속,단일로,기타단일로,화물차,소형,보행자,보행자,925475,1592745,126.6899023,34.32563699
2015,2015-01-22 8:20,주,목,1,1,0,0,0,충남,천안시,차대차,측면충돌,측면충돌,운전자법규위반,중앙선 침범,단일로,기타단일로,승용차,경형,화물차,대형,979035,1858702,127.2652144,36.72612595
2015,2015-01-22 16:10,주,목,1,1,0,0,0,경북,상주시,차대차,기타,기타,운전자법규위반,안전운전 의무 불이행,단일로,기타단일로,화물차,중형,자전거,자전거,1060688,1824861,128.1769538,36.41935934
2015,2015-01-22 19:00,야,목,1,1,0,0,0,경기,평택시,차대사람,횡단중,횡단중,운전자법규위반,안전운전 의무 불이행,단일로,기타단일로,승용차,소형,보행자,보행자,959093,1886124,127.040413,36.97266796
2015,2015-01-22 19:01,야,목,1,1,0,0,0,대전,중구,차대사람,횡단중,횡단중,운전자법규위반,안전운전 의무 불이행,단일로,기타단일로,승용차,중형,보행자,보행자,991355,1814200,127.4036836,36.3251265
2015,2015-01-22 20:25,야,목,1,1,0,0,0,경기,동두천시,차대사람,횡단중,횡단중,운전자법규위반,안전운전 의무 불이행,단일로,기타단일로,승용차,중형,보행자,보행자,960535,1989316,127.0510916,37.90284935
2015,2015-01-22 20:10,야,목,1,1,0,0,0,충북,보은군,차대차,추돌,주정차중 추돌,운전자법규위반,안전운전 의무 불이행,교차로,교차로부근,승용차,중형,화물차,대형,1021114,1826956,127.735583,36.43993288
2015,2015-01-22 21:35,야,목,1,1,0,0,0,강원,원주시,차대사람,횡단중,횡단중,운전자법규위반,안전운전 의무 불이행,교차로,교차로부근,승용차,중형,보행자,보행자,1040210,1924518,127.9538196,37.31877866
2015,2015-01-22 23:50,야,목,1,1,0,0,0,경남,창원시(통합),차대사람,횡단중,횡단중,운전자법규위반,안전운전 의무 불이행,단일로,기타단일로,승용차,경형,보행자,보행자,1097872,1689989,128.5751579,35.20046868
2015,2015-01-23 0:30,야,금,1,1,0,0,0,경기,평택시,차대차,추돌,주정차중 추돌,운전자법규위반,안전운전 의무 불이행,교차로,교차로부근,승용차,소형,화물차,소형,943196,1885698,126.8618521,36.96800239
2015,2015-01-23 2:30,야,금,1,1,0,0,0,대전,중구,차대사람,차도통행중,차도통행중,운전자법규위반,안전운전 의무 불이행,교차로,교차로내,승용차,중형,보행자,보행자,990888,1813939,127.3984837,36.32276917
2015,2015-01-23 6:00,주,금,1,1,0,0,0,경기,수원시,차대차,측면충돌,측면충돌,운전자법규위반,신호위반,교차로,교차로내,승합차,대형,자전거,자전거,956316.4,1922296.9,127.0071085,37.29860166
2015,2015-01-23 6:18,주,금,1,1,0,0,0,대구,수성구,차대사람,횡단중,횡단중,운전자법규위반,안전운전 의무 불이행,단일로,기타단일로,승용차,중형,보행자,보행자,1104516,1765005,128.6578105,35.87605347
2015,2015-01-23 7:40,주,금,1,1,0,0,0,전남,담양군,차대차,기타,기타,운전자법규위반,신호위반,교차로,교차로내,자전거,자전거,화물차,소형,952133,1692029,126.9740144,35.22249436
2015,2015-01-23 15:30,주,금,1,1,0,0,0,충남,공주시,차량단독,공작물충돌,공작물충돌,운전자법규위반,안전운전 의무 불이행,단일로,기타단일로,화물차,소형,없음,없음,962125,1819819,127.0777552,36.37507672
2015,2015-01-23 16:24,주,금,1,1,0,0,0,경기,의왕시,차대사람,길가장자리구역통행중,길가장자리구역통행중,운전자법규위반,안전운전 의무 불이행,단일로,기타단일로,화물차,소형,보행자,보행자,951450,1924566,126.9520537,37.3188129
2015,2015-01-24 1:29,야,토,1,1,0,0,0,충북,청주시,차량단독,공작물충돌,공작물충돌,운전자법규위반,안전운전 의무 불이행,단일로,기타단일로,승용차,소형,없음,없음,1017995.5,1852629.3,127.7013877,36.67144253
2015,2015-01-24 1:25,야,토,1,1,0,0,0,경북,포항시,차대차,기타,기타,운전자법규위반,안전운전 의무 불이행,단일로,기타단일로,승용차,중형,건설기계,건설기계,1166550,1784811,129.3489087,36.0459449
2015,2015-01-24 4:30,야,토,1,1,0,0,0,경기,파주시,차대사람,횡단중,횡단중,운전자법규위반,안전운전 의무 불이행,교차로,교차로부근,승용차,중형,보행자,보행자,930453,1969832,126.7108083,37.72545089
2015,2015-01-24 4:10,야,토,1,1,0,0,0,경기,광주시,차량단독,공작물충돌,공작물충돌,운전자법규위반,안전운전 의무 불이행,단일로,기타단일로,화물차,소형,없음,없음,972625,1935692,127.1906236,37.41996502
2015,2015-01-24 4:15,야,토,1,1,0,0,0,대전,서구,차대사람,횡단중,횡단중,운전자법규위반,안전운전 의무 불이행,단일로,기타단일로,승용차,중형,보행자,보행자,990528,1815565,127.3944531,36.33742478
2015,2015-01-24 14:00,주,토,1,1,0,0,0,대구,서구,차대사람,횡단중,횡단중,운전자법규위반,보행자 보호의무 위반,교차로,교차로부근,화물차,대형,보행자,보행자,1094631,1762514,128.5480277,35.85460351
2015,2015-01-24 15:20,주,토,1,1,0,0,0,대구,북구,차대사람,기타,기타,운전자법규위반,안전운전 의무 불이행,교차로,교차로부근,승용차,중형,보행자,보행자,1099276,1767230,128.6000499,35.89665605
2015,2015-01-24 19:10,야,토,1,1,0,0,0,경북,경산시,차대사람,기타,기타,운전자법규위반,신호위반,교차로,교차로내,특수차,대형,보행자,보행자,1117741,1765168,128.8043067,35.87602148
2015,2015-01-24 21:39,야,토,1,1,0,0,0,경북,구미시,차대차,추돌,진행중 추돌,운전자법규위반,안전운전 의무 불이행,단일로,기타단일로,승용차,소형,자전거,자전거,1073886,1808310,128.3225897,36.26923517
2015,2015-01-25 1:30,야,일,1,1,0,0,0,경북,경주시,차대사람,기타,기타,운전자법규위반,안전운전 의무 불이행,단일로,기타단일로,승용차,중형,보행자,보행자,1165701,1745069,129.3312274,35.6879546
2015,2015-01-25 3:00,야,일,1,1,0,0,0,전북,전주시,차대차,추돌,주정차중 추돌,운전자법규위반,안전운전 의무 불이행,단일로,기타단일로,승용차,소형,불명,불명,961183,1763255,127.0700431,35.86508602
2015,2015-01-25 3:57,야,일,1,1,0,0,0,울산,북구,차대사람,횡단중,횡단중,운전자법규위반,안전운전 의무 불이행,단일로,기타단일로,승용차,중형,보행자,보행자,1168448,1733747,129.359206,35.58545832
2015,2015-01-25 5:49,야,일,1,1,0,0,0,전북,장수군,차량단독,공작물충돌,공작물충돌,운전자법규위반,안전운전 의무 불이행,기타/불명,기타/불명,승용차,경형,없음,없음,1002820,1730232,127.5311202,35.56810378
2015,2015-01-25 10:15,주,일,1,1,0,0,0,전남,해남군,차대사람,횡단중,횡단중,운전자법규위반,안전운전 의무 불이행,교차로,교차로내,승합차,소형,보행자,보행자,917358,1619332,126.5991083,34.56476056
2015,2015-01-25 18:50,야,일,1,1,0,0,0,강원,영월군,차대사람,길가장자리구역통행중,길가장자리구역통행중,운전자법규위반,안전운전 의무 불이행,단일로,기타단일로,승용차,중형,보행자,보행자,1081501,1912973,128.4185339,37.21202048
2015,2015-01-25 18:22,야,일,1,1,0,0,0,전남,영암군,차대사람,기타,기타,운전자법규위반,안전운전 의무 불이행,단일로,기타단일로,승용차,중형,보행자,보행자,904886,1639995,126.4608447,34.74998886
2015,2015-01-25 19:45,야,일,1,1,0,0,0,경북,경주시,차량단독,공작물충돌,공작물충돌,운전자법규위반,안전운전 의무 불이행,교차로,교차로부근,승용차,중형,없음,없음,1164865,1748780,129.322754,35.72153761
2015,2015-01-25 20:15,야,일,1,1,0,0,0,충남,부여군,차대사람,차도통행중,차도통행중,운전자법규위반,안전운전 의무 불이행,단일로,기타단일로,승용차,중형,보행자,보행자,944962,1806479,126.8873657,36.25398778
2015,2015-01-26 5:46,야,월,1,1,0,0,0,경남,창원시(통합),차대사람,길가장자리구역통행중,길가장자리구역통행중,운전자법규위반,안전운전 의무 불이행,단일로,기타단일로,승용차,소형,보행자,보행자,1089776,1694024,128.486673,35.23760431
2015,2015-01-26 10:10,주,월,1,1,0,0,0,경북,포항시,차대사람,기타,기타,운전자법규위반,안전운전 의무 불이행,교차로,교차로내,화물차,경형,보행자,보행자,1166305,1791946,129.3476942,36.11028121
2015,2015-01-26 13:25,주,월,1,1,0,0,0,충북,충주시,차대사람,횡단중,횡단중,운전자법규위반,과속,단일로,기타단일로,승용차,중형,보행자,보행자,1034650.2,1884822.3,127.8892342,36.96118537
2015,2015-01-26 14:10,주,월,1,1,0,0,0,충남,공주시,차량단독,공작물충돌,공작물충돌,운전자법규위반,안전운전 의무 불이행,단일로,기타단일로,승용차,중형,없음,없음,970135,1827915,127.1667405,36.44834578
2015,2015-01-26 18:10,야,월,1,1,0,0,0,경북,경산시,차대사람,횡단중,횡단중,운전자법규위반,안전운전 의무 불이행,교차로,교차로부근,승용차,중형,보행자,보행자,1119753,1758400,128.8255742,35.81477233
2015,2015-01-26 19:20,야,월,1,1,0,0,0,경남,창원시(통합),차대사람,보도통행중,보도통행중,운전자법규위반,보행자 보호의무 위반,단일로,횡단보도상,승합차,경형,보행자,보행자,1119076,1679546,128.806536,35.10403452
2015,2015-01-26 19:30,야,월,1,1,0,0,0,대구,달서구,차대사람,기타,기타,운전자법규위반,안전운전 의무 불이행,단일로,기타단일로,승용차,중형,보행자,보행자,1090738,1762215,128.5048853,35.8522764
2015,2015-01-26 22:10,야,월,1,1,0,0,0,세종,세종,차대차,추돌,주정차중 추돌,운전자법규위반,안전운전 의무 불이행,단일로,기타단일로,승용차,중형,승용차,중형,977446,1851702,127.2476258,36.66298587
2015,2015-01-26 23:05,야,월,1,1,0,0,0,경북,포항시,차대사람,횡단중,횡단중,운전자법규위반,안전운전 의무 불이행,교차로,교차로내,승용차,대형,보행자,보행자,1172185,1777161,129.4097693,35.97603068
2015,2015-01-27 1:00,야,화,1,1,0,0,0,전북,전주시,차량단독,공작물충돌,공작물충돌,운전자법규위반,안전운전 의무 불이행,교차로,교차로내,승용차,중형,없음,없음,970135,1760034,127.1693189,35.83635936
2015,2015-01-27 7:00,주,화,1,1,0,0,0,전북,전주시,차대사람,횡단중,횡단중,운전자법규위반,안전운전 의무 불이행,단일로,기타단일로,승용차,소형,보행자,보행자,961489,1763957,127.0733986,35.87142725
2015,2015-01-27 19:42,야,화,1,1,0,0,0,전남,순천시,차대사람,기타,기타,운전자법규위반,안전운전 의무 불이행,교차로,교차로내,승용차,중형,보행자,보행자,998380,1664343,127.4822525,34.97398293
2015,2015-01-27 20:10,야,화,1,1,0,0,0,경남,진주시,차대사람,길가장자리구역통행중,길가장자리구역통행중,운전자법규위반,안전운전 의무 불이행,단일로,기타단일로,승용차,중형,보행자,보행자,1068541,1688497,128.2528526,35.18944847
2015,2015-01-27 20:30,야,화,1,1,0,0,0,경남,합천군,차대차,추돌,진행중 추돌,운전자법규위반,안전운전 의무 불이행,단일로,기타단일로,화물차,대형,화물차,소형,1062774,1734779,128.1930743,35.60711291
2015,2015-01-27 23:30,야,화,1,1,0,0,0,충남,천안시,차대사람,기타,기타,운전자법규위반,안전운전 의무 불이행,단일로,기타단일로,승합차,대형,보행자,보행자,972833,1874351,127.195201,36.86703833
2015,2015-01-27 23:15,야,화,1,1,0,0,0,경남,진주시,차대사람,횡단중,횡단중,운전자법규위반,안전운전 의무 불이행,교차로,교차로부근,승용차,소형,보행자,보행자,1051183,1686364,128.0620699,35.17125089
2015,2015-01-28 0:56,야,수,1,1,0,0,0,충남,보령시,차대사람,횡단중,횡단중,운전자법규위반,안전운전 의무 불이행,교차로,교차로부근,승용차,대형,보행자,보행자,919378,1816902,126.6015367,36.34614736
2015,2015-01-28 6:55,주,수,1,1,0,0,0,울산,울주군,차대사람,횡단중,횡단중,운전자법규위반,안전운전 의무 불이행,교차로,교차로부근,승용차,중형,보행자,보행자,1153037,1746321,129.1915677,35.70128558
2015,2015-01-28 7:05,주,수,1,1,0,0,0,서울,성북구,차대사람,차도통행중,차도통행중,운전자법규위반,안전운전 의무 불이행,단일로,기타단일로,승용차,중형,보행자,보행자,960979,1957450,127.0578547,37.61566026
2015,2015-01-28 16:15,주,수,1,1,0,0,0,서울,성북구,차대사람,횡단중,횡단중,운전자법규위반,안전운전 의무 불이행,단일로,기타단일로,승합차,중형,보행자,보행자,960893,1957549,127.0568749,37.61654891