발생년,발생년월일시분,주야,요일,사망자수,사상자수,중상자수,경상자수,부상신고자수,발생지시도,발생지시군구,사고유형_대분류,사고유형_중분류,사고유형,법규위반_대분류,법규위반,도로형태_대분류,도로형태,가해자_당사자종별_대분류,가해자_당사자종별,피해자_당사자종별_대분류,피해자_당사자종별,발생위치X_UTMK,발생위치Y_UTMK,경도,위도
2015,2015-01-28 18:40,야,수,1,1,0,0,0,광주,북구,차대차,기타,기타,운전자법규위반,안전운전 의무 불이행,단일로,기타단일로,이륜차,소형,화물차,소형,947159,1685743,126.9197632,35.16556565
2015,2015-01-28 19:03,야,수,1,1,0,0,0,경남,밀양시,차량단독,공작물충돌,공작물충돌,운전자법규위반,안전운전 의무 불이행,단일로,기타단일로,화물차,소형,없음,없음,1106292,1714277,128.6707891,35.41857085
2015,2015-01-28 20:57,야,수,1,1,0,0,0,경기,화성시,차대사람,차도통행중,차도통행중,운전자법규위반,안전운전 의무 불이행,단일로,기타단일로,승합차,소형,보행자,보행자,940497,1898028,126.8305583,37.07897545
2015,2015-01-29 2:52,야,목,1,1,0,0,0,서울,구로구,차대차,추돌,주정차중 추돌,운전자법규위반,안전운전 의무 불이행,단일로,기타단일로,승용차,중형,화물차,대형,942102,1945202,126.8449381,37.50427401
2015,2015-01-29 7:45,주,목,1,1,0,0,0,경북,포항시,차량단독,도로이탈,도로이탈 추락,운전자법규위반,안전운전 의무 불이행,단일로,고가도로위,승용차,중형,없음,없음,1176184,1778752,129.4544544,35.98965269
2015,2015-01-29 11:25,주,목,1,1,0,0,0,제주,제주시,차량단독,공작물충돌,공작물충돌,운전자법규위반,안전운전 의무 불이행,단일로,기타단일로,이륜차,소형,없음,없음,922371,1505870,126.6638574,33.54196652
2015,2015-01-29 17:30,주,목,1,1,0,0,0,제주,제주시,차량단독,공작물충돌,공작물충돌,운전자법규위반,안전운전 의무 불이행,단일로,기타단일로,승용차,중형,없음,없음,917875,1492447,126.6166655,33.42057337
2015,2015-01-29 18:45,야,목,1,1,0,0,0,경남,하동군,차대차,추돌,주정차중 추돌,운전자법규위반,안전운전 의무 불이행,단일로,기타단일로,화물차,소형,화물차,대형,1028037,1667027,127.8072405,34.99779831
2015,2015-01-29 18:05,야,목,1,1,0,0,0,제주,제주시,차대사람,기타,기타,운전자법규위반,보행자 보호의무 위반,단일로,횡단보도상,승용차,중형,보행자,보행자,909613,1503156,126.5267313,33.51648676
2015,2015-01-29 20:40,야,목,1,1,0,0,0,경기,부천시,차대사람,횡단중,횡단중,운전자법규위반,보행자 보호의무 위반,교차로,교차로내,승합차,대형,보행자,보행자,934894,1946458,126.7632809,37.51511384
2015,2015-01-29 20:20,야,목,1,1,0,0,0,경기,수원시,차대사람,횡단중,횡단중,운전자법규위반,안전운전 의무 불이행,교차로,교차로내,승합차,소형,보행자,보행자,960770,1916749,127.0576507,37.24879292
2015,2015-01-29 23:55,야,목,1,1,0,0,0,전남,순천시,차대차,추돌,진행중 추돌,운전자법규위반,안전운전 의무 불이행,교차로,교차로부근,승용차,대형,이륜차,소형,1001963,1663100,127.5215022,34.96277358
2015,2015-01-30 1:00,야,금,1,1,0,0,0,대전,유성구,차대사람,횡단중,횡단중,운전자법규위반,과속,교차로,교차로내,승용차,소형,보행자,보행자,985819,1817543,127.3419447,36.35519936
2015,2015-01-30 2:00,야,금,1,1,0,0,0,부산,중구,차대사람,횡단중,횡단중,운전자법규위반,안전운전 의무 불이행,단일로,횡단보도상,승용차,중형,보행자,보행자,1139593,1679702,129.0316144,35.10280605
2015,2015-01-30 6:50,주,금,1,1,0,0,0,경남,창원시(통합),차대사람,횡단중,횡단중,운전자법규위반,안전운전 의무 불이행,단일로,기타단일로,승용차,중형,보행자,보행자,1106001,1691035,128.6645766,35.20907291
2015,2015-01-30 8:40,주,금,1,1,0,0,0,경기,남양주시,차대사람,기타,기타,운전자법규위반,안전운전 의무 불이행,교차로,교차로부근,승용차,중형,보행자,보행자,973930,1971788,127.2040868,37.74535111
2015,2015-01-30 8:58,주,금,1,1,0,0,0,광주,북구,차대차,측면충돌,측면충돌,운전자법규위반,신호위반,교차로,교차로부근,이륜차,소형,승용차,소형,945261,1688704,126.8987261,35.19216242
2015,2015-01-30 16:40,주,금,1,1,0,0,0,경남,창원시(통합),차대차,정면충돌,정면충돌,운전자법규위반,중앙선 침범,교차로,교차로내,승합차,대형,화물차,소형,1103509,1691444,128.6372546,35.21302041
2015,2015-01-30 18:15,야,금,1,1,0,0,0,대전,동구,차대사람,횡단중,횡단중,운전자법규위반,보행자 보호의무 위반,단일로,횡단보도상,승합차,소형,보행자,보행자,993585,1815240,127.4285201,36.33452
2015,2015-01-31 6:00,주,토,1,1,0,0,0,충북,청주시,차대차,기타,기타,운전자법규위반,안전운전 의무 불이행,단일로,기타단일로,승용차,중형,승용차,중형,985442,1857891,127.3369811,36.71893484
2015,2015-01-31 8:35,주,토,1,1,0,0,0,부산,사하구,차대사람,기타,기타,운전자법규위반,안전운전 의무 불이행,단일로,기타단일로,승합차,대형,보행자,보행자,1134540.7,1673598.8,128.9752065,35.04847737
2015,2015-01-31 14:30,주,토,1,1,0,0,0,충남,예산군,차대차,측면충돌,측면충돌,운전자법규위반,직진 및 우회전차의 통행방해,교차로,교차로내,화물차,대형,승합차,소형,932976,1852232,126.7499959,36.66566962
2015,2015-01-31 20:30,야,토,1,1,0,0,0,대구,달성군,차대사람,횡단중,횡단중,운전자법규위반,안전운전 의무 불이행,단일로,기타단일로,승용차,중형,보행자,보행자,1083860,1748777,128.427315,35.73174473
2015,2015-01-31 23:10,야,토,1,1,0,0,0,서울,금천구,차대사람,횡단중,횡단중,운전자법규위반,안전운전 의무 불이행,단일로,기타단일로,승용차,소형,보행자,보행자,947245,1941891,126.9033607,37.47473967
2015,2015-02-01 4:10,야,일,1,1,0,0,0,전북,익산시,차대사람,횡단중,횡단중,운전자법규위반,안전운전 의무 불이행,단일로,기타단일로,승용차,중형,보행자,보행자,951914,1772265,126.966834,35.94590615
2015,2015-02-01 9:12,주,일,1,1,0,0,0,서울,노원구,차대사람,횡단중,횡단중,운전자법규위반,안전운전 의무 불이행,교차로,교차로내,승용차,중형,보행자,보행자,962170,1959878,127.0712238,37.63759415
2015,2015-02-01 13:05,주,일,1,1,0,0,0,서울,동대문구,차대사람,기타,기타,운전자법규위반,안전운전 의무 불이행,단일로,기타단일로,승용차,중형,보행자,보행자,959442,1953641,127.0406506,37.58126235
2015,2015-02-01 16:20,주,일,1,1,0,0,0,전북,완주군,차대차,정면충돌,정면충돌,운전자법규위반,안전운전 의무 불이행,교차로,교차로부근,이륜차,사발이,승용차,중형,963722,1767010,127.0979947,35.89903807
2015,2015-02-01 18:40,야,일,1,1,0,0,0,충남,보령시,차대사람,횡단중,횡단중,운전자법규위반,안전운전 의무 불이행,교차로,교차로부근,승용차,중형,보행자,보행자,919901,1818071,126.6072442,36.35672877
2015,2015-02-01 21:20,야,일,1,1,0,0,0,충남,천안시,차대사람,횡단중,횡단중,운전자법규위반,안전운전 의무 불이행,단일로,기타단일로,승용차,중형,보행자,보행자,967223,1867637,127.1325506,36.80633696
2015,2015-02-02 1:08,야,월,1,1,0,0,0,울산,울주군,차대사람,길가장자리구역통행중,길가장자리구역통행중,운전자법규위반,안전운전 의무 불이행,단일로,기타단일로,승합차,소형,보행자,보행자,1162070,1718548,129.2858043,35.44954604
2015,2015-02-02 6:50,주,월,1,1,0,0,0,충남,보령시,차대사람,횡단중,횡단중,운전자법규위반,안전운전 의무 불이행,교차로,교차로내,승용차,중형,보행자,보행자,911924,1820170,126.5181088,36.37495198
2015,2015-02-02 11:05,주,월,1,1,0,0,0,경남,창녕군,차량단독,전도전복,전도전복,운전자법규위반,안전운전 의무 불이행,단일로,기타단일로,원동기장치자전거,원동기장치자전거,없음,없음,1080810,1724549,128.3911652,35.51357446
2015,2015-02-02 19:15,야,월,1,1,0,0,0,충남,서천군,차대사람,기타,기타,운전자법규위반,보행자 보호의무 위반,단일로,횡단보도상,승용차,소형,보행자,보행자,928472,1779290,126.7062996,36.00780146
2015,2015-02-02 21:20,야,월,1,1,0,0,0,전북,전주시,차대사람,횡단중,횡단중,운전자법규위반,안전운전 의무 불이행,교차로,교차로내,승용차,중형,보행자,보행자,967326,1759659,127.1382321,35.83288875
2015,2015-02-02 22:50,야,월,1,1,0,0,0,충남,아산시,차대차,기타,기타,운전자법규위반,안전운전 의무 불이행,단일로,기타단일로,승용차,중형,이륜차,소형,964480,1866094,127.1018726,36.79232858
2015,2015-02-02 22:44,야,월,1,1,0,0,0,대구,북구,차량단독,기타,기타,운전자법규위반,안전운전 의무 불이행,단일로,기타단일로,이륜차,소형,없음,없음,1097396,1772851,128.5799102,35.9475153
2015,2015-02-03 0:50,야,화,1,1,0,0,0,충남,당진시,차량단독,도로이탈,도로이탈 기타,운전자법규위반,안전운전 의무 불이행,단일로,기타단일로,원동기장치자전거,원동기장치자전거,없음,없음,936465,1877453,126.7869323,36.89325285
2015,2015-02-03 4:13,야,화,1,1,0,0,0,충북,충주시,차량단독,공작물충돌,공작물충돌,운전자법규위반,안전운전 의무 불이행,단일로,기타단일로,승용차,중형,없음,없음,1039770,1890997,127.9470703,37.01664273
2015,2015-02-03 13:19,주,화,1,1,0,0,0,충북,충주시,차량단독,공작물충돌,공작물충돌,운전자법규위반,안전운전 의무 불이행,단일로,교량위,승용차,중형,없음,없음,1042106.6,1875905.8,127.9724952,36.88050578
2015,2015-02-03 18:27,야,화,1,1,0,0,0,충남,공주시,차량단독,도로이탈,도로이탈 기타,운전자법규위반,안전운전 의무 불이행,단일로,기타단일로,농기계,농기계,없음,없음,956447,1820274,127.0144311,36.37893807
2015,2015-02-03 19:50,야,화,1,1,0,0,0,경기,안산시,차대사람,보도통행중,보도통행중,운전자법규위반,기타(운전자법규위반),교차로,교차로부근,자전거,자전거,보행자,보행자,939088,1927221,126.8123235,37.34201486
2015,2015-02-03 23:00,야,화,1,1,0,0,0,부산,중구,차량단독,공작물충돌,공작물충돌,운전자법규위반,안전운전 의무 불이행,단일로,터널안,이륜차,중형,없음,없음,1139289,1680784,129.0284621,35.11260135
2015,2015-02-04 6:35,주,수,1,1,0,0,0,전남,목포시,차대사람,기타,기타,운전자법규위반,안전운전 의무 불이행,단일로,기타단일로,승용차,중형,보행자,보행자,897854,1647446,126.3831247,34.81648769
2015,2015-02-04 6:10,주,수,1,1,0,0,0,경북,포항시,차대사람,기타,기타,운전자법규위반,안전운전 의무 불이행,단일로,횡단보도부근,승합차,소형,보행자,보행자,1167440,1785341,129.3588964,36.05056804
2015,2015-02-04 8:15,주,수,1,1,0,0,0,충남,서산시,차대사람,횡단중,횡단중,운전자법규위반,보행자 보호의무 위반,교차로,교차로내,특수차,대형,보행자,보행자,905537,1876016,126.4400446,36.87771131
2015,2015-02-04 9:35,주,수,1,1,0,0,0,경기,용인시,차대차,기타,기타,운전자법규위반,안전운전 의무 불이행,단일로,기타단일로,승용차,소형,건설기계,건설기계,973445,1904073,127.20102,37.13497893
2015,2015-02-04 9:35,주,수,1,1,0,0,0,경북,상주시,차대차,측면충돌,측면충돌,운전자법규위반,안전운전 의무 불이행,교차로,교차로내,화물차,소형,농기계,농기계,1058503,1830404,128.1530009,36.46946343
2015,2015-02-04 10:13,주,수,1,1,0,0,0,경기,부천시,차대사람,길가장자리구역통행중,길가장자리구역통행중,운전자법규위반,안전운전 의무 불이행,단일로,기타단일로,자전거,자전거,보행자,보행자,934710,1948533,126.7610145,37.53380256
2015,2015-02-04 14:40,주,수,1,1,0,0,0,인천,남구,차대사람,횡단중,횡단중,운전자법규위반,신호위반,단일로,기타단일로,승합차,대형,보행자,보행자,925281.8,1939908.9,126.6551873,37.45536026
2015,2015-02-04 17:35,주,수,1,1,0,0,0,서울,관악구,차대사람,횡단중,횡단중,운전자법규위반,안전운전 의무 불이행,단일로,기타단일로,승용차,중형,보행자,보행자,949633,1943377,126.9302652,37.48826664
2015,2015-02-04 21:43,야,수,1,1,0,0,0,대전,동구,차대사람,횡단중,횡단중,운전자법규위반,안전운전 의무 불이행,단일로,기타단일로,승용차,소형,보행자,보행자,996650,1810505,127.4626925,36.2918473
2015,2015-02-04 22:20,야,수,1,1,0,0,0,경기,안성시,차대사람,기타,기타,운전자법규위반,안전운전 의무 불이행,교차로,교차로내,화물차,경형,보행자,보행자,982071,1895872,127.2983346,37.06125845
2015,2015-02-05 15:37,주,목,1,1,0,0,0,서울,송파구,차대사람,기타,기타,운전자법규위반,보행자 보호의무 위반,교차로,교차로내,승용차,중형,보행자,보행자,965941,1947911,127.114521,37.52987917
2015,2015-02-05 15:45,주,목,1,1,0,0,0,경기,용인시,차대사람,차도통행중,차도통행중,운전자법규위반,안전운전 의무 불이행,교차로,교차로내,건설기계,건설기계,보행자,보행자,967849,1918615,127.1373898,37.26588405
2015,2015-02-05 19:17,야,목,1,1,0,0,0,대구,북구,차대차,기타,기타,운전자법규위반,안전운전 의무 불이행,교차로,교차로내,승용차,경형,자전거,자전거,1097322,1766463,128.5783079,35.88993829
2015,2015-02-05 20:55,야,목,1,1,0,0,0,서울,강남구,차대사람,횡단중,횡단중,운전자법규위반,안전운전 의무 불이행,단일로,횡단보도부근,승용차,중형,보행자,보행자,957448,1946854,127.0184615,37.51999925
2015,2015-02-05 22:46,야,목,1,1,0,0,0,경기,고양시,차대사람,기타,기타,운전자법규위반,안전운전 의무 불이행,단일로,기타단일로,승용차,소형,보행자,보행자,948126,1970465,126.911298,37.73232796
2015,2015-02-06 5:40,야,금,1,1,0,0,0,전남,해남군,차량단독,도로이탈,도로이탈 기타,운전자법규위반,안전운전 의무 불이행,단일로,기타단일로,화물차,소형,없음,없음,893761,1623675,126.3413721,34.60174889
2015,2015-02-06 8:05,주,금,1,1,0,0,0,경북,경산시,차대사람,길가장자리구역통행중,길가장자리구역통행중,운전자법규위반,안전운전 의무 불이행,단일로,기타단일로,승용차,소형,보행자,보행자,1113182,1759244,128.7529738,35.82316022
2015,2015-02-06 9:30,주,금,1,1,0,0,0,경기,하남시,차대사람,횡단중,횡단중,운전자법규위반,안전운전 의무 불이행,단일로,기타단일로,화물차,소형,보행자,보행자,974047,1949044,127.2062232,37.54035528
2015,2015-02-06 13:30,주,금,1,1,0,0,0,충남,부여군,차대차,측면충돌,측면충돌,운전자법규위반,안전운전 의무 불이행,교차로,교차로부근,화물차,중형,자전거,자전거,947246,1809517,126.9125828,36.28150305
2015,2015-02-06 15:00,주,금,1,1,0,0,0,충남,천안시,차량단독,전도전복,전도전복,운전자법규위반,안전운전 의무 불이행,단일로,기타단일로,이륜차,소형,없음,없음,966082,1859043,127.1201419,36.72882542
2015,2015-02-06 18:22,야,금,1,1,0,0,0,경기,용인시,차량단독,전도전복,전도전복,운전자법규위반,안전운전 의무 불이행,단일로,기타단일로,원동기장치자전거,원동기장치자전거,없음,없음,975599,1913642,127.2249589,37.2212931
2015,2015-02-06 23:32,야,금,1,1,0,0,0,경북,경산시,차대사람,기타,기타,운전자법규위반,안전운전 의무 불이행,단일로,기타단일로,승합차,대형,보행자,보행자,1113625,1761105,128.7581418,35.83988408
2015,2015-02-07 4:00,야,토,1,1,0,0,0,서울,영등포구,차대차,측면충돌,측면충돌,운전자법규위반,안전운전 의무 불이행,교차로,교차로부근,자전거,자전거,화물차,소형,948447,1946627,126.9166223,37.51749406
2015,2015-02-07 5:20,야,토,1,1,0,0,0,충남,천안시,차대차,기타,기타,운전자법규위반,안전운전 의무 불이행,단일로,기타단일로,승용차,중형,화물차,대형,964358,1861705,127.1007104,36.75275911
2015,2015-02-07 6:23,주,토,1,1,0,0,0,충남,천안시,차대사람,횡단중,횡단중,운전자법규위반,안전운전 의무 불이행,교차로,교차로부근,승용차,중형,보행자,보행자,970256,1863185,127.1667256,36.76630415
2015,2015-02-07 7:00,주,토,1,1,0,0,0,경기,군포시,차량단독,전도전복,전도전복,운전자법규위반,안전운전 의무 불이행,단일로,기타단일로,이륜차,중형,없음,없음,949382,1928612,126.9284385,37.35517101
2015,2015-02-07 7:15,주,토,1,1,0,0,0,대구,동구,차량단독,기타,기타,운전자법규위반,안전운전 의무 불이행,단일로,기타단일로,이륜차,소형,없음,없음,1108912,1763972,128.706358,35.86626267
2015,2015-02-07 7:05,주,토,1,1,0,0,0,대전,대덕구,차대차,기타,기타,운전자법규위반,안전운전 의무 불이행,단일로,기타단일로,화물차,소형,자전거,자전거,993357.4,1820554,127.4259386,36.38242627
2015,2015-02-07 7:20,주,토,1,1,0,0,0,대전,서구,차대사람,횡단중,횡단중,운전자법규위반,안전운전 의무 불이행,단일로,기타단일로,화물차,경형,보행자,보행자,990764,1815986,127.3970779,36.34122257
2015,2015-02-07 13:30,주,토,1,1,0,0,0,서울,종로구,차대사람,길가장자리구역통행중,길가장자리구역통행중,운전자법규위반,안전운전 의무 불이행,단일로,기타단일로,승용차,중형,보행자,보행자,955710,1954189,126.9983512,37.58602953
2015,2015-02-07 15:35,주,토,1,1,0,0,0,충북,괴산군,차대차,정면충돌,정면충돌,운전자법규위반,중앙선 침범,단일로,기타단일로,승용차,경형,승합차,대형,1025996,1867323,127.7914207,36.80371695
2015,2015-02-07 19:32,야,토,1,1,0,0,0,경남,창녕군,차대사람,차도통행중,차도통행중,운전자법규위반,안전운전 의무 불이행,단일로,기타단일로,화물차,소형,보행자,보행자,1087298,1729244,128.4632114,35.55535186
2015,2015-02-07 20:30,야,토,1,1,0,0,0,강원,양양군,차대사람,길가장자리구역통행중,길가장자리구역통행중,운전자법규위반,안전운전 의무 불이행,단일로,기타단일로,승용차,중형,보행자,보행자,1099416,2012755,128.6340054,38.10948562
2015,2015-02-07 20:30,야,토,1,1,0,0,0,강원,횡성군,차량단독,도로이탈,도로이탈 추락,운전자법규위반,안전운전 의무 불이행,단일로,기타단일로,화물차,소형,없음,없음,1058847,1936332,128.1650897,37.42426768
2015,2015-02-08 1:50,야,일,1,1,0,0,0,경남,김해시,차량단독,공작물충돌,공작물충돌,운전자법규위반,안전운전 의무 불이행,단일로,기타단일로,승용차,경형,없음,없음,1134925,1695142,128.9829382,35.24262084
2015,2015-02-08 6:30,주,일,1,1,0,0,0,서울,강남구,차대차,측면충돌,측면충돌,운전자법규위반,안전운전 의무 불이행,교차로,교차로내,승용차,중형,자전거,자전거,960164.2,1943353.6,127.0493881,37.48857013
2015,2015-02-08 11:06,주,일,1,1,0,0,0,충남,당진시,차량단독,전도전복,전도전복,운전자법규위반,안전운전 의무 불이행,단일로,기타단일로,승용차,중형,없음,없음,930717,1881664,126.722041,36.93080504
2015,2015-02-08 16:20,주,일,1,1,0,0,0,울산,동구,차대사람,보도통행중,보도통행중,운전자법규위반,안전운전 의무 불이행,단일로,기타단일로,승합차,소형,보행자,보행자,1174540,1725441,129.4246216,35.50955289
2015,2015-02-08 22:40,야,일,1,1,0,0,0,충북,충주시,차량단독,도로이탈,도로이탈 기타,운전자법규위반,안전운전 의무 불이행,단일로,기타단일로,승용차,소형,없음,없음,1031604,1885194,127.8550317,36.96464322
2015,2015-02-09 3:50,야,월,1,1,0,0,0,충북,청주시,차량단독,공작물충돌,공작물충돌,운전자법규위반,안전운전 의무 불이행,단일로,기타단일로,승용차,중형,없음,없음,1000760,1844492,127.5084971,36.59825487
2015,2015-02-09 7:05,주,월,1,1,0,0,0,서울,은평구,차대사람,횡단중,횡단중,운전자법규위반,안전운전 의무 불이행,교차로,교차로내,승용차,중형,보행자,보행자,948120,1954302,126.9123792,37.58665136
2015,2015-02-09 7:40,주,월,1,1,0,0,0,전북,완주군,차량단독,공작물충돌,공작물충돌,운전자법규위반,안전운전 의무 불이행,단일로,기타단일로,화물차,소형,없음,없음,957425,1757705,127.0287149,35.81489171
2015,2015-02-09 8:28,주,월,1,1,0,0,0,충북,옥천군,차대차,측면충돌,측면충돌,운전자법규위반,교차로 통행방법 위반,교차로,교차로내,승용차,소형,화물차,대형,1025015,1816253,127.7787639,36.34334888
2015,2015-02-09 8:30,주,월,1,1,0,0,0,충남,서천군,차대사람,기타,기타,운전자법규위반,보행자 보호의무 위반,단일로,횡단보도상,승용차,중형,보행자,보행자,916482,1795721,126.5715288,36.15496686
2015,2015-02-09 9:23,주,월,1,1,0,0,0,부산,연제구,차대사람,횡단중,횡단중,운전자법규위반,안전운전 의무 불이행,교차로,교차로부근,승용차,중형,보행자,보행자,1144197,1688507,129.0836495,35.18152376
2015,2015-02-09 16:40,주,월,1,1,0,0,0,전남,광양시,차량단독,도로이탈,도로이탈 기타,운전자법규위반,안전운전 의무 불이행,단일로,기타단일로,화물차,소형,없음,없음,1005889,1674001,127.5645838,35.06105723
2015,2015-02-09 22:45,야,월,1,1,0,0,0,경북,고령군,차량단독,도로이탈,도로이탈 추락,운전자법규위반,안전운전 의무 불이행,단일로,기타단일로,승용차,중형,없음,없음,1072337,1748424,128.2998751,35.72947678
2015,2015-02-10 2:13,야,화,1,1,0,0,0,전북,익산시,차량단독,공작물충돌,공작물충돌,운전자법규위반,안전운전 의무 불이행,단일로,기타단일로,화물차,소형,없음,없음,954373,1790444,126.9930488,36.10991783
2015,2015-02-10 4:15,야,화,1,1,0,0,0,서울,구로구,차대사람,횡단중,횡단중,운전자법규위반,안전운전 의무 불이행,단일로,기타단일로,화물차,중형,보행자,보행자,943096,1943262,126.8563337,37.48685041
2015,2015-02-10 5:45,야,화,1,1,0,0,0,경기,용인시,차대차,추돌,진행중 추돌,운전자법규위반,안전운전 의무 불이행,교차로,교차로내,화물차,소형,화물차,대형,964922,1917691,127.1044223,37.25744958
2015,2015-02-10 7:10,주,화,1,1,0,0,0,경기,부천시,차대사람,횡단중,횡단중,운전자법규위반,안전운전 의무 불이행,교차로,교차로부근,승용차,중형,보행자,보행자,936583,1947733,126.7822816,37.52672298
2015,2015-02-10 11:10,주,화,1,1,0,0,0,충남,천안시,차대사람,횡단중,횡단중,운전자법규위반,신호위반,단일로,기타단일로,화물차,소형,보행자,보행자,965753,1868627,127.1160268,36.81520927
2015,2015-02-10 14:17,주,화,1,1,0,0,0,전북,부안군,차대사람,횡단중,횡단중,운전자법규위반,안전운전 의무 불이행,교차로,교차로부근,화물차,소형,보행자,보행자,930785,1747697,126.7347067,35.723147
2015,2015-02-10 16:10,주,화,1,1,0,0,0,충북,보은군,차대차,정면충돌,정면충돌,운전자법규위반,중앙선 침범,단일로,기타단일로,원동기장치자전거,원동기장치자전거,화물차,중형,1021936,1824900,127.7446964,36.42137916
2015,2015-02-10 16:25,주,화,1,1,0,0,0,경남,김해시,차대차,추돌,주정차중 추돌,운전자법규위반,안전운전 의무 불이행,교차로,교차로부근,화물차,소형,화물차,대형,1121856,1690743,128.8386843,35.20464011
2015,2015-02-10 17:03,주,화,1,1,0,0,0,대구,달서구,차대차,기타,기타,운전자법규위반,안전운전 의무 불이행,교차로,교차로내,건설기계,건설기계,자전거,자전거,1088337,1761315,128.4781991,35.84438245
2015,2015-02-10 20:34,야,화,1,1,0,0,0,경북,구미시,차대사람,기타,기타,운전자법규위반,보행자 보호의무 위반,단일로,기타단일로,승용차,중형,보행자,보행자,1071997,1794466,128.3002892,36.14457777
2015,2015-02-10 21:47,야,화,1,1,0,0,0,제주,제주시,차대사람,기타,기타,운전자법규위반,안전운전 의무 불이행,단일로,기타단일로,승용차,대형,보행자,보행자,898431,1499670,126.4067391,33.48404555
2015,2015-02-11 1:15,야,수,1,1,0,0,0,경기,수원시,차대사람,기타,기타,운전자법규위반,안전운전 의무 불이행,단일로,기타단일로,승용차,중형,보행자,보행자,956034,1920239,127.004044,37.28003916
2015,2015-02-11 2:00,야,수,1,1,0,0,0,경남,하동군,차대차,측면충돌,측면충돌,운전자법규위반,중앙선 침범,단일로,기타단일로,화물차,대형,승용차,중형,1025197,1662601,127.7759851,34.9579622
2015,2015-02-11 3:52,야,수,1,1,0,0,0,인천,연수구,차대사람,기타,기타,운전자법규위반,안전운전 의무 불이행,단일로,기타단일로,승합차,소형,보행자,보행자,926432,1936317,126.6685492,37.4230794
2015,2015-02-11 4:45,야,수,1,1,0,0,0,경북,경주시,차대사람,기타,기타,운전자법규위반,안전운전 의무 불이행,단일로,기타단일로,화물차,소형,보행자,보행자,1157497,1775360,129.2465727,35.96228256
2015,2015-02-11 12:02,주,수,1,1,0,0,0,충남,홍성군,차량단독,기타,기타,운전자법규위반,안전운전 의무 불이행,단일로,기타단일로,원동기장치자전거,원동기장치자전거,없음,없음,927648,1834347,126.6920623,36.50406101
2015,2015-02-11 15:20,주,수,1,1,0,0,0,부산,영도구,차대사람,기타,기타,운전자법규위반,부당한 회전,단일로,기타단일로,승용차,중형,보행자,보행자,1143161,1677161,129.0703104,35.07940088
2015,2015-02-11 18:45,야,수,1,1,0,0,0,서울,강북구,차대사람,차도통행중,차도통행중,운전자법규위반,안전운전 의무 불이행,단일로,기타단일로,승용차,중형,보행자,보행자,958091.4,1958992.9,127.0250479,37.62943955
2015,2015-02-11 20:10,야,수,1,1,0,0,0,강원,춘천시,차대사람,횡단중,횡단중,운전자법규위반,안전운전 의무 불이행,교차로,교차로부근,승용차,대형,보행자,보행자,1017842,1980179,127.7027266,37.82117813
2015,2015-02-12 0:40,야,목,1,1,0,0,0,경기,고양시,차대사람,기타,기타,운전자법규위반,안전운전 의무 불이행,단일로,횡단보도상,승용차,중형,보행자,보행자,934003,1964149,126.7516042,37.67449513
2015,2015-02-12 0:28,야,목,1,1,0,0,0,전남,목포시,차대사람,기타,기타,운전자법규위반,안전운전 의무 불이행,단일로,기타단일로,승용차,중형,보행자,보행자,898318,1646668,126.3882916,34.80951969
2015,2015-02-12 5:03,야,목,1,1,0,0,0,대전,대덕구,차대사람,횡단중,횡단중,운전자법규위반,신호위반,단일로,횡단보도상,화물차,대형,보행자,보행자,992787,1827897,127.4195107,36.44862156
2015,2015-02-12 7:09,주,목,1,1,0,0,0,경기,김포시,차량단독,공작물충돌,공작물충돌,운전자법규위반,안전운전 의무 불이행,교차로,교차로내,승용차,경형,없음,없음,928778,1959958,126.6927677,37.63633278
2015,2015-02-12 13:30,주,목,1,1,0,0,0,경기,성남시,차대사람,횡단중,횡단중,운전자법규위반,신호위반,교차로,교차로부근,화물차,중형,보행자,보행자,967549,1937673,127.1331714,37.4376569
2015,2015-02-12 20:32,야,목,1,1,0,0,0,부산,강서구,차대차,추돌,진행중 추돌,운전자법규위반,안전운전 의무 불이행,교차로,교차로내,승용차,중형,화물차,대형,1126427,1678601,128.8870285,35.09461972
2015,2015-02-12 20:40,야,목,1,1,0,0,0,전남,강진군,차대사람,기타,기타,운전자법규위반,안전운전 의무 불이행,단일로,기타단일로,승용차,중형,보행자,보행자,930589,1624711,126.7428892,34.61424358
2015,2015-02-12 21:05,야,목,1,1,0,0,0,경북,봉화군,차량단독,도로이탈,도로이탈 추락,운전자법규위반,안전운전 의무 불이행,교차로,교차로내,화물차,소형,없음,없음,1115583,1871484,128.7961997,36.83451773
2015,2015-02-13 0:25,야,금,1,1,0,0,0,부산,해운대구,차대사람,횡단중,횡단중,운전자법규위반,안전운전 의무 불이행,교차로,교차로부근,승용차,중형,보행자,보행자,1154890,1688956,129.2011257,35.18397849
2015,2015-02-13 0:50,야,금,1,1,0,0,0,대구,수성구,차대차,기타,기타,운전자법규위반,안전운전 의무 불이행,단일로,기타단일로,승용차,소형,승용차,중형,1102001,1759470,128.6292469,35.82642399
2015,2015-02-13 2:55,야,금,1,1,0,0,0,전남,광양시,차대사람,차도통행중,차도통행중,운전자법규위반,안전운전 의무 불이행,단일로,기타단일로,승용차,대형,보행자,보행자,1015081.8,1662709.1,127.6651948,34.9591382