발생년,발생년월일시분,주야,요일,사망자수,사상자수,중상자수,경상자수,부상신고자수,발생지시도,발생지시군구,사고유형_대분류,사고유형_중분류,사고유형,법규위반_대분류,법규위반,도로형태_대분류,도로형태,가해자_당사자종별_대분류,가해자_당사자종별,피해자_당사자종별_대분류,피해자_당사자종별,발생위치X_UTMK,발생위치Y_UTMK,경도,위도
2015,2015-02-13 7:36,주,금,1,1,0,0,0,전남,함평군,차량단독,공작물충돌,공작물충돌,운전자법규위반,안전운전 의무 불이행,교차로,교차로내,승용차,소형,없음,없음,908919,1670499,126.5015791,35.02538822
2015,2015-02-13 10:25,주,금,1,1,0,0,0,경기,안산시,차대차,기타,기타,운전자법규위반,신호위반,단일로,기타단일로,자전거,자전거,승용차,경형,943405,1922831,126.861393,37.30271939
2015,2015-02-13 14:50,주,금,1,1,0,0,0,경북,경산시,차대차,추돌,진행중 추돌,운전자법규위반,안전운전 의무 불이행,단일로,기타단일로,화물차,대형,특수차,대형,1111493,1753916,128.733537,35.77532627
2015,2015-02-13 14:43,주,금,1,1,0,0,0,경남,함안군,차량단독,전도전복,전도전복,운전자법규위반,안전운전 의무 불이행,단일로,기타단일로,건설기계,건설기계,없음,없음,1077953,1698247,128.3571484,35.27666854
2015,2015-02-13 17:15,주,금,1,1,0,0,0,경기,파주시,차대차,정면충돌,정면충돌,운전자법규위반,신호위반,교차로,교차로내,승합차,대형,자전거,자전거,933858,1969563,126.7494682,37.72327884
2015,2015-02-13 17:35,주,금,1,1,0,0,0,경북,영주시,차대차,측면충돌,측면충돌,운전자법규위반,안전운전 의무 불이행,교차로,교차로내,이륜차,소형,화물차,소형,1098918,1869873,128.6091357,36.82188834
2015,2015-02-13 23:20,야,금,1,1,0,0,0,광주,북구,차대사람,횡단중,횡단중,운전자법규위반,안전운전 의무 불이행,단일로,기타단일로,승용차,중형,보행자,보행자,946214.1,1687607,126.9092664,35.18232265
2015,2015-02-14 0:50,야,토,1,1,0,0,0,대전,유성구,차대사람,횡단중,횡단중,운전자법규위반,안전운전 의무 불이행,단일로,기타단일로,승용차,중형,보행자,보행자,982672,1822843,127.3067516,36.40292902
2015,2015-02-14 4:25,야,토,1,1,0,0,0,경남,함양군,차대사람,차도통행중,차도통행중,운전자법규위반,안전운전 의무 불이행,단일로,기타단일로,화물차,소형,보행자,보행자,1026599,1719606,127.7931835,35.47194062
2015,2015-02-14 4:35,야,토,1,1,0,0,0,대구,달서구,차대차,기타,기타,운전자법규위반,안전운전 의무 불이행,단일로,횡단보도상,화물차,소형,자전거,자전거,1094348,1761026,128.5447181,35.84121698
2015,2015-02-14 20:30,야,토,1,1,0,0,0,충북,단양군,차량단독,전도전복,전도전복,운전자법규위반,안전운전 의무 불이행,단일로,기타단일로,승용차,중형,없음,없음,1075018,1886267,128.3428066,36.9718551
2015,2015-02-15 1:49,야,일,1,1,0,0,0,경북,칠곡군,차량단독,공작물충돌,공작물충돌,운전자법규위반,안전운전 의무 불이행,단일로,기타단일로,승용차,경형,없음,없음,1083310,1776664,128.4241473,35.98319237
2015,2015-02-15 6:55,주,일,1,1,0,0,0,전남,구례군,차대사람,횡단중,횡단중,운전자법규위반,안전운전 의무 불이행,단일로,기타단일로,승용차,중형,보행자,보행자,1000507,1689738,127.5055699,35.20297868
2015,2015-02-15 7:50,주,일,1,1,0,0,0,충북,청주시,차량단독,공작물충돌,공작물충돌,운전자법규위반,안전운전 의무 불이행,단일로,기타단일로,승용차,중형,없음,없음,992524.9,1829509,127.4165704,36.46315213
2015,2015-02-15 7:05,주,일,1,1,0,0,0,전북,군산시,차대차,기타,기타,운전자법규위반,기타(운전자법규위반),기타/불명,기타/불명,건설기계,건설기계,건설기계,건설기계,930968,1775111,126.7343579,35.9703072
2015,2015-02-15 18:48,야,일,1,1,0,0,0,경기,포천시,차대차,기타,기타,운전자법규위반,안전운전 의무 불이행,교차로,교차로부근,화물차,대형,자전거,자전거,970359,1979094,127.1632554,37.81109197
2015,2015-02-15 18:30,야,일,1,1,0,0,0,경기,연천군,차대차,추돌,진행중 추돌,운전자법규위반,안전운전 의무 불이행,단일로,기타단일로,화물차,경형,자전거,자전거,962835,2009409,127.0762124,38.08403767
2015,2015-02-15 20:30,야,일,1,1,0,0,0,광주,광산구,차량단독,공작물충돌,공작물충돌,운전자법규위반,안전운전 의무 불이행,교차로,교차로내,승용차,경형,없음,없음,934052,1682708,126.7760894,35.13742578
2015,2015-02-15 21:40,야,일,1,1,0,0,0,경기,부천시,차대사람,횡단중,횡단중,운전자법규위반,안전운전 의무 불이행,교차로,교차로부근,화물차,중형,보행자,보행자,934012,1945424,126.753394,37.50573185
2015,2015-02-15 21:00,야,일,1,1,0,0,0,전북,전주시,차량단독,공작물충돌,공작물충돌,운전자법규위반,안전운전 의무 불이행,교차로,교차로부근,승용차,소형,없음,없음,963782,1756259,127.0991477,35.80210984
2015,2015-02-16 3:33,야,월,1,1,0,0,0,경북,포항시,차대차,기타,기타,운전자법규위반,안전운전 의무 불이행,단일로,기타단일로,화물차,소형,특수차,대형,1169587,1779896,129.3815532,36.00113111
2015,2015-02-16 5:17,야,월,1,1,0,0,0,부산,남구,차대사람,횡단중,횡단중,운전자법규위반,신호위반,단일로,기타단일로,승용차,대형,보행자,보행자,1145046,1683227,129.0920428,35.13380909
2015,2015-02-16 18:25,야,월,1,1,0,0,0,경기,하남시,차대사람,횡단중,횡단중,운전자법규위반,안전운전 의무 불이행,단일로,횡단보도상,승용차,소형,보행자,보행자,973012,1949765,127.1944811,37.54682427
2015,2015-02-16 23:45,야,월,1,1,0,0,0,충남,보령시,차대사람,기타,기타,운전자법규위반,안전운전 의무 불이행,단일로,기타단일로,승용차,대형,보행자,보행자,917815,1807248,126.5851374,36.25899076
2015,2015-02-17 1:00,야,화,1,1,0,0,0,경북,안동시,차량단독,공작물충돌,공작물충돌,운전자법규위반,안전운전 의무 불이행,단일로,기타단일로,특수차,소형,없음,없음,1121392,1834669,128.8554957,36.50199846
2015,2015-02-17 9:00,주,화,1,1,0,0,0,서울,노원구,차대차,추돌,진행중 추돌,운전자법규위반,안전운전 의무 불이행,교차로,교차로부근,화물차,중형,자전거,자전거,960684,1963566,127.0541828,37.67077226
2015,2015-02-17 9:58,주,화,1,1,0,0,0,경북,안동시,차대사람,횡단중,횡단중,운전자법규위반,보행자 보호의무 위반,교차로,교차로내,승용차,중형,보행자,보행자,1110051,1841454,128.7298549,36.56452359
2015,2015-02-17 11:35,주,화,1,1,0,0,0,경북,포항시,차대사람,기타,기타,운전자법규위반,신호위반,단일로,횡단보도상,승합차,대형,보행자,보행자,1168000,1783208,129.3646571,36.03125084
2015,2015-02-17 14:15,주,화,1,1,0,0,0,전북,부안군,차대차,측면충돌,측면충돌,운전자법규위반,신호위반,교차로,교차로내,이륜차,중형,승용차,대형,929619,1747693,126.7218159,35.72302826
2015,2015-02-17 19:40,야,화,1,1,0,0,0,경북,구미시,차대사람,기타,기타,운전자법규위반,안전운전 의무 불이행,단일로,횡단보도상,승용차,중형,보행자,보행자,1076773,1796506,128.3535714,36.16260129
2015,2015-02-17 22:24,야,화,1,1,0,0,0,경기,부천시,차대사람,기타,기타,운전자법규위반,기타(운전자법규위반),단일로,기타단일로,승합차,중형,보행자,보행자,936863,1944459,126.7857315,37.49723381
2015,2015-02-17 23:43,야,화,1,1,0,0,0,경남,양산시,차대차,측면충돌,측면충돌,운전자법규위반,신호위반,교차로,교차로내,승용차,중형,승용차,중형,1138902,1704826,129.0282749,35.32936709
2015,2015-02-18 8:23,주,수,1,1,0,0,0,서울,영등포구,차대사람,횡단중,횡단중,운전자법규위반,보행자 보호의무 위반,교차로,교차로내,화물차,중형,보행자,보행자,945692,1947107,126.8854126,37.52166227
2015,2015-02-18 15:10,주,수,1,1,0,0,0,경남,양산시,차량단독,공작물충돌,공작물충돌,운전자법규위반,안전운전 의무 불이행,기타/불명,기타/불명,승용차,중형,없음,없음,1137273,1705389,129.0104518,35.33466707
2015,2015-02-18 17:20,주,수,1,1,0,0,0,대전,동구,차량단독,전도전복,전도전복,운전자법규위반,안전운전 의무 불이행,단일로,기타단일로,승용차,경형,없음,없음,996863,1807224,127.4650778,36.26226808
2015,2015-02-18 18:25,야,수,1,1,0,0,0,전북,정읍시,차대차,기타,기타,운전자법규위반,중앙선 침범,단일로,기타단일로,자전거,자전거,승용차,중형,935053,1729671,126.7833462,35.56091952
2015,2015-02-18 18:44,야,수,1,1,0,0,0,인천,부평구,차대사람,횡단중,횡단중,운전자법규위반,안전운전 의무 불이행,교차로,교차로부근,승합차,중형,보행자,보행자,931269,1944594.3,126.7224391,37.49805368
2015,2015-02-18 19:34,야,수,1,1,0,0,0,서울,영등포구,차대사람,횡단중,횡단중,운전자법규위반,안전운전 의무 불이행,단일로,기타단일로,승용차,소형,보행자,보행자,947797,1945342,126.9093585,37.50587558
2015,2015-02-18 20:25,야,수,1,1,0,0,0,충남,태안군,차대사람,길가장자리구역통행중,길가장자리구역통행중,운전자법규위반,안전운전 의무 불이행,단일로,기타단일로,승용차,중형,보행자,보행자,891723,1859383,126.2874354,36.72631958
2015,2015-02-18 20:05,야,수,1,1,0,0,0,충남,부여군,차대사람,횡단중,횡단중,운전자법규위반,안전운전 의무 불이행,단일로,기타단일로,승합차,대형,보행자,보행자,940802,1807157,126.8410116,36.25985382
2015,2015-02-18 22:10,야,수,1,1,0,0,0,경기,광주시,차대차,정면충돌,정면충돌,운전자법규위반,중앙선 침범,단일로,기타단일로,승용차,중형,이륜차,소형,978405,1934001,127.2559946,37.40487572
2015,2015-02-19 1:20,야,목,1,1,0,0,0,전남,광양시,차대차,추돌,주정차중 추돌,운전자법규위반,안전운전 의무 불이행,단일로,기타단일로,승용차,소형,화물차,중형,1023419,1663385,127.7565327,34.96507454
2015,2015-02-19 4:20,야,목,1,1,0,0,0,충남,홍성군,차량단독,공작물충돌,공작물충돌,운전자법규위반,안전운전 의무 불이행,단일로,기타단일로,승용차,소형,없음,없음,923326,1843937,126.6428503,36.59016971
2015,2015-02-19 19:56,야,목,1,1,0,0,0,전북,진안군,차대차,정면충돌,정면충돌,운전자법규위반,안전운전 의무 불이행,교차로,교차로내,화물차,소형,원동기장치자전거,원동기장치자전거,992986,1754359,127.4223865,35.78562215
2015,2015-02-19 21:20,야,목,1,1,0,0,0,전남,무안군,차대사람,기타,기타,운전자법규위반,안전운전 의무 불이행,교차로,교차로내,화물차,소형,보행자,보행자,902147,1658088,126.4288139,34.91285842
2015,2015-02-19 23:00,야,목,1,1,0,0,0,부산,남구,차대차,측면충돌,측면충돌,운전자법규위반,안전운전 의무 불이행,단일로,기타단일로,승용차,중형,이륜차,중형,1143670,1684308,129.0771327,35.14375046
2015,2015-02-20 2:25,야,금,1,1,0,0,0,강원,강릉시,차대사람,차도통행중,차도통행중,운전자법규위반,안전운전 의무 불이행,단일로,기타단일로,승용차,중형,보행자,보행자,1115312,1991287,128.8118324,37.91415832
2015,2015-02-20 6:40,주,금,1,1,0,0,0,전북,군산시,차대사람,기타,기타,운전자법규위반,안전운전 의무 불이행,단일로,기타단일로,화물차,소형,보행자,보행자,926320,1775259,126.6827972,35.97130145
2015,2015-02-20 12:00,주,금,1,1,0,0,0,인천,서구,차대사람,보도통행중,보도통행중,운전자법규위반,안전운전 의무 불이행,단일로,기타단일로,승용차,중형,보행자,보행자,927749,1946091,126.6824735,37.51127424
2015,2015-02-20 18:50,야,금,1,1,0,0,0,제주,서귀포시,차대사람,횡단중,횡단중,운전자법규위반,안전운전 의무 불이행,교차로,교차로내,승용차,소형,보행자,보행자,925599,1476940,126.7010159,33.28127968
2015,2015-02-20 22:00,야,금,1,1,0,0,0,경북,안동시,차대차,추돌,주정차중 추돌,운전자법규위반,안전운전 의무 불이행,단일로,기타단일로,원동기장치자전거,원동기장치자전거,화물차,소형,1095487,1843144,128.5673347,36.58132419
2015,2015-02-20 23:50,야,금,1,1,0,0,0,충남,예산군,차량단독,공작물충돌,공작물충돌,운전자법규위반,안전운전 의무 불이행,교차로,교차로부근,승용차,중형,없음,없음,938160.6,1854335.3,126.8078382,36.68498052
2015,2015-02-21 6:38,주,토,1,1,0,0,0,서울,서대문구,차대사람,횡단중,횡단중,운전자법규위반,안전운전 의무 불이행,단일로,기타단일로,승합차,대형,보행자,보행자,952806,1952084,126.965596,37.56691247
2015,2015-02-21 7:35,주,토,1,1,0,0,0,광주,남구,차대차,측면충돌,측면충돌,운전자법규위반,신호위반,교차로,교차로내,승용차,경형,화물차,중형,939067,1676249,126.8316113,35.07950348
2015,2015-02-21 19:18,야,토,1,1,0,0,0,경북,군위군,차대사람,횡단중,횡단중,운전자법규위반,신호위반,교차로,교차로내,승용차,소형,보행자,보행자,1108783,1797949,128.7096014,36.17254255
2015,2015-02-21 19:39,야,토,1,1,0,0,0,제주,제주시,차대사람,횡단중,횡단중,운전자법규위반,안전운전 의무 불이행,단일로,기타단일로,승용차,경형,보행자,보행자,911317,1498178,126.5455701,33.47173594
2015,2015-02-21 23:23,야,토,1,1,0,0,0,부산,해운대구,차대사람,횡단중,횡단중,운전자법규위반,과속,교차로,교차로내,승용차,중형,보행자,보행자,1148432,1688014,129.1300553,35.17646311
2015,2015-02-21 23:00,야,토,1,1,0,0,0,전남,나주시,차대사람,차도통행중,차도통행중,운전자법규위반,안전운전 의무 불이행,단일로,기타단일로,승용차,소형,보행자,보행자,941146,1674784,126.854519,35.06641747
2015,2015-02-22 10:30,주,일,1,1,0,0,0,경기,김포시,차대사람,횡단중,횡단중,운전자법규위반,보행자 보호의무 위반,교차로,교차로부근,승합차,중형,보행자,보행자,929940,1959109,126.7060181,37.62877045
2015,2015-02-22 15:10,주,일,1,1,0,0,0,전북,전주시,차대사람,횡단중,횡단중,운전자법규위반,보행자 보호의무 위반,교차로,교차로부근,승용차,중형,보행자,보행자,965377,1756648,127.1167836,35.80567464
2015,2015-02-22 19:42,야,일,1,1,0,0,0,전남,담양군,차량단독,기타,기타,운전자법규위반,안전운전 의무 불이행,교차로,교차로부근,화물차,소형,없음,없음,954744,1703214,127.0020876,35.32346734
2015,2015-02-23 6:35,주,월,1,1,0,0,0,충북,청주시,차대차,기타,기타,운전자법규위반,안전운전 의무 불이행,단일로,기타단일로,승용차,중형,화물차,대형,997424,1858508,127.4711521,36.72460513
2015,2015-02-23 6:35,주,월,1,1,0,0,0,전북,군산시,차대차,기타,기타,운전자법규위반,중앙선 침범,교차로,교차로부근,자전거,자전거,화물차,소형,930024,1775744,126.7238329,35.97594654
2015,2015-02-23 11:30,주,월,1,1,0,0,0,경기,안양시,차대사람,횡단중,횡단중,운전자법규위반,안전운전 의무 불이행,교차로,교차로내,승용차,중형,보행자,보행자,952861,1930823,126.9675798,37.3752831
2015,2015-02-23 16:20,주,월,1,1,0,0,0,대구,달서구,차대사람,기타,기타,운전자법규위반,안전운전 의무 불이행,교차로,교차로내,화물차,소형,보행자,보행자,1090279,1762769,128.4998654,35.85731299
2015,2015-02-23 17:30,주,월,1,1,0,0,0,부산,수영구,차대사람,횡단중,횡단중,운전자법규위반,안전운전 의무 불이행,교차로,교차로내,화물차,소형,보행자,보행자,1147507,1686258,129.1195868,35.16077153
2015,2015-02-23 21:10,야,월,1,1,0,0,0,서울,은평구,차대사람,횡단중,횡단중,운전자법규위반,안전운전 의무 불이행,단일로,기타단일로,승용차,중형,보행자,보행자,948170,1954470,126.9129336,37.58816838
2015,2015-02-23 22:40,야,월,1,1,0,0,0,인천,남구,차대사람,횡단중,횡단중,운전자법규위반,안전운전 의무 불이행,교차로,교차로부근,승용차,대형,보행자,보행자,926865,1939493,126.6731275,37.45173844
2015,2015-02-24 9:45,주,화,1,1,0,0,0,경남,김해시,차대차,측면충돌,측면충돌,운전자법규위반,직진 및 우회전차의 통행방해,교차로,교차로내,자전거,자전거,승용차,중형,1125825,1693301,128.8826668,35.2272093
2015,2015-02-24 10:30,주,화,1,1,0,0,0,경기,평택시,차대사람,기타,기타,운전자법규위반,안전운전 의무 불이행,기타/불명,기타/불명,승용차,중형,보행자,보행자,959173,1885112,127.0413665,36.96354907
2015,2015-02-24 10:30,주,화,1,1,0,0,0,강원,춘천시,차대사람,길가장자리구역통행중,길가장자리구역통행중,운전자법규위반,신호위반,단일로,횡단보도상,화물차,소형,보행자,보행자,1021167,1986575,127.7406934,37.87875453
2015,2015-02-24 11:45,주,화,1,1,0,0,0,대구,동구,차대사람,횡단중,횡단중,운전자법규위반,안전운전 의무 불이행,단일로,기타단일로,승용차,중형,보행자,보행자,1102121,1766035,128.6314159,35.88559104
2015,2015-02-24 20:27,야,화,1,1,0,0,0,서울,성북구,차대사람,차도통행중,차도통행중,운전자법규위반,안전운전 의무 불이행,단일로,기타단일로,승용차,대형,보행자,보행자,960278,1957546,127.0499067,37.6164955
2015,2015-02-24 20:10,야,화,1,1,0,0,0,경남,함안군,차대사람,횡단중,횡단중,운전자법규위반,안전운전 의무 불이행,단일로,기타단일로,승용차,소형,보행자,보행자,1091765,1703250,128.5095617,35.32060228
2015,2015-02-24 21:00,야,화,1,1,0,0,0,서울,광진구,차대차,정면충돌,정면충돌,운전자법규위반,중앙선 침범,교차로,교차로내,승용차,중형,원동기장치자전거,원동기장치자전거,965657,1950492,127.111186,37.55313221
2015,2015-02-24 21:36,야,화,1,1,0,0,0,광주,광산구,차량단독,공작물충돌,공작물충돌,운전자법규위반,안전운전 의무 불이행,단일로,기타단일로,원동기장치자전거,원동기장치자전거,없음,없음,935832,1687291,126.7952708,35.17886364
2015,2015-02-25 3:45,야,수,1,1,0,0,0,서울,용산구,차대차,기타,기타,운전자법규위반,안전운전 의무 불이행,단일로,기타단일로,승용차,중형,승용차,중형,953769,1946488,126.9768528,37.51652332
2015,2015-02-25 11:10,주,수,1,1,0,0,0,경기,고양시,차대차,기타,기타,운전자법규위반,신호위반,교차로,교차로내,자전거,자전거,승용차,중형,934258,1964113,126.7544988,37.67418899
2015,2015-02-25 18:20,야,수,1,1,0,0,0,경기,용인시,차대사람,횡단중,횡단중,운전자법규위반,보행자 보호의무 위반,교차로,교차로부근,승용차,중형,보행자,보행자,973199,1904841,127.1982229,37.14189474
2015,2015-02-25 19:15,야,수,1,1,0,0,0,강원,강릉시,차대사람,횡단중,횡단중,운전자법규위반,안전운전 의무 불이행,교차로,교차로부근,승용차,중형,보행자,보행자,1119303,1980225,128.8553969,37.81396853
2015,2015-02-25 19:55,야,수,1,1,0,0,0,전남,나주시,차량단독,전도전복,전도전복,운전자법규위반,안전운전 의무 불이행,단일로,기타단일로,원동기장치자전거,원동기장치자전거,없음,없음,918850,1660674,126.611387,34.93764908
2015,2015-02-26 6:45,주,목,1,1,0,0,0,경기,용인시,차대차,기타,기타,운전자법규위반,안전운전 의무 불이행,기타/불명,기타/불명,화물차,소형,승합차,소형,976135,1919919,127.2307992,37.27788754
2015,2015-02-26 6:15,주,목,1,1,0,0,0,경남,김해시,차대사람,차도통행중,차도통행중,운전자법규위반,안전운전 의무 불이행,교차로,교차로부근,승용차,중형,보행자,보행자,1119778,1690054,128.815761,35.19867915
2015,2015-02-26 10:30,주,목,1,1,0,0,0,경남,김해시,차대사람,길가장자리구역통행중,길가장자리구역통행중,운전자법규위반,안전운전 의무 불이행,교차로,교차로부근,화물차,대형,보행자,보행자,1124961,1692985,128.8731269,35.22446878
2015,2015-02-26 13:50,주,목,1,1,0,0,0,경기,수원시,차대차,추돌,진행중 추돌,운전자법규위반,안전거리 미확보,단일로,기타단일로,승용차,중형,원동기장치자전거,원동기장치자전거,955785,1919152,127.0012999,37.2702295
2015,2015-02-26 13:16,주,목,1,1,0,0,0,경북,경주시,차대차,기타,기타,운전자법규위반,안전운전 의무 불이행,단일로,기타단일로,승용차,중형,자전거,자전거,1153792,1778697,129.2061497,35.99294637
2015,2015-02-26 18:50,야,목,1,1,0,0,0,충북,영동군,차대차,추돌,진행중 추돌,운전자법규위반,안전운전 의무 불이행,단일로,기타단일로,화물차,소형,건설기계,건설기계,1022806,1794594,127.7535159,36.14813738
2015,2015-02-26 22:40,야,목,1,1,0,0,0,서울,구로구,차대사람,기타,기타,운전자법규위반,안전운전 의무 불이행,교차로,교차로내,이륜차,소형,보행자,보행자,946280,1942638,126.892393,37.48141691
2015,2015-02-26 22:40,야,목,1,1,0,0,0,경남,사천시,차대사람,길가장자리구역통행중,길가장자리구역통행중,운전자법규위반,안전운전 의무 불이행,단일로,기타단일로,승용차,소형,보행자,보행자,1054878,1675720,128.1019384,35.07508144
2015,2015-02-27 5:23,야,금,1,1,0,0,0,경기,부천시,차량단독,기타,기타,운전자법규위반,안전운전 의무 불이행,단일로,기타단일로,이륜차,소형,없음,없음,937506,1942648,126.7931591,37.48095504
2015,2015-02-27 6:30,주,금,1,1,0,0,0,경북,경산시,차대차,추돌,주정차중 추돌,운전자법규위반,안전운전 의무 불이행,교차로,교차로내,승용차,경형,이륜차,소형,1117411,1767822,128.8010433,35.89998369
2015,2015-02-27 11:00,주,금,1,1,0,0,0,대구,남구,차대차,기타,기타,운전자법규위반,안전운전 의무 불이행,교차로,교차로내,화물차,소형,자전거,자전거,1099071,1761504,128.5970669,35.84505992
2015,2015-02-27 13:50,주,금,1,1,0,0,0,제주,제주시,차대차,추돌,진행중 추돌,운전자법규위반,안전운전 의무 불이행,단일로,기타단일로,원동기장치자전거,원동기장치자전거,화물차,중형,911691,1501846,126.5492333,33.50484645
2015,2015-02-27 14:47,주,금,1,1,0,0,0,충남,태안군,차대차,추돌,진행중 추돌,운전자법규위반,안전운전 의무 불이행,단일로,기타단일로,승용차,소형,농기계,농기계,897276,1838218,126.3524426,36.53617304
2015,2015-02-27 19:40,야,금,1,1,0,0,0,전남,여수시,차대사람,차도통행중,차도통행중,운전자법규위반,안전운전 의무 불이행,교차로,교차로내,화물차,소형,보행자,보행자,1018552,1640084,127.7027036,34.75505652
2015,2015-02-27 19:13,야,금,1,1,0,0,0,전남,장흥군,차대사람,차도통행중,차도통행중,운전자법규위반,안전운전 의무 불이행,단일로,기타단일로,승용차,중형,보행자,보행자,947354,1606451,126.9268759,34.45057851
2015,2015-02-27 23:54,야,금,1,1,0,0,0,경남,양산시,차대사람,기타,기타,운전자법규위반,안전운전 의무 불이행,단일로,기타단일로,승용차,중형,보행자,보행자,1150002,1709709,129.1512554,35.37177313
2015,2015-02-28 11:13,주,토,1,1,0,0,0,충남,서산시,차대차,측면충돌,측면충돌,운전자법규위반,신호위반,교차로,교차로내,이륜차,소형,특수차,대형,911821,1861010,126.5122857,36.7430646
2015,2015-02-28 15:35,주,토,1,1,0,0,0,서울,강북구,차대사람,횡단중,횡단중,운전자법규위반,신호위반,교차로,교차로부근,승용차,중형,보행자,보행자,956977,1958510,127.0124472,37.62503559
2015,2015-02-28 20:30,야,토,1,1,0,0,0,경남,김해시,차대사람,횡단중,횡단중,운전자법규위반,안전운전 의무 불이행,교차로,교차로내,승용차,소형,보행자,보행자,1124283,1695219,128.8660163,35.2446915
2015,2015-03-01 2:00,야,일,1,1,0,0,0,경남,창녕군,차대사람,차도통행중,차도통행중,운전자법규위반,안전운전 의무 불이행,단일로,기타단일로,화물차,소형,보행자,보행자,1089675,1726601,128.4891422,35.53131211
2015,2015-03-01 3:50,야,일,1,1,0,0,0,경기,고양시,차량단독,기타,기타,운전자법규위반,안전운전 의무 불이행,단일로,기타단일로,특수차,소형,없음,없음,939184,1959329,126.8107535,37.6314117
2015,2015-03-01 3:08,야,일,1,1,0,0,0,경북,경주시,차대사람,기타,기타,운전자법규위반,안전운전 의무 불이행,단일로,기타단일로,승용차,중형,보행자,보행자,1156231,1775204,129.2325083,35.96108019
2015,2015-03-01 6:15,주,일,1,1,0,0,0,충남,아산시,차대사람,횡단중,횡단중,운전자법규위반,안전운전 의무 불이행,단일로,기타단일로,승용차,중형,보행자,보행자,956457,1865472,127.0119847,36.78638663
2015,2015-03-01 19:05,야,일,1,1,0,0,0,경남,김해시,차량단독,공작물충돌,공작물충돌,운전자법규위반,안전운전 의무 불이행,기타/불명,기타/불명,이륜차,중형,없음,없음,1123184,1691960,128.8534519,35.21544872
2015,2015-03-01 19:00,야,일,1,1,0,0,0,대전,동구,차대사람,횡단중,횡단중,운전자법규위반,안전운전 의무 불이행,교차로,교차로내,승용차,중형,보행자,보행자,996429,1813335,127.4602184,36.31736032
2015,2015-03-01 20:45,야,일,1,1,0,0,0,경북,영주시,차대차,추돌,진행중 추돌,운전자법규위반,안전운전 의무 불이행,단일로,기타단일로,화물차,소형,자전거,자전거,1105945,1870894,128.6880546,36.83032939
2015,2015-03-02 0:30,야,월,1,1,0,0,0,서울,용산구,차대사람,횡단중,횡단중,운전자법규위반,과속,단일로,횡단보도부근,승용차,중형,보행자,보행자,953168,1950111,126.969821,37.54914793
2015,2015-03-02 1:00,야,월,1,1,0,0,0,경기,용인시,차대차,추돌,주정차중 추돌,운전자법규위반,안전운전 의무 불이행,단일로,기타단일로,승용차,중형,화물차,중형,980542,1914341,127.2806563,37.22771018
2015,2015-03-02 5:50,야,월,1,1,0,0,0,충남,천안시,차대사람,횡단중,횡단중,운전자법규위반,신호위반,교차로,교차로내,건설기계,건설기계,보행자,보행자,966750,1869675,127.127159,36.82469205
2015,2015-03-02 5:25,야,월,1,1,0,0,0,전북,군산시,차대사람,차도통행중,차도통행중,운전자법규위반,안전운전 의무 불이행,교차로,교차로내,승용차,중형,보행자,보행자,927326.4,1774044,126.6940698,35.9604236
2015,2015-03-02 6:55,주,월,1,1,0,0,0,경남,하동군,차대차,측면충돌,측면충돌,운전자법규위반,안전운전 의무 불이행,교차로,교차로내,원동기장치자전거,원동기장치자전거,승용차,소형,1028448,1679706,127.8121791,35.11211623
2015,2015-03-02 7:50,주,월,1,1,0,0,0,충남,청양군,차대사람,길가장자리구역통행중,길가장자리구역통행중,운전자법규위반,안전운전 의무 불이행,단일로,기타단일로,승용차,중형,보행자,보행자,930793,1826754,126.727858,36.43584724
2015,2015-03-02 8:58,주,월,1,1,0,0,0,경남,김해시,차대차,측면충돌,측면충돌,운전자법규위반,중앙선 침범,교차로,교차로내,자전거,자전거,화물차,대형,1129892,1692896,128.9272822,35.22303984
2015,2015-03-02 10:30,주,월,1,1,0,0,0,서울,송파구,차대사람,횡단중,횡단중,운전자법규위반,보행자 보호의무 위반,교차로,교차로내,승용차,중형,보행자,보행자,966955,1944512,127.1261501,37.49927935
2015,2015-03-02 12:40,주,월,1,1,0,0,0,경기,부천시,차대사람,횡단중,횡단중,운전자법규위반,신호위반,교차로,교차로내,승합차,대형,보행자,보행자,935035,1943479,126.7651395,37.48827429
2015,2015-03-02 15:45,주,월,1,1,0,0,0,경북,울진군,차량단독,공작물충돌,공작물충돌,운전자법규위반,안전운전 의무 불이행,교차로,교차로내,이륜차,사발이,없음,없음,1168977,1887096,129.3982151,36.96714258
2015,2015-03-02 16:27,주,월,1,1,0,0,0,충북,괴산군,차량단독,전도전복,전도전복,운전자법규위반,안전운전 의무 불이행,단일로,기타단일로,농기계,농기계,없음,없음,1046352,1861057,128.0192281,36.74645467
2015,2015-03-02 18:33,야,월,1,1,0,0,0,강원,양구군,차대사람,기타,기타,운전자법규위반,안전운전 의무 불이행,단일로,기타단일로,화물차,소형,보행자,보행자,1042752,2012042,127.9876511,38.10752039
2015,2015-03-02 19:23,야,월,1,1,0,0,0,전북,김제시,차대사람,차도통행중,차도통행중,운전자법규위반,안전운전 의무 불이행,단일로,기타단일로,화물차,소형,보행자,보행자,958849,1755412,127.0445955,35.7942789