발생년,발생년월일시분,주야,요일,사망자수,사상자수,중상자수,경상자수,부상신고자수,발생지시도,발생지시군구,사고유형_대분류,사고유형_중분류,사고유형,법규위반_대분류,법규위반,도로형태_대분류,도로형태,가해자_당사자종별_대분류,가해자_당사자종별,피해자_당사자종별_대분류,피해자_당사자종별,발생위치X_UTMK,발생위치Y_UTMK,경도,위도
2015,2015-03-03 6:05,주,화,1,1,0,0,0,부산,부산진구,차대사람,기타,기타,운전자법규위반,안전운전 의무 불이행,단일로,기타단일로,승용차,소형,보행자,보행자,1143501,1687750,129.0758765,35.17480004
2015,2015-03-03 8:40,주,화,1,1,0,0,0,경기,김포시,차대사람,횡단중,횡단중,운전자법규위반,안전운전 의무 불이행,단일로,횡단보도부근,화물차,소형,보행자,보행자,921937,1964322,126.6147729,37.67510673
2015,2015-03-03 8:10,주,화,1,1,0,0,0,충남,예산군,차대차,측면충돌,측면충돌,운전자법규위반,직진 및 우회전차의 통행방해,교차로,교차로내,건설기계,건설기계,화물차,소형,936970,1858344,126.7941825,36.72103752
2015,2015-03-03 10:40,주,화,1,1,0,0,0,충남,공주시,차대사람,횡단중,횡단중,운전자법규위반,안전운전 의무 불이행,단일로,기타단일로,화물차,소형,보행자,보행자,965198,1831084,127.1115078,36.47674792
2015,2015-03-03 10:45,주,화,1,1,0,0,0,경북,안동시,차대차,기타,기타,운전자법규위반,안전운전 의무 불이행,교차로,교차로내,자전거,자전거,승용차,중형,1109997,1841316,128.7292318,36.56328601
2015,2015-03-03 11:17,주,화,1,1,0,0,0,경남,양산시,차량단독,공작물충돌,공작물충돌,운전자법규위반,안전운전 의무 불이행,단일로,기타단일로,화물차,대형,없음,없음,1138265,1704050,129.0211375,35.32246079
2015,2015-03-03 13:54,주,화,1,1,0,0,0,경기,안성시,차대사람,차도통행중,차도통행중,운전자법규위반,안전운전 의무 불이행,교차로,교차로부근,승합차,대형,보행자,보행자,978783,1898335,127.2612819,37.08339189
2015,2015-03-03 19:50,야,화,1,1,0,0,0,경남,진주시,차대사람,길가장자리구역통행중,길가장자리구역통행중,운전자법규위반,안전운전 의무 불이행,단일로,기타단일로,승용차,중형,보행자,보행자,1056896,1692070,128.1251986,35.22239233
2015,2015-03-03 20:20,야,화,1,1,0,0,0,충북,청주시,차대사람,횡단중,횡단중,운전자법규위반,신호위반,교차로,교차로내,승용차,중형,보행자,보행자,995927,1841965,127.4544755,36.57546543
2015,2015-03-03 20:00,야,화,1,1,0,0,0,전북,군산시,차대사람,기타,기타,운전자법규위반,안전운전 의무 불이행,교차로,교차로내,승합차,중형,보행자,보행자,930160,1776351,126.7252878,35.98142848
2015,2015-03-03 22:19,야,화,1,1,0,0,0,강원,강릉시,차대사람,횡단중,횡단중,운전자법규위반,안전운전 의무 불이행,교차로,교차로내,승용차,소형,보행자,보행자,1124694,1973730,128.9155102,37.75472494
2015,2015-03-04 0:55,야,수,1,1,0,0,0,경남,창녕군,차대사람,기타,기타,운전자법규위반,안전운전 의무 불이행,단일로,기타단일로,화물차,중형,보행자,보행자,1081603,1724232,128.3998774,35.51065161
2015,2015-03-04 0:03,야,수,1,1,0,0,0,제주,제주시,차대사람,횡단중,횡단중,운전자법규위반,보행자 보호의무 위반,단일로,횡단보도상,승용차,중형,보행자,보행자,910706.2,1502656.7,126.538551,33.51207582
2015,2015-03-04 1:29,야,수,1,1,0,0,0,강원,인제군,차량단독,공작물충돌,공작물충돌,운전자법규위반,안전운전 의무 불이행,교차로,교차로내,승용차,중형,없음,없음,1049102.7,1991093.3,128.0586526,37.91839832
2015,2015-03-04 5:40,야,수,1,1,0,0,0,광주,북구,차대사람,횡단중,횡단중,운전자법규위반,안전운전 의무 불이행,단일로,횡단보도상,화물차,소형,보행자,보행자,948429,1687480,126.9335996,35.18129372
2015,2015-03-04 11:00,주,수,1,1,0,0,0,경기,하남시,차대사람,횡단중,횡단중,운전자법규위반,안전운전 의무 불이행,단일로,기타단일로,승합차,대형,보행자,보행자,973869,1948790,127.2042174,37.53806082
2015,2015-03-04 15:35,주,수,1,1,0,0,0,전북,전주시,차대차,측면충돌,측면충돌,운전자법규위반,안전거리 미확보,교차로,교차로부근,화물차,대형,원동기장치자전거,원동기장치자전거,964459.9,1759985.3,127.1064846,35.83573096
2015,2015-03-04 18:45,야,수,1,1,0,0,0,전북,전주시,차대사람,길가장자리구역통행중,길가장자리구역통행중,운전자법규위반,안전운전 의무 불이행,단일로,기타단일로,승용차,중형,보행자,보행자,965600,1759773,127.1191172,35.83385753
2015,2015-03-04 18:10,야,수,1,1,0,0,0,대구,달성군,차대차,측면충돌,측면충돌,운전자법규위반,안전운전 의무 불이행,교차로,교차로내,승용차,중형,이륜차,소형,1084356,1737207,128.4315858,35.62739614
2015,2015-03-05 2:22,야,목,1,1,0,0,0,충남,천안시,차대차,측면충돌,측면충돌,운전자법규위반,안전운전 의무 불이행,교차로,교차로부근,승용차,소형,자전거,자전거,967232,1867746,127.1326468,36.80731986
2015,2015-03-05 4:55,야,목,1,1,0,0,0,인천,계양구,차량단독,전도전복,전도전복,운전자법규위반,안전운전 의무 불이행,단일로,기타단일로,원동기장치자전거,원동기장치자전거,없음,없음,933525,1948191,126.7476341,37.53063548
2015,2015-03-05 11:10,주,목,1,1,0,0,0,충남,홍성군,차대차,측면충돌,측면충돌,운전자법규위반,교차로 통행방법 위반,교차로,교차로내,승용차,소형,이륜차,소형,930266,1849677,126.7199057,36.64244373
2015,2015-03-05 12:40,주,목,1,1,0,0,0,경기,용인시,차대사람,횡단중,횡단중,운전자법규위반,안전운전 의무 불이행,단일로,기타단일로,화물차,소형,보행자,보행자,977049,1926578,127.2409033,37.33793388
2015,2015-03-05 17:05,주,목,1,1,0,0,0,충남,아산시,차대차,추돌,진행중 추돌,운전자법규위반,안전운전 의무 불이행,단일로,기타단일로,이륜차,중형,승용차,중형,953982,1864451,126.9843084,36.7770659
2015,2015-03-05 19:00,야,목,1,1,0,0,0,강원,횡성군,차량단독,공작물충돌,공작물충돌,운전자법규위반,안전운전 의무 불이행,교차로,교차로내,승용차,중형,없음,없음,1051082,1938742,128.0775008,37.44645091
2015,2015-03-05 22:12,야,목,1,1,0,0,0,경기,안양시,차대사람,횡단중,횡단중,운전자법규위반,안전운전 의무 불이행,단일로,기타단일로,승용차,중형,보행자,보행자,949629,1932177,126.9309848,37.38731728
2015,2015-03-06 0:05,야,금,1,1,0,0,0,경기,의왕시,차대사람,횡단중,횡단중,운전자법규위반,안전운전 의무 불이행,단일로,횡단보도상,승용차,중형,보행자,보행자,953768,1927086,126.978057,37.34164529
2015,2015-03-06 3:10,야,금,1,1,0,0,0,경기,성남시,차대사람,차도통행중,차도통행중,운전자법규위반,안전운전 의무 불이행,단일로,기타단일로,화물차,소형,보행자,보행자,969400,1938330,127.1540677,37.44364191
2015,2015-03-06 18:55,야,금,1,1,0,0,0,전남,나주시,차대차,추돌,진행중 추돌,운전자법규위반,안전운전 의무 불이행,단일로,기타단일로,화물차,소형,원동기장치자전거,원동기장치자전거,929507,1676913,126.7266967,35.08486717
2015,2015-03-06 18:50,야,금,1,1,0,0,0,경남,진주시,차대사람,차도통행중,차도통행중,운전자법규위반,안전운전 의무 불이행,단일로,기타단일로,승용차,소형,보행자,보행자,1054454,1689311,128.0981836,35.19765104
2015,2015-03-06 19:45,야,금,1,1,0,0,0,전북,완주군,차대사람,기타,기타,운전자법규위반,안전운전 의무 불이행,교차로,교차로내,승용차,대형,보행자,보행자,964341,1769460,127.104744,35.9211497
2015,2015-03-06 19:15,야,금,1,1,0,0,0,전남,구례군,차대사람,횡단중,횡단중,운전자법규위반,보행자 보호의무 위반,교차로,교차로내,화물차,소형,보행자,보행자,994553,1696114,127.4401176,35.260457
2015,2015-03-06 19:20,야,금,1,1,0,0,0,대구,수성구,차대사람,횡단중,횡단중,운전자법규위반,안전운전 의무 불이행,교차로,교차로내,승용차,소형,보행자,보행자,1101708,1762477,128.6263869,35.85356084
2015,2015-03-06 21:25,야,금,1,1,0,0,0,충남,태안군,차대사람,기타,기타,운전자법규위반,안전운전 의무 불이행,단일로,기타단일로,승용차,중형,보행자,보행자,891310,1864445,126.2820903,36.77189502
2015,2015-03-06 21:46,야,금,1,1,0,0,0,세종,세종,차대차,측면충돌,측면충돌,운전자법규위반,신호위반,교차로,교차로내,자전거,자전거,승용차,중형,978867,1834040,127.2640115,36.50379582
2015,2015-03-07 3:25,야,토,1,1,0,0,0,서울,강동구,차량단독,기타,기타,운전자법규위반,안전운전 의무 불이행,단일로,기타단일로,승용차,소형,없음,없음,966432,1949096,127.1200239,37.54057808
2015,2015-03-07 3:15,야,토,1,1,0,0,0,인천,서구,차대사람,횡단중,횡단중,운전자법규위반,신호위반,단일로,횡단보도상,승용차,중형,보행자,보행자,926952,1942868,126.6737764,37.48216344
2015,2015-03-07 4:22,야,토,1,1,0,0,0,경기,양평군,차대사람,기타,기타,운전자법규위반,안전운전 의무 불이행,단일로,기타단일로,승용차,대형,보행자,보행자,995953,1944495,127.4542145,37.4997088
2015,2015-03-07 6:50,주,토,1,1,0,0,0,경기,안산시,차대차,추돌,주정차중 추돌,운전자법규위반,안전운전 의무 불이행,단일로,기타단일로,승용차,중형,화물차,대형,940366,1927822,126.8267024,37.34751483
2015,2015-03-07 8:00,주,토,1,1,0,0,0,경기,수원시,차대차,기타,기타,운전자법규위반,중앙선 침범,단일로,기타단일로,화물차,소형,승용차,중형,952925,1920299,126.9689707,37.28042784
2015,2015-03-07 10:35,주,토,1,1,0,0,0,경북,성주군,차대차,기타,기타,운전자법규위반,안전운전 의무 불이행,기타/불명,기타/불명,원동기장치자전거,원동기장치자전거,화물차,경형,1070866,1770365,128.2855578,35.92738969
2015,2015-03-07 11:00,주,토,1,1,0,0,0,대전,중구,차대차,측면충돌,측면충돌,운전자법규위반,중앙선 침범,교차로,교차로부근,승용차,중형,이륜차,소형,993461,1814333,127.427146,36.32634216
2015,2015-03-07 13:13,주,토,1,1,0,0,0,강원,강릉시,차대차,측면충돌,측면충돌,운전자법규위반,안전운전 의무 불이행,교차로,교차로내,이륜차,사발이,승용차,중형,1117033.4,1989329.2,128.831093,37.89629746
2015,2015-03-07 13:30,주,토,1,1,0,0,0,충남,부여군,차대사람,횡단중,횡단중,운전자법규위반,안전운전 의무 불이행,단일로,기타단일로,승용차,중형,보행자,보행자,944908,1808333,126.8866339,36.27069856
2015,2015-03-07 16:40,주,토,1,1,0,0,0,경북,김천시,차량단독,전도전복,전도전복,운전자법규위반,안전운전 의무 불이행,교차로,교차로부근,승용차,중형,없음,없음,1044646,1786589,127.9958335,36.07520883
2015,2015-03-07 19:15,야,토,1,1,0,0,0,경북,경주시,차대차,기타,기타,운전자법규위반,안전운전 의무 불이행,단일로,횡단보도부근,승용차,중형,승용차,중형,1163884,1757197,129.3136341,35.79755354
2015,2015-03-07 19:40,야,토,1,1,0,0,0,경북,성주군,차대사람,기타,기타,운전자법규위반,과속,교차로,교차로내,승용차,소형,보행자,보행자,1076086,1761155,128.3425367,35.84396773
2015,2015-03-07 19:30,야,토,1,1,0,0,0,울산,남구,차대사람,횡단중,횡단중,운전자법규위반,신호위반,교차로,교차로내,승용차,소형,보행자,보행자,1166423,1729562,129.336005,35.54808595
2015,2015-03-08 0:23,야,일,1,1,0,0,0,경기,가평군,차대사람,기타,기타,운전자법규위반,안전운전 의무 불이행,단일로,교량위,화물차,소형,보행자,보행자,987149,1980264,127.353981,37.8220282
2015,2015-03-08 1:47,야,일,1,1,0,0,0,서울,강남구,차대사람,횡단중,횡단중,운전자법규위반,과속,단일로,기타단일로,승용차,중형,보행자,보행자,958752.3,1947540,127.0331826,37.52624165
2015,2015-03-08 4:29,야,일,1,1,0,0,0,충북,보은군,차대차,추돌,진행중 추돌,운전자법규위반,안전거리 미확보,단일로,기타단일로,화물차,대형,승용차,대형,1026101,1828714,127.791285,36.45565875
2015,2015-03-08 11:00,주,일,1,1,0,0,0,대구,수성구,차대차,추돌,주정차중 추돌,운전자법규위반,안전거리 미확보,교차로,교차로부근,승용차,소형,이륜차,중형,1100862,1760434,128.6167611,35.83523176
2015,2015-03-08 16:40,주,일,1,1,0,0,0,전남,나주시,차량단독,기타,기타,운전자법규위반,안전운전 의무 불이행,단일로,기타단일로,원동기장치자전거,원동기장치자전거,없음,없음,936666,1669199,126.8058138,35.01578769
2015,2015-03-08 18:55,야,일,1,1,0,0,0,경북,안동시,차대사람,기타,기타,운전자법규위반,안전운전 의무 불이행,단일로,교량위,승용차,소형,보행자,보행자,1124339,1830231,128.8876805,36.46162231
2015,2015-03-08 18:25,야,일,1,1,0,0,0,경북,칠곡군,차량단독,전도전복,전도전복,운전자법규위반,안전운전 의무 불이행,단일로,교량위,화물차,소형,없음,없음,1080661,1776262,128.3947247,35.97979112
2015,2015-03-08 18:45,야,일,1,1,0,0,0,대구,동구,차대사람,횡단중,횡단중,운전자법규위반,안전운전 의무 불이행,단일로,횡단보도상,승용차,중형,보행자,보행자,1103068,1766961,128.6420258,35.89383901
2015,2015-03-09 5:40,야,월,1,1,0,0,0,광주,동구,차대사람,횡단중,횡단중,운전자법규위반,안전운전 의무 불이행,단일로,기타단일로,화물차,소형,보행자,보행자,948153,1684209,126.930774,35.15178573
2015,2015-03-09 8:40,주,월,1,1,0,0,0,경기,파주시,차대차,기타,기타,운전자법규위반,신호위반,교차로,교차로부근,승합차,대형,자전거,자전거,934266,1968869,126.7541603,37.7170535
2015,2015-03-09 9:25,주,월,1,1,0,0,0,경기,수원시,차대차,측면충돌,측면충돌,운전자법규위반,신호위반,교차로,교차로내,이륜차,중형,화물차,소형,956919,1918284,127.0141401,37.26245879
2015,2015-03-09 9:40,주,월,1,1,0,0,0,대전,중구,차대차,기타,기타,운전자법규위반,안전운전 의무 불이행,교차로,교차로내,화물차,소형,자전거,자전거,991449,1814698,127.4047254,36.32961703
2015,2015-03-09 9:40,주,월,1,1,0,0,0,울산,울주군,차대차,추돌,진행중 추돌,운전자법규위반,안전운전 의무 불이행,단일로,기타단일로,승용차,중형,농기계,농기계,1151905,1726392,129.17531,35.52184757
2015,2015-03-09 12:44,주,월,1,1,0,0,0,경남,하동군,차대사람,기타,기타,운전자법규위반,안전운전 의무 불이행,단일로,기타단일로,화물차,중형,보행자,보행자,1035110,1680991,127.885339,35.12349285
2015,2015-03-09 13:20,주,월,1,1,0,0,0,서울,강남구,차대사람,기타,기타,운전자법규위반,안전운전 의무 불이행,단일로,기타단일로,승용차,경형,보행자,보행자,960491,1945125,127.0529895,37.5045505
2015,2015-03-09 16:40,주,월,1,1,0,0,0,충북,청주시,차대사람,횡단중,횡단중,운전자법규위반,안전운전 의무 불이행,단일로,기타단일로,승용차,중형,보행자,보행자,997116,1851079,127.4677309,36.65763257
2015,2015-03-09 19:40,야,월,1,1,0,0,0,전북,군산시,차대차,추돌,진행중 추돌,운전자법규위반,안전운전 의무 불이행,단일로,기타단일로,승용차,소형,농기계,농기계,940229,1771702,126.8373229,35.94018508
2015,2015-03-09 19:40,야,월,1,1,0,0,0,경남,김해시,차대차,기타,기타,운전자법규위반,안전운전 의무 불이행,단일로,기타단일로,승용차,경형,화물차,대형,1110788,1698846,128.7182113,35.27897212
2015,2015-03-09 23:30,야,월,1,1,0,0,0,전남,곡성군,차량단독,공작물충돌,공작물충돌,운전자법규위반,안전운전 의무 불이행,교차로,교차로내,승용차,중형,없음,없음,981546,1698263,127.2970753,35.27967924
2015,2015-03-10 0:54,야,화,1,1,0,0,0,경기,안산시,차대차,추돌,주정차중 추돌,운전자법규위반,안전운전 의무 불이행,단일로,기타단일로,승용차,중형,건설기계,건설기계,941869,1921477,126.8441681,37.29042048
2015,2015-03-10 6:15,주,화,1,1,0,0,0,경북,포항시,차량단독,공작물충돌,공작물충돌,운전자법규위반,안전운전 의무 불이행,단일로,기타단일로,화물차,소형,없음,없음,1167361.2,1785164.1,129.3579845,36.04898754
2015,2015-03-10 10:10,주,화,1,1,0,0,0,부산,강서구,차대차,측면충돌,측면충돌,운전자법규위반,안전운전 의무 불이행,단일로,기타단일로,자전거,자전거,화물차,소형,1123902,1682886,128.8599756,35.13356152
2015,2015-03-10 10:08,주,화,1,1,0,0,0,경기,광주시,차대사람,길가장자리구역통행중,길가장자리구역통행중,운전자법규위반,안전운전 의무 불이행,단일로,기타단일로,승합차,중형,보행자,보행자,981885,1935141,127.2952875,37.415226
2015,2015-03-10 21:40,야,화,1,1,0,0,0,전북,장수군,차량단독,공작물충돌,공작물충돌,운전자법규위반,안전운전 의무 불이행,단일로,기타단일로,화물차,소형,없음,없음,1000913,1737227,127.5100833,35.63117811
2015,2015-03-10 22:40,야,화,1,1,0,0,0,대구,달성군,차대사람,횡단중,횡단중,운전자법규위반,과속,교차로,교차로부근,화물차,경형,보행자,보행자,1086220,1747745,128.4532976,35.72223721
2015,2015-03-10 22:15,야,화,1,1,0,0,0,울산,동구,차대차,측면충돌,측면충돌,운전자법규위반,과속,교차로,교차로내,승용차,대형,이륜차,소형,1174135,1722965,129.4196269,35.48731127
2015,2015-03-11 0:50,야,수,1,1,0,0,0,서울,강남구,차량단독,기타,기타,운전자법규위반,안전운전 의무 불이행,교차로,교차로부근,승용차,중형,없음,없음,962455,1943068,127.0753149,37.48609188
2015,2015-03-11 4:03,야,수,1,1,0,0,0,경기,고양시,차대차,기타,기타,운전자법규위반,과속,단일로,기타단일로,승용차,중형,이륜차,소형,933585,1966512,126.7466491,37.69576174
2015,2015-03-11 5:45,야,수,1,1,0,0,0,전남,해남군,차량단독,공작물충돌,공작물충돌,운전자법규위반,안전운전 의무 불이행,교차로,교차로내,승용차,중형,없음,없음,917876,1619432,126.6047448,34.5657038
2015,2015-03-11 6:30,주,수,1,1,0,0,0,충북,청주시,차대사람,기타,기타,운전자법규위반,과속,단일로,기타단일로,승용차,중형,보행자,보행자,998572.5,1852490,127.4840251,36.67035595
2015,2015-03-11 6:18,주,수,1,1,0,0,0,충남,보령시,차대사람,횡단중,횡단중,운전자법규위반,과속,단일로,횡단보도상,승용차,중형,보행자,보행자,917721,1819544,126.5827936,36.36982275
2015,2015-03-11 10:40,주,수,1,1,0,0,0,경북,경주시,차대사람,기타,기타,운전자법규위반,안전운전 의무 불이행,단일로,기타단일로,화물차,소형,보행자,보행자,1155908,1763096,129.2265553,35.85201485
2015,2015-03-11 19:55,야,수,1,1,0,0,0,강원,평창군,차대사람,횡단중,횡단중,운전자법규위반,보행자 보호의무 위반,단일로,횡단보도상,승용차,중형,보행자,보행자,1080009,1933163,128.4038961,37.39411903
2015,2015-03-11 22:10,야,수,1,1,0,0,0,전남,해남군,차량단독,전도전복,전도전복,운전자법규위반,기타(운전자법규위반),단일로,기타단일로,화물차,중형,없음,없음,909533,1597510,126.5161292,34.36733458
2015,2015-03-12 5:30,야,목,1,1,0,0,0,경기,평택시,차대사람,횡단중,횡단중,운전자법규위반,안전운전 의무 불이행,단일로,기타단일로,승용차,경형,보행자,보행자,953556,1894748,126.9776757,37.05014793
2015,2015-03-12 10:21,주,목,1,1,0,0,0,전남,무안군,차량단독,전도전복,전도전복,운전자법규위반,안전운전 의무 불이행,교차로,교차로부근,이륜차,소형,없음,없음,892613,1678920,126.3217749,35.09970518
2015,2015-03-12 13:35,주,목,1,1,0,0,0,경남,사천시,차대사람,횡단중,횡단중,운전자법규위반,안전운전 의무 불이행,교차로,교차로부근,화물차,경형,보행자,보행자,1051447,1659387,128.0632963,34.9279877
2015,2015-03-12 15:05,주,목,1,1,0,0,0,광주,남구,차대사람,횡단중,횡단중,운전자법규위반,보행자 보호의무 위반,단일로,횡단보도부근,승용차,중형,보행자,보행자,945032,1678975,126.8968584,35.10442625
2015,2015-03-12 16:55,주,목,1,1,0,0,0,충남,논산시,차대사람,횡단중,횡단중,운전자법규위반,안전운전 의무 불이행,단일로,기타단일로,승합차,대형,보행자,보행자,956519,1795699,127.0166013,36.15739238
2015,2015-03-12 17:05,주,목,1,1,0,0,0,충북,증평군,차대사람,횡단중,횡단중,운전자법규위반,신호위반,교차로,교차로부근,화물차,대형,보행자,보행자,1007771,1865529,127.5870967,36.78786965
2015,2015-03-12 18:45,야,목,1,1,0,0,0,전남,광양시,차대사람,횡단중,횡단중,운전자법규위반,안전운전 의무 불이행,교차로,교차로부근,화물차,중형,보행자,보행자,1008488,1664044,127.592985,34.9712524
2015,2015-03-12 19:20,야,목,1,1,0,0,0,전북,완주군,차대사람,횡단중,횡단중,운전자법규위반,안전운전 의무 불이행,교차로,교차로부근,승합차,대형,보행자,보행자,963746,1766952,127.0982633,35.89851604
2015,2015-03-12 20:50,야,목,1,1,0,0,0,대전,대덕구,차대사람,횡단중,횡단중,운전자법규위반,안전운전 의무 불이행,단일로,기타단일로,승용차,소형,보행자,보행자,993125,1826062,127.4232987,36.43208102
2015,2015-03-13 1:41,야,금,1,1,0,0,0,경기,수원시,차대차,기타,기타,운전자법규위반,안전운전 의무 불이행,단일로,기타단일로,화물차,대형,승용차,중형,955334,1924274,126.9959053,37.31637579
2015,2015-03-13 3:20,야,금,1,1,0,0,0,대구,서구,차량단독,도로이탈,도로이탈 기타,운전자법규위반,안전운전 의무 불이행,단일로,기타단일로,이륜차,대형,없음,없음,1094712,1763391,128.5490288,35.86250152
2015,2015-03-13 8:30,주,금,1,1,0,0,0,제주,제주시,차대사람,횡단중,횡단중,운전자법규위반,과속,단일로,기타단일로,화물차,소형,보행자,보행자,884261,1484831,126.2561561,33.34879364
2015,2015-03-13 11:15,주,금,1,1,0,0,0,전남,순천시,차대차,측면충돌,측면충돌,운전자법규위반,안전운전 의무 불이행,교차로,교차로내,원동기장치자전거,원동기장치자전거,승용차,대형,1003877,1658037,127.5424441,34.91711231
2015,2015-03-13 21:19,야,금,1,1,0,0,0,경기,안성시,차대사람,횡단중,횡단중,운전자법규위반,안전운전 의무 불이행,단일로,기타단일로,승용차,소형,보행자,보행자,981008,1892588,127.286461,37.03163457
2015,2015-03-14 3:25,야,토,1,1,0,0,0,경남,김해시,차대차,기타,기타,운전자법규위반,안전운전 의무 불이행,단일로,기타단일로,승용차,중형,화물차,대형,1132170,1703279,128.9539779,35.31633589
2015,2015-03-14 3:16,야,토,1,1,0,0,0,전남,영암군,차대사람,차도통행중,차도통행중,운전자법규위반,안전운전 의무 불이행,단일로,기타단일로,승용차,중형,보행자,보행자,926040,1655311,126.6905868,34.88984304
2015,2015-03-14 16:38,주,토,1,1,0,0,0,경기,고양시,차대사람,차도통행중,차도통행중,운전자법규위반,안전운전 의무 불이행,단일로,기타단일로,승용차,소형,보행자,보행자,936096,1964118,126.7753394,37.67436395
2015,2015-03-14 17:20,주,토,1,1,0,0,0,서울,강동구,차대사람,기타,기타,운전자법규위반,보행자 보호의무 위반,교차로,교차로부근,건설기계,건설기계,보행자,보행자,967743,1948664,127.1348826,37.5367311
2015,2015-03-14 17:05,주,토,1,1,0,0,0,강원,인제군,차량단독,도로이탈,도로이탈 추락,운전자법규위반,안전운전 의무 불이행,단일로,기타단일로,승용차,중형,없음,없음,1078790,1994035,128.3967029,37.94282082
2015,2015-03-14 19:55,야,토,1,1,0,0,0,전남,영광군,차대사람,횡단중,횡단중,운전자법규위반,안전운전 의무 불이행,교차로,교차로내,승용차,중형,보행자,보행자,909540,1697711,126.5054046,35.27078368
2015,2015-03-14 21:50,야,토,1,1,0,0,0,전남,순천시,차대차,기타,기타,운전자법규위반,안전운전 의무 불이행,단일로,기타단일로,승용차,경형,자전거,자전거,999406,1666206,127.4934913,34.99078359
2015,2015-03-14 22:20,야,토,1,1,0,0,0,경북,군위군,차대사람,길가장자리구역통행중,길가장자리구역통행중,운전자법규위반,안전운전 의무 불이행,단일로,기타단일로,승용차,중형,보행자,보행자,1097793,1794251,128.5869599,36.14038068
2015,2015-03-14 22:45,야,토,1,1,0,0,0,대구,수성구,차대사람,횡단중,횡단중,운전자법규위반,안전운전 의무 불이행,교차로,교차로내,승용차,중형,보행자,보행자,1100858.5,1759808.3,128.6166433,35.82959176
2015,2015-03-15 9:00,주,일,1,1,0,0,0,경남,진주시,차량단독,기타,기타,운전자법규위반,안전운전 의무 불이행,단일로,기타단일로,농기계,농기계,없음,없음,1059097,1684478,128.1488384,35.15381113
2015,2015-03-15 16:29,주,일,1,1,0,0,0,충남,홍성군,차량단독,공작물충돌,공작물충돌,운전자법규위반,안전운전 의무 불이행,교차로,교차로부근,농기계,농기계,없음,없음,919624,1834208,126.6024841,36.50216763
2015,2015-03-15 19:15,야,일,1,1,0,0,0,경북,영천시,차대사람,보도통행중,보도통행중,운전자법규위반,보행자 보호의무 위반,단일로,기타단일로,승용차,중형,보행자,보행자,1128601,1775121,128.9261892,35.9643642
2015,2015-03-15 20:30,야,일,1,1,0,0,0,충남,아산시,차대사람,횡단중,횡단중,운전자법규위반,안전운전 의무 불이행,교차로,교차로부근,승용차,경형,보행자,보행자,961555,1864185,127.0691847,36.77500564
2015,2015-03-15 23:10,야,일,1,1,0,0,0,대구,동구,차량단독,공작물충돌,공작물충돌,운전자법규위반,안전운전 의무 불이행,단일로,기타단일로,승용차,중형,없음,없음,1106206,1773737,128.6776948,35.95458326
2015,2015-03-16 1:05,야,월,1,1,0,0,0,경북,경주시,차대사람,기타,기타,운전자법규위반,안전운전 의무 불이행,단일로,기타단일로,승용차,중형,보행자,보행자,1155089,1762334,129.2173411,35.84527759
2015,2015-03-16 8:10,주,월,1,1,0,0,0,경북,안동시,차대차,기타,기타,운전자법규위반,안전운전 의무 불이행,교차로,교차로내,승용차,중형,자전거,자전거,1108631,1841116,128.7139415,36.5616398
2015,2015-03-16 10:45,주,월,1,1,0,0,0,충남,당진시,차대사람,보도통행중,보도통행중,운전자법규위반,안전운전 의무 불이행,단일로,기타단일로,화물차,소형,보행자,보행자,933659,1873830,126.7557593,36.8604025
2015,2015-03-16 12:05,주,월,1,1,0,0,0,전북,고창군,차대차,측면충돌,측면충돌,운전자법규위반,부당한 회전,단일로,기타단일로,이륜차,소형,화물차,소형,918118,1705280,126.5989513,35.33976333
2015,2015-03-16 13:25,주,월,1,1,0,0,0,경기,평택시,차대차,기타,기타,운전자법규위반,안전운전 의무 불이행,단일로,기타단일로,화물차,대형,승용차,소형,955205,1891799,126.9963958,37.02364577
2015,2015-03-16 14:00,주,월,1,1,0,0,0,충북,보은군,차대사람,차도통행중,차도통행중,운전자법규위반,안전운전 의무 불이행,교차로,교차로내,승합차,대형,보행자,보행자,1019863,1832448,127.7217658,36.48947095
2015,2015-03-16 17:17,주,월,1,1,0,0,0,전남,화순군,차대사람,길가장자리구역통행중,길가장자리구역통행중,운전자법규위반,안전운전 의무 불이행,기타/불명,기타/불명,건설기계,건설기계,보행자,보행자,953843,1674526,126.9937822,35.0647522
2015,2015-03-16 17:00,주,월,1,1,0,0,0,경북,경주시,차량단독,전도전복,전도전복,운전자법규위반,안전운전 의무 불이행,단일로,기타단일로,승용차,중형,없음,없음,1150449,1778790,129.1690948,35.99430616
2015,2015-03-16 19:10,야,월,1,1,0,0,0,충남,금산군,차대차,추돌,진행중 추돌,운전자법규위반,안전운전 의무 불이행,단일로,기타단일로,승용차,중형,농기계,농기계,999106,1785975,127.4900719,36.0706983
2015,2015-03-16 22:04,야,월,1,1,0,0,0,전남,여수시,차대사람,길가장자리구역통행중,길가장자리구역통행중,운전자법규위반,안전운전 의무 불이행,단일로,기타단일로,승합차,중형,보행자,보행자,1010318,1633719,127.6126592,34.69777455