발생년,발생년월일시분,주야,요일,사망자수,사상자수,중상자수,경상자수,부상신고자수,발생지시도,발생지시군구,사고유형_대분류,사고유형_중분류,사고유형,법규위반_대분류,법규위반,도로형태_대분류,도로형태,가해자_당사자종별_대분류,가해자_당사자종별,피해자_당사자종별_대분류,피해자_당사자종별,발생위치X_UTMK,발생위치Y_UTMK,경도,위도
2015,2015-03-16 23:01,야,월,1,1,0,0,0,경기,평택시,차대사람,기타,기타,운전자법규위반,안전운전 의무 불이행,교차로,교차로부근,승용차,중형,보행자,보행자,950006,1888834,126.9381457,36.99665689
2015,2015-03-17 4:00,야,화,1,1,0,0,0,전북,전주시,차대차,측면충돌,측면충돌,운전자법규위반,안전운전 의무 불이행,단일로,기타단일로,이륜차,중형,승용차,중형,967545.4,1760773.5,127.1406159,35.84294438
2015,2015-03-17 10:07,주,화,1,1,0,0,0,경기,안성시,차대차,기타,기타,운전자법규위반,교차로 통행방법 위반,교차로,교차로내,승용차,소형,이륜차,소형,993790,1897231,127.4301385,37.07365976
2015,2015-03-17 10:45,주,화,1,1,0,0,0,경기,포천시,차량단독,공작물충돌,공작물충돌,운전자법규위반,기타(운전자법규위반),단일로,기타단일로,승합차,중형,없음,없음,974447,1979030,127.2096999,37.81063874
2015,2015-03-17 16:44,주,화,1,1,0,0,0,전북,전주시,차대차,측면충돌,측면충돌,운전자법규위반,안전거리 미확보,단일로,기타단일로,자전거,자전거,승합차,대형,967730,1757347,127.1427985,35.81205706
2015,2015-03-17 19:25,야,화,1,1,0,0,0,전북,임실군,차대차,추돌,진행중 추돌,운전자법규위반,안전운전 의무 불이행,단일로,기타단일로,승용차,중형,자전거,자전거,979769,1742605,127.2764308,35.67946149
2015,2015-03-17 19:50,야,화,1,1,0,0,0,전남,광양시,차대사람,길가장자리구역통행중,길가장자리구역통행중,운전자법규위반,안전운전 의무 불이행,단일로,기타단일로,승용차,중형,보행자,보행자,1009427,1666808,127.6033029,34.99616832
2015,2015-03-17 21:25,야,화,1,1,0,0,0,전북,김제시,차대사람,횡단중,횡단중,운전자법규위반,안전운전 의무 불이행,교차로,교차로내,승용차,대형,보행자,보행자,945565,1757135,126.8974749,35.80916638
2015,2015-03-17 22:40,야,화,1,1,0,0,0,충남,천안시,차대사람,보도통행중,보도통행중,운전자법규위반,안전운전 의무 불이행,교차로,교차로부근,승용차,중형,보행자,보행자,965179,1868659,127.1095898,36.81547679
2015,2015-03-17 22:20,야,화,1,1,0,0,0,경북,구미시,차대사람,횡단중,횡단중,운전자법규위반,안전운전 의무 불이행,기타/불명,기타/불명,승용차,소형,보행자,보행자,1079016,1790791,128.3779326,36.11090206
2015,2015-03-17 22:20,야,화,1,1,0,0,0,경남,창원시(통합),차대사람,기타,기타,운전자법규위반,안전운전 의무 불이행,교차로,교차로내,승용차,소형,보행자,보행자,1103685,1696580,128.6398357,35.25930482
2015,2015-03-17 23:10,야,화,1,1,0,0,0,충남,예산군,차대사람,차도통행중,차도통행중,운전자법규위반,안전운전 의무 불이행,단일로,기타단일로,승용차,소형,보행자,보행자,930328,1854691,126.7201433,36.68764497
2015,2015-03-17 23:26,야,화,1,1,0,0,0,경남,고성군,차대사람,기타,기타,운전자법규위반,안전운전 의무 불이행,단일로,기타단일로,승용차,중형,보행자,보행자,1075574,1669936,128.3284009,35.0215914
2015,2015-03-18 6:30,주,수,1,1,0,0,0,경남,창원시(통합),차대사람,차도통행중,차도통행중,운전자법규위반,안전운전 의무 불이행,교차로,교차로부근,승용차,중형,보행자,보행자,1097750,1690768,128.5739104,35.20750369
2015,2015-03-18 6:20,주,수,1,1,0,0,0,경남,통영시,차량단독,전도전복,전도전복,운전자법규위반,안전운전 의무 불이행,단일로,기타단일로,승용차,중형,없음,없음,1078567,1658813,128.3601562,34.9210729
2015,2015-03-18 11:14,주,수,1,1,0,0,0,전남,영광군,차량단독,전도전복,전도전복,운전자법규위반,안전운전 의무 불이행,단일로,기타단일로,원동기장치자전거,원동기장치자전거,없음,없음,904566,1700447,126.4504058,35.29498819
2015,2015-03-18 13:40,주,수,1,1,0,0,0,충남,공주시,차량단독,공작물충돌,공작물충돌,운전자법규위반,안전운전 의무 불이행,단일로,기타단일로,승용차,중형,없음,없음,966974,1833736,127.1312195,36.50071865
2015,2015-03-18 17:15,주,수,1,1,0,0,0,경기,남양주시,차대사람,횡단중,횡단중,운전자법규위반,안전운전 의무 불이행,단일로,기타단일로,승용차,중형,보행자,보행자,968222,1960868,127.1397745,37.64674663
2015,2015-03-18 19:03,야,수,1,1,0,0,0,경북,경산시,차대사람,길가장자리구역통행중,길가장자리구역통행중,운전자법규위반,안전운전 의무 불이행,단일로,기타단일로,승용차,대형,보행자,보행자,1115241,1764271,128.7764889,35.86823351
2015,2015-03-18 19:19,야,수,1,1,0,0,0,대구,수성구,차대차,기타,기타,운전자법규위반,중앙선 침범,단일로,기타단일로,자전거,자전거,승용차,경형,1100395,1760422,128.6115897,35.83517152
2015,2015-03-18 21:30,야,수,1,1,0,0,0,경북,포항시,차대사람,기타,기타,운전자법규위반,안전운전 의무 불이행,교차로,교차로부근,승합차,대형,보행자,보행자,1170687,1773244,129.3923201,35.94099756
2015,2015-03-18 22:20,야,수,1,1,0,0,0,대구,북구,차대사람,기타,기타,운전자법규위반,안전운전 의무 불이행,단일로,횡단보도상,화물차,소형,보행자,보행자,1094235,1770147,128.5445461,35.9234502
2015,2015-03-19 5:10,야,목,1,1,0,0,0,인천,서구,차대사람,횡단중,횡단중,운전자법규위반,과속,단일로,기타단일로,승용차,중형,보행자,보행자,927545,1946969,126.6800789,37.51917141
2015,2015-03-19 8:43,주,목,1,1,0,0,0,경기,화성시,차대사람,횡단중,횡단중,운전자법규위반,안전운전 의무 불이행,교차로,교차로부근,화물차,소형,보행자,보행자,959140,1913445,127.0394529,37.2189413
2015,2015-03-19 11:10,주,목,1,1,0,0,0,부산,수영구,차량단독,공작물충돌,공작물충돌,운전자법규위반,안전운전 의무 불이행,단일로,기타단일로,승용차,중형,없음,없음,1145876,1685214,129.1015007,35.1515993
2015,2015-03-19 12:40,주,목,1,1,0,0,0,경기,안산시,차대사람,차도통행중,차도통행중,운전자법규위반,안전운전 의무 불이행,교차로,교차로내,승용차,중형,보행자,보행자,941833,1923319,126.8436177,37.30702088
2015,2015-03-19 12:40,주,목,1,1,0,0,0,경기,부천시,차대사람,횡단중,횡단중,운전자법규위반,보행자 보호의무 위반,단일로,횡단보도상,승합차,중형,보행자,보행자,938573,1947870,126.8047903,37.52809247
2015,2015-03-19 14:58,주,목,1,1,0,0,0,부산,동래구,차대사람,횡단중,횡단중,운전자법규위반,안전운전 의무 불이행,교차로,교차로내,승용차,중형,보행자,보행자,1146486,1690419,129.1091196,35.19842648
2015,2015-03-19 15:50,주,목,1,1,0,0,0,경북,의성군,차대차,측면충돌,측면충돌,운전자법규위반,과속,단일로,기타단일로,화물차,소형,이륜차,사발이,1076135,1834039,128.3501471,36.50099109
2015,2015-03-19 18:20,야,목,1,1,0,0,0,경북,영천시,차대사람,횡단중,횡단중,운전자법규위반,안전운전 의무 불이행,단일로,기타단일로,화물차,소형,보행자,보행자,1135063,1778057,128.9983316,35.98995306
2015,2015-03-19 19:53,야,목,1,1,0,0,0,충남,아산시,차대사람,횡단중,횡단중,운전자법규위반,안전운전 의무 불이행,단일로,기타단일로,승용차,소형,보행자,보행자,954577,1865058,126.9909397,36.78256636
2015,2015-03-19 19:25,야,목,1,1,0,0,0,경북,문경시,차량단독,전도전복,전도전복,운전자법규위반,안전운전 의무 불이행,단일로,기타단일로,이륜차,소형,없음,없음,1054256,1859328,128.1076405,36.73044967
2015,2015-03-19 19:55,야,목,1,1,0,0,0,경북,봉화군,차대차,측면충돌,측면충돌,운전자법규위반,중앙선 침범,단일로,기타단일로,농기계,농기계,승용차,중형,1121564,1880086,128.864635,36.9112894
2015,2015-03-19 19:05,야,목,1,1,0,0,0,경남,거창군,차대차,측면충돌,측면충돌,운전자법규위반,교차로 통행방법 위반,교차로,교차로내,승용차,대형,이륜차,중형,1038530,1745423,127.9259194,35.70432372
2015,2015-03-20 3:25,야,금,1,1,0,0,0,경기,남양주시,차량단독,공작물충돌,공작물충돌,운전자법규위반,안전운전 의무 불이행,단일로,기타단일로,승용차,경형,없음,없음,969990,1961870,127.1597744,37.65583743
2015,2015-03-20 4:00,야,금,1,1,0,0,0,서울,강남구,차대사람,보도통행중,보도통행중,운전자법규위반,중앙선 침범,교차로,교차로부근,승용차,소형,보행자,보행자,960540.3,1942490.4,127.0536886,37.4808059
2015,2015-03-20 9:30,주,금,1,1,0,0,0,경기,남양주시,차대차,정면충돌,정면충돌,운전자법규위반,안전운전 의무 불이행,단일로,기타단일로,이륜차,소형,화물차,경형,973455,1972902,127.1986545,37.75537811
2015,2015-03-20 12:50,주,금,1,1,0,0,0,전남,장성군,차량단독,전도전복,전도전복,운전자법규위반,안전운전 의무 불이행,단일로,기타단일로,건설기계,건설기계,없음,없음,932875,1706183,126.7612533,35.34900625
2015,2015-03-20 13:00,주,금,1,1,0,0,0,전남,완도군,차량단독,도로이탈,도로이탈 추락,운전자법규위반,안전운전 의무 불이행,단일로,기타단일로,승용차,중형,없음,없음,928745,1591254,126.7255683,34.31242167
2015,2015-03-20 13:10,주,금,1,1,0,0,0,경북,김천시,차대차,측면충돌,측면충돌,운전자법규위반,안전거리 미확보,단일로,기타단일로,이륜차,소형,승합차,중형,1042214,1776364,127.9682789,35.98313303
2015,2015-03-20 19:52,야,금,1,1,0,0,0,충북,충주시,차대사람,기타,기타,운전자법규위반,보행자 보호의무 위반,단일로,기타단일로,승용차,중형,보행자,보행자,1039793,1885393,127.9470331,36.96612636
2015,2015-03-20 19:25,야,금,1,1,0,0,0,경북,상주시,차대사람,횡단중,횡단중,운전자법규위반,안전운전 의무 불이행,단일로,기타단일로,화물차,소형,보행자,보행자,1056709,1815961,128.1319225,36.33937081
2015,2015-03-20 20:40,야,금,1,1,0,0,0,서울,강북구,차대사람,길가장자리구역통행중,길가장자리구역통행중,운전자법규위반,안전운전 의무 불이행,교차로,교차로부근,승용차,중형,보행자,보행자,956961,1962183,127.0120494,37.65814004
2015,2015-03-20 20:00,야,금,1,1,0,0,0,경기,의정부시,차대사람,차도통행중,차도통행중,운전자법규위반,안전운전 의무 불이행,단일로,기타단일로,승용차,대형,보행자,보행자,959582,1973272,127.041148,37.75820502
2015,2015-03-20 22:35,야,금,1,1,0,0,0,경북,포항시,차대차,측면충돌,측면충돌,운전자법규위반,안전운전 의무 불이행,단일로,기타단일로,승용차,대형,화물차,대형,1172145,1776059,129.4090866,35.96610765
2015,2015-03-21 2:12,야,토,1,1,0,0,0,인천,남구,차대사람,횡단중,횡단중,운전자법규위반,과속,단일로,기타단일로,승용차,중형,보행자,보행자,927000,1939499,126.6746531,37.45180319
2015,2015-03-21 3:40,야,토,1,1,0,0,0,경기,포천시,차량단독,공작물충돌,공작물충돌,운전자법규위반,안전운전 의무 불이행,단일로,기타단일로,승용차,중형,없음,없음,967448,1978116,127.1302287,37.80217807
2015,2015-03-21 11:00,주,토,1,1,0,0,0,강원,홍천군,차량단독,공작물충돌,공작물충돌,운전자법규위반,안전운전 의무 불이행,단일로,기타단일로,이륜차,중형,없음,없음,1035316,1955899,127.9000902,37.60183049
2015,2015-03-21 19:10,야,토,1,1,0,0,0,전북,익산시,차대사람,횡단중,횡단중,운전자법규위반,안전운전 의무 불이행,단일로,횡단보도상,화물차,소형,보행자,보행자,951180,1783067,126.9580301,36.04325568
2015,2015-03-21 19:30,야,토,1,1,0,0,0,전남,함평군,차량단독,도로이탈,도로이탈 추락,운전자법규위반,안전운전 의무 불이행,단일로,기타단일로,원동기장치자전거,원동기장치자전거,없음,없음,918499,1690715,126.6045899,35.20847753
2015,2015-03-21 22:39,야,토,1,1,0,0,0,부산,사상구,차량단독,전도전복,전도전복,운전자법규위반,안전운전 의무 불이행,단일로,기타단일로,이륜차,중형,없음,없음,1136544,1685236,128.9990851,35.15310836
2015,2015-03-22 1:00,야,일,1,1,0,0,0,서울,강북구,차대차,측면충돌,측면충돌,운전자법규위반,안전운전 의무 불이행,단일로,기타단일로,승용차,중형,원동기장치자전거,원동기장치자전거,958243,1957662,127.026842,37.61745083
2015,2015-03-22 1:30,야,일,1,1,0,0,0,대구,수성구,차대사람,횡단중,횡단중,운전자법규위반,안전운전 의무 불이행,단일로,횡단보도상,승용차,중형,보행자,보행자,1102071,1763062,128.6304812,35.85879651
2015,2015-03-22 3:20,야,일,1,1,0,0,0,경남,고성군,차량단독,공작물충돌,공작물충돌,운전자법규위반,안전운전 의무 불이행,단일로,기타단일로,승용차,중형,없음,없음,1076005,1664009,128.3325835,34.9681183
2015,2015-03-22 4:58,야,일,1,1,0,0,0,전남,여수시,차대사람,횡단중,횡단중,운전자법규위반,신호위반,교차로,교차로부근,승용차,중형,보행자,보행자,1014581,1641352,127.6593376,34.76655553
2015,2015-03-22 20:40,야,일,1,1,0,0,0,경남,함안군,차대사람,차도통행중,차도통행중,운전자법규위반,안전운전 의무 불이행,단일로,기타단일로,승용차,대형,보행자,보행자,1079430,1697578,128.3733226,35.2705207
2015,2015-03-22 22:05,야,일,1,1,0,0,0,제주,서귀포시,차대사람,횡단중,횡단중,운전자법규위반,보행자 보호의무 위반,교차로,교차로부근,화물차,경형,보행자,보행자,913213,1474396,126.568262,33.25740985
2015,2015-03-23 1:55,야,월,1,1,0,0,0,부산,부산진구,차량단독,공작물충돌,공작물충돌,운전자법규위반,신호위반,단일로,기타단일로,승용차,중형,없음,없음,1141240,1685830,129.0507266,35.15781384
2015,2015-03-23 6:35,주,월,1,1,0,0,0,서울,성동구,차대차,측면충돌,측면충돌,운전자법규위반,안전운전 의무 불이행,단일로,기타단일로,화물차,소형,자전거,자전거,960726,1949575,127.0554103,37.54466997
2015,2015-03-23 6:30,주,월,1,1,0,0,0,전남,영광군,차량단독,도로이탈,도로이탈 추락,운전자법규위반,안전운전 의무 불이행,단일로,기타단일로,원동기장치자전거,원동기장치자전거,없음,없음,917359,1701832,126.590948,35.30861424
2015,2015-03-23 7:53,주,월,1,1,0,0,0,경기,광명시,차량단독,공작물충돌,공작물충돌,운전자법규위반,안전운전 의무 불이행,단일로,횡단보도부근,이륜차,소형,없음,없음,941909,1941544,126.8430434,37.47129199
2015,2015-03-23 10:30,주,월,1,1,0,0,0,부산,기장군,차대사람,횡단중,횡단중,운전자법규위반,안전운전 의무 불이행,단일로,기타단일로,승용차,소형,보행자,보행자,1155169,1691414,129.2046516,35.20608974
2015,2015-03-23 16:25,주,월,1,1,0,0,0,강원,동해시,차대사람,횡단중,횡단중,운전자법규위반,보행자 보호의무 위반,단일로,횡단보도상,화물차,소형,보행자,보행자,1142102,1951033,129.108638,37.54768935
2015,2015-03-23 17:33,주,월,1,1,0,0,0,서울,영등포구,차대차,기타,기타,운전자법규위반,안전운전 의무 불이행,단일로,기타단일로,승용차,중형,자전거,자전거,947601,1946845,126.9070338,37.51941126
2015,2015-03-23 19:58,야,월,1,1,0,0,0,서울,강북구,차대사람,기타,기타,운전자법규위반,안전운전 의무 불이행,교차로,교차로부근,승용차,중형,보행자,보행자,956776,1962347,127.0099423,37.65960949
2015,2015-03-24 0:02,야,화,1,1,0,0,0,경기,파주시,차대사람,기타,기타,운전자법규위반,안전운전 의무 불이행,단일로,기타단일로,화물차,소형,보행자,보행자,937604,1982445,126.7908637,37.83964137
2015,2015-03-24 5:56,야,화,1,1,0,0,0,서울,영등포구,차대차,추돌,주정차중 추돌,운전자법규위반,안전운전 의무 불이행,단일로,기타단일로,화물차,중형,건설기계,건설기계,948054,1947512,126.9121127,37.52544866
2015,2015-03-24 5:37,야,화,1,1,0,0,0,경기,안성시,차대사람,횡단중,횡단중,운전자법규위반,안전운전 의무 불이행,단일로,기타단일로,승용차,중형,보행자,보행자,970954,1889170,127.1735507,37.00056656
2015,2015-03-24 5:30,야,화,1,1,0,0,0,경북,칠곡군,차대사람,기타,기타,운전자법규위반,안전운전 의무 불이행,단일로,기타단일로,화물차,소형,보행자,보행자,1094688,1778361,128.5505469,35.99745139
2015,2015-03-24 7:14,주,화,1,1,0,0,0,경남,창원시(통합),차대차,추돌,주정차중 추돌,운전자법규위반,안전운전 의무 불이행,단일로,기타단일로,원동기장치자전거,원동기장치자전거,화물차,소형,1097394,1689311,128.5698276,35.19440263
2015,2015-03-24 12:55,주,화,1,1,0,0,0,경남,김해시,차대사람,차도통행중,차도통행중,운전자법규위반,안전운전 의무 불이행,단일로,기타단일로,화물차,소형,보행자,보행자,1133064,1703430,128.9638343,35.31757836
2015,2015-03-24 15:30,주,화,1,1,0,0,0,경기,고양시,차대차,기타,기타,운전자법규위반,안전운전 의무 불이행,단일로,기타단일로,승용차,중형,자전거,자전거,944571,1957076,126.8719734,37.6114464
2015,2015-03-24 15:00,주,화,1,1,0,0,0,경남,양산시,차량단독,기타,기타,운전자법규위반,안전운전 의무 불이행,단일로,기타단일로,원동기장치자전거,원동기장치자전거,없음,없음,1138103,1700747,129.0187991,35.2927106
2015,2015-03-24 16:20,주,화,1,1,0,0,0,제주,서귀포시,차대차,기타,기타,운전자법규위반,신호위반,교차로,교차로내,화물차,경형,화물차,소형,918318,1478333,126.622708,33.29331589
2015,2015-03-24 18:29,야,화,1,1,0,0,0,인천,중구,차대사람,기타,기타,운전자법규위반,안전운전 의무 불이행,교차로,교차로부근,승합차,대형,보행자,보행자,914880,1946785,126.5367967,37.51643131
2015,2015-03-24 19:25,야,화,1,1,0,0,0,경기,광주시,차대사람,횡단중,횡단중,운전자법규위반,과속,단일로,기타단일로,승용차,대형,보행자,보행자,978878,1938818,127.2612012,37.44830562
2015,2015-03-24 23:12,야,화,1,1,0,0,0,전북,전주시,차대사람,차도통행중,차도통행중,운전자법규위반,안전운전 의무 불이행,단일로,기타단일로,승용차,중형,보행자,보행자,965100,1761674,127.1134981,35.85097923
2015,2015-03-25 7:17,주,수,1,1,0,0,0,전남,신안군,차대차,추돌,진행중 추돌,운전자법규위반,안전운전 의무 불이행,단일로,기타단일로,화물차,경형,농기계,농기계,873877,1650457,126.1205659,34.8409436
2015,2015-03-25 15:45,주,수,1,1,0,0,0,경북,고령군,차대차,측면충돌,측면충돌,운전자법규위반,신호위반,교차로,교차로내,화물차,소형,이륜차,소형,1068298.5,1744602,128.2548974,35.69530774
2015,2015-03-25 19:03,야,수,1,1,0,0,0,전북,정읍시,차대차,측면충돌,측면충돌,운전자법규위반,신호위반,교차로,교차로내,이륜차,소형,승합차,소형,940971,1731117,126.8485385,35.57432713
2015,2015-03-26 0:56,야,목,1,1,0,0,0,광주,남구,차대사람,횡단중,횡단중,운전자법규위반,안전운전 의무 불이행,단일로,기타단일로,승용차,대형,보행자,보행자,945059,1682591,126.8969144,35.13703233
2015,2015-03-26 2:00,야,목,1,1,0,0,0,경기,의왕시,차대차,기타,기타,운전자법규위반,안전운전 의무 불이행,단일로,기타단일로,승용차,소형,승용차,중형,956752,1932691,127.0114167,37.39231002
2015,2015-03-26 4:30,야,목,1,1,0,0,0,서울,강남구,차대사람,횡단중,횡단중,운전자법규위반,신호위반,단일로,기타단일로,승용차,중형,보행자,보행자,960468,1946182,127.0526724,37.51407665
2015,2015-03-26 5:10,야,목,1,1,0,0,0,인천,부평구,차대사람,횡단중,횡단중,운전자법규위반,안전운전 의무 불이행,단일로,기타단일로,승합차,대형,보행자,보행자,929652,1946446,126.7039702,37.51462084
2015,2015-03-26 9:45,주,목,1,1,0,0,0,대구,수성구,차대차,측면충돌,측면충돌,운전자법규위반,안전운전 의무 불이행,단일로,기타단일로,승용차,중형,이륜차,중형,1100241,1762592,128.6101575,35.8547487
2015,2015-03-26 13:45,주,목,1,1,0,0,0,경기,안산시,차량단독,기타,기타,운전자법규위반,기타(운전자법규위반),기타/불명,기타/불명,승용차,대형,없음,없음,916582,1920166,126.559058,37.27668034
2015,2015-03-26 16:00,주,목,1,1,0,0,0,서울,용산구,차대사람,기타,기타,운전자법규위반,안전운전 의무 불이행,단일로,기타단일로,건설기계,건설기계,보행자,보행자,953413,1950598,126.9725636,37.55354978
2015,2015-03-26 18:16,야,목,1,1,0,0,0,서울,강서구,차대사람,횡단중,횡단중,운전자법규위반,안전운전 의무 불이행,단일로,기타단일로,승합차,대형,보행자,보행자,944232,1950137,126.8686609,37.54888472
2015,2015-03-26 19:10,야,목,1,1,0,0,0,대구,달성군,차대차,정면충돌,정면충돌,운전자법규위반,중앙선 침범,단일로,기타단일로,승용차,소형,이륜차,중형,1098415,1754956,128.5889974,35.7860985
2015,2015-03-27 1:40,야,금,1,1,0,0,0,경남,고성군,차대사람,차도통행중,차도통행중,운전자법규위반,안전운전 의무 불이행,단일로,기타단일로,승용차,소형,보행자,보행자,1074588,1664144,128.3170747,34.96944096
2015,2015-03-27 4:54,야,금,1,1,0,0,0,서울,송파구,차대사람,횡단중,횡단중,운전자법규위반,안전운전 의무 불이행,교차로,교차로부근,승합차,대형,보행자,보행자,964723.2,1946095.1,127.1008255,37.51346592
2015,2015-03-27 5:54,야,금,1,1,0,0,0,충남,서산시,차대차,추돌,진행중 추돌,운전자법규위반,안전운전 의무 불이행,단일로,기타단일로,승용차,중형,건설기계,건설기계,916325,1858185,126.5630393,36.71800912
2015,2015-03-27 9:44,주,금,1,1,0,0,0,경기,고양시,차대사람,횡단중,횡단중,운전자법규위반,보행자 보호의무 위반,교차로,교차로내,승용차,중형,보행자,보행자,935540,1962499,126.769178,37.65973352
2015,2015-03-27 9:40,주,금,1,1,0,0,0,전남,화순군,차대차,기타,기타,운전자법규위반,기타(운전자법규위반),단일로,기타단일로,화물차,소형,자전거,자전거,953511,1674167,126.9901613,35.06149985
2015,2015-03-27 16:07,주,금,1,1,0,0,0,경기,안산시,차대차,측면충돌,측면충돌,운전자법규위반,신호위반,단일로,횡단보도상,자전거,자전거,화물차,소형,941836,1923068,126.8436712,37.30475871
2015,2015-03-27 16:30,주,금,1,1,0,0,0,전남,순천시,차대차,기타,기타,운전자법규위반,신호위반,교차로,교차로내,승용차,중형,이륜차,중형,998570,1662703,127.4843368,34.95919453
2015,2015-03-27 23:35,야,금,1,1,0,0,0,부산,사상구,차대사람,횡단중,횡단중,운전자법규위반,안전운전 의무 불이행,단일로,기타단일로,승용차,중형,보행자,보행자,1134488,1686971,128.9768022,35.16902515
2015,2015-03-27 23:40,야,금,1,1,0,0,0,경기,광주시,차량단독,공작물충돌,공작물충돌,운전자법규위반,안전운전 의무 불이행,단일로,기타단일로,승용차,중형,없음,없음,979025,1939090,127.2628554,37.45076068
2015,2015-03-28 0:10,야,토,1,1,0,0,0,전남,여수시,차량단독,전도전복,전도전복,운전자법규위반,안전운전 의무 불이행,단일로,기타단일로,원동기장치자전거,원동기장치자전거,없음,없음,1016225,1639653,127.67727,34.75120953
2015,2015-03-28 1:34,야,토,1,1,0,0,0,서울,마포구,차대사람,횡단중,횡단중,운전자법규위반,안전운전 의무 불이행,단일로,횡단보도부근,화물차,중형,보행자,보행자,950056,1950645,126.9345556,37.55379751
2015,2015-03-28 1:13,야,토,1,1,0,0,0,경기,평택시,차량단독,공작물충돌,공작물충돌,운전자법규위반,안전운전 의무 불이행,교차로,교차로내,화물차,소형,없음,없음,940581,1888167,126.832282,36.99009606
2015,2015-03-28 5:30,야,토,1,1,0,0,0,경기,고양시,차대사람,횡단중,횡단중,운전자법규위반,안전운전 의무 불이행,단일로,횡단보도상,승용차,대형,보행자,보행자,934858,1963666,126.7613421,37.67020314
2015,2015-03-28 6:35,주,토,1,1,0,0,0,경남,진주시,차대사람,횡단중,횡단중,운전자법규위반,안전운전 의무 불이행,단일로,기타단일로,화물차,경형,보행자,보행자,1051769,1685228,128.0684336,35.16097783
2015,2015-03-28 11:05,주,토,1,1,0,0,0,경기,안성시,차대사람,기타,기타,운전자법규위반,안전운전 의무 불이행,기타/불명,기타/불명,승용차,대형,보행자,보행자,976390,1887290,127.2347044,36.9837719
2015,2015-03-28 11:50,주,토,1,1,0,0,0,전북,무주군,차대사람,횡단중,횡단중,운전자법규위반,안전운전 의무 불이행,단일로,기타단일로,승용차,중형,보행자,보행자,1018858,1781736,127.7093219,36.03229776
2015,2015-03-28 11:25,주,토,1,1,0,0,0,경남,의령군,차대차,추돌,진행중 추돌,운전자법규위반,안전운전 의무 불이행,단일로,기타단일로,화물차,소형,건설기계,건설기계,1072060,1704816,128.2929341,35.33633716
2015,2015-03-28 18:26,야,토,1,1,0,0,0,경기,광주시,차량단독,공작물충돌,공작물충돌,운전자법규위반,안전운전 의무 불이행,교차로,교차로부근,원동기장치자전거,원동기장치자전거,없음,없음,984955,1920992,127.3302679,37.28774396
2015,2015-03-28 18:15,야,토,1,1,0,0,0,충남,서천군,차량단독,공작물충돌,공작물충돌,운전자법규위반,안전운전 의무 불이행,단일로,기타단일로,원동기장치자전거,원동기장치자전거,없음,없음,926144,1785050,126.6799314,36.05955396
2015,2015-03-28 21:05,야,토,1,1,0,0,0,경남,김해시,차대사람,횡단중,횡단중,운전자법규위반,안전운전 의무 불이행,교차로,교차로내,화물차,중형,보행자,보행자,1119046,1690792,128.8078286,35.20541916
2015,2015-03-29 3:10,야,일,1,1,0,0,0,경북,울진군,차대사람,기타,기타,운전자법규위반,안전운전 의무 불이행,단일로,기타단일로,승합차,소형,보행자,보행자,1166604,1901080,129.374666,37.09355529
2015,2015-03-29 10:05,주,일,1,1,0,0,0,전남,구례군,차량단독,도로이탈,도로이탈 추락,운전자법규위반,안전운전 의무 불이행,단일로,기타단일로,화물차,소형,없음,없음,1008878,1692191,127.5975592,35.2250585
2015,2015-03-29 12:10,주,일,1,1,0,0,0,경기,파주시,차량단독,공작물충돌,공작물충돌,운전자법규위반,안전운전 의무 불이행,단일로,기타단일로,이륜차,대형,없음,없음,936982,1983901,126.7836682,37.85272069
2015,2015-03-29 13:00,주,일,1,1,0,0,0,인천,남구,차대사람,차도통행중,차도통행중,운전자법규위반,안전운전 의무 불이행,교차로,교차로부근,승용차,대형,보행자,보행자,925948,1940605,126.6626491,37.46168765
2015,2015-03-29 13:35,주,일,1,1,0,0,0,울산,중구,차대차,측면충돌,측면충돌,운전자법규위반,직진 및 우회전차의 통행방해,교차로,교차로내,이륜차,소형,화물차,중형,1167112,1730447,129.3437853,35.55594555
2015,2015-03-29 17:20,주,일,1,1,0,0,0,충남,공주시,차량단독,공작물충돌,공작물충돌,운전자법규위반,안전운전 의무 불이행,단일로,기타단일로,승용차,대형,없음,없음,960834,1826652,127.0630182,36.43662495
2015,2015-03-29 18:06,야,일,1,1,0,0,0,인천,서구,차량단독,공작물충돌,공작물충돌,운전자법규위반,중앙선 침범,단일로,기타단일로,승용차,소형,없음,없음,921459,1950554,126.6108317,37.55098315
2015,2015-03-29 22:22,야,일,1,1,0,0,0,경북,의성군,차대사람,기타,기타,운전자법규위반,과속,단일로,기타단일로,승용차,대형,보행자,보행자,1107312,1806023,128.6943535,36.24548302
2015,2015-03-30 4:35,야,월,1,1,0,0,0,대전,서구,차량단독,전도전복,전도전복,운전자법규위반,안전운전 의무 불이행,교차로,교차로부근,승용차,중형,없음,없음,990433,1818861,127.393354,36.36713859
2015,2015-03-30 5:00,야,월,1,1,0,0,0,대구,중구,차대사람,횡단중,횡단중,운전자법규위반,안전운전 의무 불이행,단일로,기타단일로,화물차,소형,보행자,보행자,1098976,1764933,128.5964408,35.87598024
2015,2015-03-30 6:10,주,월,1,1,0,0,0,강원,정선군,차대사람,횡단중,횡단중,운전자법규위반,안전운전 의무 불이행,교차로,교차로내,화물차,소형,보행자,보행자,1103275,1932015,128.6665376,37.38147218