발생년,발생년월일시분,주야,요일,사망자수,사상자수,중상자수,경상자수,부상신고자수,발생지시도,발생지시군구,사고유형_대분류,사고유형_중분류,사고유형,법규위반_대분류,법규위반,도로형태_대분류,도로형태,가해자_당사자종별_대분류,가해자_당사자종별,피해자_당사자종별_대분류,피해자_당사자종별,발생위치X_UTMK,발생위치Y_UTMK,경도,위도
2015,2015-03-30 11:30,주,월,1,1,0,0,0,경기,연천군,차대차,추돌,진행중 추돌,운전자법규위반,안전운전 의무 불이행,단일로,기타단일로,승용차,중형,자전거,자전거,962129,2005076,127.0683917,38.04495701
2015,2015-03-30 13:40,주,월,1,1,0,0,0,전남,순천시,차량단독,전도전복,전도전복,운전자법규위반,안전운전 의무 불이행,단일로,기타단일로,화물차,소형,없음,없음,997795,1667665,127.4758349,35.00393781
2015,2015-03-30 16:00,주,월,1,1,0,0,0,전북,남원시,차량단독,기타,기타,운전자법규위반,안전운전 의무 불이행,단일로,기타단일로,농기계,농기계,없음,없음,1008634,1726998,127.5952461,35.53891045
2015,2015-03-30 16:35,주,월,1,1,0,0,0,경북,포항시,차대차,기타,기타,운전자법규위반,신호위반,교차로,교차로내,화물차,소형,원동기장치자전거,원동기장치자전거,1168021.6,1806932.7,129.3699644,36.24502882
2015,2015-03-30 17:52,주,월,1,1,0,0,0,경기,용인시,차대사람,기타,기타,운전자법규위반,기타(운전자법규위반),교차로,교차로부근,승합차,경형,보행자,보행자,969048,1919865,127.1508603,37.27719201
2015,2015-03-30 19:40,야,월,1,1,0,0,0,경북,영양군,차대차,정면충돌,정면충돌,운전자법규위반,중앙선 침범,단일로,기타단일로,승용차,대형,건설기계,건설기계,1144915,1855402,129.1219791,36.68555963
2015,2015-03-30 19:00,야,월,1,1,0,0,0,경남,남해군,차대차,추돌,진행중 추돌,운전자법규위반,안전운전 의무 불이행,단일로,기타단일로,승용차,소형,자전거,자전거,1046542,1653348,128.0092569,34.87376974
2015,2015-03-30 21:30,야,월,1,1,0,0,0,강원,강릉시,차량단독,공작물충돌,공작물충돌,운전자법규위반,안전운전 의무 불이행,단일로,기타단일로,이륜차,소형,없음,없음,1120880,1978967,128.8730985,37.8024257
2015,2015-03-30 23:35,야,월,1,1,0,0,0,경북,구미시,차대차,기타,기타,운전자법규위반,안전운전 의무 불이행,단일로,기타단일로,이륜차,중형,승합차,대형,1082655,1794362,128.4187354,36.14279008
2015,2015-03-31 6:39,주,화,1,1,0,0,0,전남,해남군,차량단독,공작물충돌,공작물충돌,운전자법규위반,안전운전 의무 불이행,단일로,기타단일로,승합차,소형,없음,없음,914619,1604770,126.5707117,34.43323112
2015,2015-03-31 13:31,주,화,1,1,0,0,0,전북,김제시,차량단독,공작물충돌,공작물충돌,운전자법규위반,안전운전 의무 불이행,기타/불명,기타/불명,원동기장치자전거,원동기장치자전거,없음,없음,951632,1751106,126.9649903,35.75512746
2015,2015-03-31 14:50,주,화,1,1,0,0,0,경북,포항시,차대차,추돌,진행중 추돌,운전자법규위반,직진 및 우회전차의 통행방해,교차로,교차로내,화물차,소형,이륜차,중형,1165844,1778641,129.3397817,35.99046606
2015,2015-03-31 16:00,주,화,1,1,0,0,0,강원,정선군,차량단독,공작물충돌,공작물충돌,운전자법규위반,안전운전 의무 불이행,단일로,기타단일로,이륜차,중형,없음,없음,1096142,1935079,128.5863794,37.40985283
2015,2015-03-31 17:20,주,화,1,1,0,0,0,경남,창원시(통합),차량단독,공작물충돌,공작물충돌,운전자법규위반,안전운전 의무 불이행,단일로,기타단일로,승용차,중형,없음,없음,1109353,1681848,128.7001785,35.12589043
2015,2015-03-31 21:28,야,화,1,1,0,0,0,서울,마포구,차대사람,차도통행중,차도통행중,운전자법규위반,안전운전 의무 불이행,단일로,기타단일로,승용차,중형,보행자,보행자,946985,1952025,126.899689,37.56606394
2015,2015-03-31 23:55,야,화,1,1,0,0,0,대구,남구,차대사람,횡단중,횡단중,운전자법규위반,안전운전 의무 불이행,단일로,횡단보도상,승합차,소형,보행자,보행자,1095807,1760736,128.5608363,35.83846121
2015,2015-04-01 6:18,주,수,1,1,0,0,0,전북,전주시,차대사람,횡단중,횡단중,운전자법규위반,안전운전 의무 불이행,단일로,기타단일로,화물차,소형,보행자,보행자,968224,1758729,127.1482116,35.82453336
2015,2015-04-01 11:20,주,수,1,1,0,0,0,전남,여수시,차대사람,횡단중,횡단중,운전자법규위반,안전운전 의무 불이행,단일로,기타단일로,승용차,중형,보행자,보행자,1020883,1639443,127.7281566,34.74923109
2015,2015-04-01 14:05,주,수,1,1,0,0,0,전남,영광군,차대사람,횡단중,횡단중,운전자법규위반,안전운전 의무 불이행,단일로,기타단일로,승합차,대형,보행자,보행자,909245.3,1698291.3,126.5021007,35.27598879
2015,2015-04-01 15:30,주,수,1,1,0,0,0,충북,청주시,차량단독,전도전복,전도전복,운전자법규위반,안전운전 의무 불이행,단일로,기타단일로,이륜차,소형,없음,없음,1001275,1851070.3,127.514266,36.65755766
2015,2015-04-01 17:25,주,수,1,1,0,0,0,경기,용인시,차대사람,길가장자리구역통행중,길가장자리구역통행중,운전자법규위반,안전운전 의무 불이행,단일로,기타단일로,화물차,대형,보행자,보행자,985011,1909501,127.3311309,37.18416463
2015,2015-04-01 19:50,야,수,1,1,0,0,0,전남,목포시,차대사람,횡단중,횡단중,운전자법규위반,안전운전 의무 불이행,단일로,기타단일로,승용차,중형,보행자,보행자,896819,1646509,126.371925,34.80793533
2015,2015-04-01 21:41,야,수,1,1,0,0,0,서울,구로구,차대사람,횡단중,횡단중,운전자법규위반,안전거리 미확보,교차로,교차로부근,승합차,대형,보행자,보행자,943088.2,1943358.1,126.8562381,37.48771609
2015,2015-04-02 0:41,야,목,1,1,0,0,0,서울,강동구,차대사람,기타,기타,운전자법규위반,안전운전 의무 불이행,단일로,기타단일로,승용차,중형,보행자,보행자,967520,1949053,127.1323412,37.54022949
2015,2015-04-02 5:14,야,목,1,1,0,0,0,경기,고양시,차대차,추돌,진행중 추돌,운전자법규위반,안전운전 의무 불이행,단일로,기타단일로,승용차,중형,화물차,대형,942079,1963468,126.843233,37.66890296
2015,2015-04-02 7:10,주,목,1,1,0,0,0,울산,동구,차량단독,공작물충돌,공작물충돌,운전자법규위반,안전운전 의무 불이행,단일로,기타단일로,원동기장치자전거,원동기장치자전거,없음,없음,1174736,1723454,129.426354,35.49161238
2015,2015-04-02 18:20,야,목,1,1,0,0,0,경북,경산시,차대사람,횡단중,횡단중,운전자법규위반,안전운전 의무 불이행,단일로,기타단일로,화물차,소형,보행자,보행자,1113563,1758285,128.7570545,35.81447171
2015,2015-04-02 22:55,야,목,1,1,0,0,0,서울,서초구,차대사람,차도통행중,차도통행중,운전자법규위반,안전운전 의무 불이행,단일로,횡단보도부근,승합차,대형,보행자,보행자,958889,1942799,127.0349948,37.4835154
2015,2015-04-03 0:15,야,금,1,1,0,0,0,전남,영암군,차대사람,차도통행중,차도통행중,운전자법규위반,안전운전 의무 불이행,단일로,기타단일로,승용차,중형,보행자,보행자,897176,1639827,126.3766444,34.74772632
2015,2015-04-03 5:25,야,금,1,1,0,0,0,경기,시흥시,차량단독,공작물충돌,공작물충돌,운전자법규위반,안전운전 의무 불이행,단일로,기타단일로,화물차,소형,없음,없음,935777,1928600,126.7748265,37.35422085
2015,2015-04-03 10:45,주,금,1,1,0,0,0,경북,경주시,차대차,측면충돌,측면충돌,운전자법규위반,교차로 통행방법 위반,교차로,교차로내,승합차,대형,원동기장치자전거,원동기장치자전거,1165810,1754300,129.3343385,35.77112348
2015,2015-04-03 11:20,주,금,1,1,0,0,0,경기,평택시,차대사람,기타,기타,운전자법규위반,안전운전 의무 불이행,단일로,터널안,화물차,소형,보행자,보행자,954328,1890066,126.9866417,37.00798218
2015,2015-04-03 19:37,야,금,1,1,0,0,0,경기,부천시,차대사람,기타,기타,운전자법규위반,안전운전 의무 불이행,단일로,기타단일로,승합차,중형,보행자,보행자,934326,1943494,126.7571188,37.48835933
2015,2015-04-03 20:12,야,금,1,1,0,0,0,경북,칠곡군,차량단독,도로이탈,도로이탈 기타,운전자법규위반,안전운전 의무 불이행,단일로,기타단일로,승용차,중형,없음,없음,1079990,1777998,128.3874577,35.99549622
2015,2015-04-03 21:50,야,금,1,1,0,0,0,인천,남구,차대사람,차도통행중,차도통행중,운전자법규위반,과속,교차로,교차로부근,화물차,소형,보행자,보행자,924803,1938534,126.6499145,37.44292981
2015,2015-04-04 4:44,야,토,1,1,0,0,0,서울,동대문구,차대차,측면충돌,측면충돌,운전자법규위반,신호위반,교차로,교차로내,승용차,대형,이륜차,중형,960938,1953047,127.0576251,37.57597318
2015,2015-04-04 11:40,주,토,1,1,0,0,0,전북,정읍시,차대차,측면충돌,측면충돌,운전자법규위반,중앙선 침범,단일로,기타단일로,원동기장치자전거,원동기장치자전거,승합차,경형,953050,1744308,126.9810722,35.69390552
2015,2015-04-04 16:50,주,토,1,1,0,0,0,전남,영암군,차량단독,공작물충돌,공작물충돌,운전자법규위반,안전운전 의무 불이행,단일로,기타단일로,승용차,중형,없음,없음,899275,1638480,126.3997333,34.73579091
2015,2015-04-04 18:45,야,토,1,1,0,0,0,대구,달서구,차대사람,횡단중,횡단중,운전자법규위반,보행자 보호의무 위반,교차로,교차로부근,승용차,중형,보행자,보행자,1094557,1761276,128.5470616,35.8434505
2015,2015-04-04 19:15,야,토,1,1,0,0,0,경남,양산시,차대사람,횡단중,횡단중,운전자법규위반,보행자 보호의무 위반,교차로,교차로부근,승용차,중형,보행자,보행자,1138956,1706225,129.0291065,35.34196977
2015,2015-04-04 21:43,야,토,1,1,0,0,0,경남,거창군,차대차,추돌,주정차중 추돌,운전자법규위반,안전운전 의무 불이행,단일로,기타단일로,원동기장치자전거,원동기장치자전거,화물차,중형,1037658,1742876,127.916161,35.68139327
2015,2015-04-04 22:44,야,토,1,1,0,0,0,경기,양주시,차량단독,기타,기타,운전자법규위반,안전운전 의무 불이행,교차로,교차로부근,이륜차,소형,없음,없음,955869,1978247,126.9986943,37.80287251
2015,2015-04-04 23:01,야,토,1,1,0,0,0,충북,청주시,차대차,기타,기타,운전자법규위반,안전운전 의무 불이행,단일로,기타단일로,승용차,중형,승용차,중형,993982,1836180,127.4327811,36.52330274
2015,2015-04-05 0:40,야,일,1,1,0,0,0,강원,태백시,차량단독,공작물충돌,공작물충돌,운전자법규위반,안전운전 의무 불이행,단일로,기타단일로,승용차,중형,없음,없음,1129033,1904627,128.9526609,37.13144808
2015,2015-04-05 2:00,야,일,1,1,0,0,0,경기,하남시,차대사람,차도통행중,차도통행중,운전자법규위반,안전운전 의무 불이행,단일로,기타단일로,승용차,대형,보행자,보행자,976326,1944525,127.2321659,37.49968446
2015,2015-04-05 15:20,주,일,1,1,0,0,0,전북,전주시,차량단독,공작물충돌,공작물충돌,운전자법규위반,안전운전 의무 불이행,단일로,기타단일로,승용차,중형,없음,없음,965915,1752112,127.1229314,35.76479657
2015,2015-04-05 19:22,야,일,1,1,0,0,0,충남,논산시,차대사람,횡단중,횡단중,운전자법규위반,안전운전 의무 불이행,단일로,기타단일로,승용차,대형,보행자,보행자,972621,1801222,127.1954191,36.20777404
2015,2015-04-05 20:06,야,일,1,1,0,0,0,충북,음성군,차대사람,길가장자리구역통행중,길가장자리구역통행중,운전자법규위반,안전운전 의무 불이행,단일로,횡단보도부근,승합차,중형,보행자,보행자,1016509,1881000,127.6853677,36.9272225
2015,2015-04-05 21:15,야,일,1,1,0,0,0,충남,당진시,차대사람,기타,기타,운전자법규위반,안전운전 의무 불이행,단일로,기타단일로,승용차,대형,보행자,보행자,934614,1885454,126.765468,36.96524575
2015,2015-04-05 21:43,야,일,1,1,0,0,0,경남,진주시,차대사람,차도통행중,차도통행중,운전자법규위반,안전운전 의무 불이행,단일로,기타단일로,승용차,대형,보행자,보행자,1047886,1681568,128.0255869,35.12816872
2015,2015-04-05 23:30,야,일,1,1,0,0,0,전북,익산시,차대차,추돌,주정차중 추돌,운전자법규위반,안전운전 의무 불이행,교차로,교차로부근,승용차,중형,화물차,중형,948745,1772962,126.9316534,35.9520288
2015,2015-04-06 5:50,야,월,1,1,0,0,0,전남,순천시,차대사람,기타,기타,운전자법규위반,안전운전 의무 불이행,단일로,기타단일로,승용차,중형,보행자,보행자,1001639,1662565,127.5179521,34.9579498
2015,2015-04-06 8:40,주,월,1,1,0,0,0,강원,평창군,차대차,측면충돌,측면충돌,운전자법규위반,안전운전 의무 불이행,단일로,기타단일로,승용차,대형,이륜차,소형,1084313,1948229,128.4542384,37.5295193
2015,2015-04-06 10:10,주,월,1,1,0,0,0,경남,통영시,차대차,기타,기타,운전자법규위반,신호위반,단일로,기타단일로,승용차,대형,이륜차,소형,1086028,1652120,128.4411419,34.86012063
2015,2015-04-06 20:25,야,월,1,1,0,0,0,경기,동두천시,차대사람,기타,기타,운전자법규위반,안전운전 의무 불이행,단일로,기타단일로,승합차,대형,보행자,보행자,961027,1991371,127.0565767,37.92139179
2015,2015-04-07 5:30,야,화,1,1,0,0,0,대구,수성구,차대사람,횡단중,횡단중,운전자법규위반,안전운전 의무 불이행,교차로,교차로내,화물차,중형,보행자,보행자,1101660,1763099,128.6259347,35.85917279
2015,2015-04-07 10:50,주,화,1,1,0,0,0,서울,동대문구,차대차,측면충돌,측면충돌,운전자법규위반,안전운전 의무 불이행,기타/불명,기타/불명,승용차,중형,자전거,자전거,960896,1953184,127.0571422,37.57720621
2015,2015-04-07 15:15,주,화,1,1,0,0,0,충북,영동군,차대차,추돌,진행중 추돌,운전자법규위반,안전운전 의무 불이행,단일로,기타단일로,화물차,중형,농기계,농기계,1044361,1802244,127.9935518,36.2163578
2015,2015-04-07 16:10,주,화,1,1,0,0,0,전북,고창군,차대사람,길가장자리구역통행중,길가장자리구역통행중,운전자법규위반,안전운전 의무 불이행,단일로,기타단일로,승용차,경형,보행자,보행자,921167,1714577,126.6316019,35.42382896
2015,2015-04-07 19:29,야,화,1,1,0,0,0,전남,담양군,차대차,추돌,진행중 추돌,운전자법규위반,차로위반(진로변경 위반),단일로,기타단일로,승용차,중형,이륜차,중형,950474,1694620,126.9556292,35.24577602
2015,2015-04-07 19:53,야,화,1,1,0,0,0,인천,서구,차대사람,횡단중,횡단중,운전자법규위반,안전운전 의무 불이행,단일로,횡단보도상,승용차,중형,보행자,보행자,927408,1945968,126.6786276,37.5101389
2015,2015-04-07 19:00,야,화,1,1,0,0,0,광주,북구,차대사람,횡단중,횡단중,운전자법규위반,안전운전 의무 불이행,단일로,기타단일로,화물차,소형,보행자,보행자,945225.4,1687451.1,126.8984183,35.1808635
2015,2015-04-07 20:15,야,화,1,1,0,0,0,강원,춘천시,차대차,측면충돌,측면충돌,운전자법규위반,신호위반,교차로,교차로내,이륜차,중형,승합차,소형,1020122,1987043,127.7288237,37.88299631
2015,2015-04-08 8:30,주,수,1,1,0,0,0,대구,달서구,차대차,측면충돌,측면충돌,운전자법규위반,안전운전 의무 불이행,단일로,기타단일로,승용차,소형,원동기장치자전거,원동기장치자전거,1090501,1758493,128.501839,35.8187452
2015,2015-04-08 16:40,주,수,1,1,0,0,0,부산,동구,차량단독,공작물충돌,공작물충돌,운전자법규위반,안전운전 의무 불이행,단일로,고가도로위,특수차,대형,없음,없음,1142660,1682669,129.0657662,35.12912053
2015,2015-04-08 16:10,주,수,1,1,0,0,0,제주,서귀포시,차대차,측면충돌,측면충돌,운전자법규위반,안전운전 의무 불이행,교차로,교차로내,승용차,중형,원동기장치자전거,원동기장치자전거,879344,1475882,126.2045188,33.2675545
2015,2015-04-08 17:50,주,수,1,1,0,0,0,경기,남양주시,차량단독,공작물충돌,공작물충돌,운전자법규위반,안전운전 의무 불이행,단일로,기타단일로,화물차,중형,없음,없음,972983,1956052,127.193921,37.60349081
2015,2015-04-08 20:50,야,수,1,1,0,0,0,경기,포천시,차대차,측면충돌,측면충돌,운전자법규위반,신호위반,교차로,교차로내,원동기장치자전거,원동기장치자전거,승용차,중형,972909,1983219,127.1920705,37.84834998
2015,2015-04-09 4:13,야,목,1,1,0,0,0,경기,화성시,차대차,기타,기타,운전자법규위반,안전운전 의무 불이행,단일로,기타단일로,승용차,경형,화물차,대형,947105,1903489,126.9045129,37.12859603
2015,2015-04-09 5:00,야,목,1,1,0,0,0,대구,중구,차대사람,횡단중,횡단중,운전자법규위반,안전운전 의무 불이행,교차로,교차로부근,승합차,소형,보행자,보행자,1098841,1764827,128.5949323,35.87503834
2015,2015-04-09 8:20,주,목,1,1,0,0,0,서울,은평구,차대차,측면충돌,측면충돌,운전자법규위반,안전운전 의무 불이행,단일로,기타단일로,건설기계,건설기계,이륜차,소형,950193,1955833,126.9357539,37.60056495
2015,2015-04-09 10:30,주,목,1,1,0,0,0,전남,신안군,차량단독,기타,기타,운전자법규위반,안전운전 의무 불이행,기타/불명,기타/불명,농기계,농기계,없음,없음,874609,1653140,126.1281684,34.86522155
2015,2015-04-09 14:19,주,목,1,1,0,0,0,서울,노원구,차대차,기타,기타,운전자법규위반,중앙선 침범,교차로,교차로내,자전거,자전거,승용차,중형,961539,1958837,127.0641268,37.6281852
2015,2015-04-09 18:11,야,목,1,1,0,0,0,울산,울주군,차량단독,도로이탈,도로이탈 추락,운전자법규위반,안전운전 의무 불이행,단일로,기타단일로,이륜차,대형,없음,없음,1165698,1712608,129.3245544,35.39541556
2015,2015-04-09 20:50,야,목,1,1,0,0,0,전남,해남군,차량단독,공작물충돌,공작물충돌,운전자법규위반,안전운전 의무 불이행,단일로,기타단일로,승용차,중형,없음,없음,917992.8,1619412.7,126.6060198,34.5655391
2015,2015-04-10 14:25,주,금,1,1,0,0,0,경남,밀양시,차대차,정면충돌,정면충돌,운전자법규위반,교차로 통행방법 위반,교차로,교차로내,건설기계,건설기계,이륜차,소형,1120067,1712171,128.8221744,35.39802041
2015,2015-04-10 16:25,주,금,1,1,0,0,0,경기,연천군,차대차,기타,기타,운전자법규위반,안전운전 의무 불이행,단일로,기타단일로,이륜차,사발이,이륜차,사발이,952466,2002744,126.9584232,38.0234841
2015,2015-04-10 23:00,야,금,1,1,0,0,0,세종,세종,차대차,추돌,주정차중 추돌,운전자법규위반,안전운전 의무 불이행,단일로,기타단일로,승용차,중형,농기계,농기계,983118,1840797,127.3113335,36.56479523
2015,2015-04-11 2:10,야,토,1,1,0,0,0,부산,북구,차량단독,공작물충돌,공작물충돌,운전자법규위반,안전운전 의무 불이행,단일로,기타단일로,이륜차,중형,없음,없음,1139145,1691870,129.0287516,35.21255029
2015,2015-04-11 6:50,주,토,1,1,0,0,0,경기,평택시,차대사람,횡단중,횡단중,운전자법규위반,서행 및 일시정지위반,단일로,기타단일로,승용차,중형,보행자,보행자,959793,1884206,127.0483793,36.9554089
2015,2015-04-11 6:30,주,토,1,1,0,0,0,충남,천안시,차대사람,횡단중,횡단중,운전자법규위반,안전운전 의무 불이행,단일로,기타단일로,승용차,중형,보행자,보행자,968708,1870561,127.1490777,36.83274573
2015,2015-04-11 8:20,주,토,1,1,0,0,0,전남,무안군,차대사람,길가장자리구역통행중,길가장자리구역통행중,운전자법규위반,기타(운전자법규위반),단일로,기타단일로,화물차,소형,보행자,보행자,894764,1685201,126.3445712,35.15655802
2015,2015-04-11 12:35,주,토,1,1,0,0,0,전남,해남군,차량단독,공작물충돌,공작물충돌,운전자법규위반,안전운전 의무 불이행,교차로,교차로부근,승용차,중형,없음,없음,910298,1612689,126.5228559,34.50426968
2015,2015-04-11 14:20,주,토,1,1,0,0,0,경기,연천군,차대차,추돌,진행중 추돌,운전자법규위반,안전운전 의무 불이행,단일로,기타단일로,건설기계,건설기계,건설기계,건설기계,968069,2002233,127.1362141,38.01956304
2015,2015-04-11 16:36,주,토,1,1,0,0,0,부산,금정구,차대사람,횡단중,횡단중,운전자법규위반,보행자 보호의무 위반,교차로,교차로내,승합차,경형,보행자,보행자,1144167,1698755,129.0851161,35.2738999
2015,2015-04-11 17:00,주,토,1,1,0,0,0,전북,김제시,차량단독,공작물충돌,공작물충돌,운전자법규위반,안전운전 의무 불이행,기타/불명,기타/불명,이륜차,소형,없음,없음,959323,1753604,127.0499328,35.77799775
2015,2015-04-11 20:10,야,토,1,1,0,0,0,경기,연천군,차대차,기타,기타,운전자법규위반,안전운전 의무 불이행,단일로,기타단일로,승합차,소형,자전거,자전거,961903,2002351,127.065961,38.02038821
2015,2015-04-11 22:00,야,토,1,1,0,0,0,경남,창원시(통합),차량단독,도로이탈,도로이탈 추락,운전자법규위반,안전운전 의무 불이행,기타/불명,기타/불명,승용차,소형,없음,없음,1107585,1707679,128.6841588,35.35895145
2015,2015-04-11 23:10,야,토,1,1,0,0,0,경기,파주시,차대사람,기타,기타,운전자법규위반,안전운전 의무 불이행,단일로,기타단일로,승용차,중형,보행자,보행자,937841,1978223,126.7939196,37.80160683
2015,2015-04-12 0:01,야,일,1,1,0,0,0,경기,남양주시,차대사람,횡단중,횡단중,운전자법규위반,안전운전 의무 불이행,단일로,기타단일로,승용차,소형,보행자,보행자,987130,1962267,127.3540839,37.65981614
2015,2015-04-12 4:08,야,일,1,1,0,0,0,부산,사상구,차대사람,차도통행중,차도통행중,운전자법규위반,안전운전 의무 불이행,단일로,기타단일로,승용차,중형,보행자,보행자,1136144,1683491,128.9944074,35.13743292
2015,2015-04-12 15:30,주,일,1,1,0,0,0,전북,남원시,차대차,측면충돌,측면충돌,운전자법규위반,기타(운전자법규위반),단일로,기타단일로,화물차,소형,원동기장치자전거,원동기장치자전거,991740,1714224,127.4090096,35.42373416
2015,2015-04-12 18:50,야,일,1,1,0,0,0,울산,울주군,차대사람,횡단중,횡단중,운전자법규위반,안전운전 의무 불이행,단일로,횡단보도상,승용차,중형,보행자,보행자,1164693,1716893,129.3143587,35.43419984
2015,2015-04-12 21:10,야,일,1,1,0,0,0,충북,청주시,차대사람,횡단중,횡단중,운전자법규위반,안전운전 의무 불이행,단일로,교량위,승용차,소형,보행자,보행자,1003422,1857490,127.5383175,36.71542534
2015,2015-04-12 22:20,야,일,1,1,0,0,0,인천,서구,차대사람,차도통행중,차도통행중,운전자법규위반,안전운전 의무 불이행,단일로,기타단일로,승용차,중형,보행자,보행자,927671,1947036,126.681498,37.51978515
2015,2015-04-13 0:35,야,월,1,1,0,0,0,부산,사상구,차대사람,횡단중,횡단중,운전자법규위반,안전운전 의무 불이행,단일로,기타단일로,승용차,중형,보행자,보행자,1135856,1685465,128.9915717,35.15526581
2015,2015-04-13 2:50,야,월,1,1,0,0,0,서울,서대문구,차량단독,기타,기타,운전자법규위반,안전운전 의무 불이행,단일로,기타단일로,승용차,중형,없음,없음,952584,1952737,126.9630401,37.57278666
2015,2015-04-13 5:08,야,월,1,1,0,0,0,울산,울주군,차대사람,기타,기타,운전자법규위반,안전운전 의무 불이행,단일로,기타단일로,승용차,중형,보행자,보행자,1149217,1729090,129.1461728,35.54657247
2015,2015-04-13 13:25,주,월,1,1,0,0,0,전북,무주군,차대사람,기타,기타,운전자법규위반,안전운전 의무 불이행,단일로,기타단일로,화물차,소형,보행자,보행자,1005571,1775115,127.5617911,35.97277
2015,2015-04-13 14:00,주,월,1,1,0,0,0,경기,성남시,차대사람,기타,기타,운전자법규위반,안전운전 의무 불이행,단일로,기타단일로,승합차,대형,보행자,보행자,963564,1933882,127.0883128,37.40333813
2015,2015-04-13 17:40,주,월,1,1,0,0,0,충북,단양군,차량단독,도로이탈,도로이탈 기타,운전자법규위반,안전운전 의무 불이행,단일로,기타단일로,이륜차,사발이,없음,없음,1084089,1893717,128.4455361,37.03823629
2015,2015-04-13 17:05,주,월,1,1,0,0,0,전남,장성군,차량단독,공작물충돌,공작물충돌,운전자법규위반,안전운전 의무 불이행,단일로,기타단일로,승용차,소형,없음,없음,934282,1710522,126.7763879,35.38822106
2015,2015-04-13 22:22,야,월,1,1,0,0,0,충북,청주시,차량단독,공작물충돌,공작물충돌,운전자법규위반,안전운전 의무 불이행,단일로,기타단일로,승용차,중형,없음,없음,987538,1847350,127.3606233,36.62393858
2015,2015-04-13 22:30,야,월,1,1,0,0,0,충남,공주시,차량단독,전도전복,전도전복,운전자법규위반,안전운전 의무 불이행,단일로,기타단일로,승용차,중형,없음,없음,964873,1823626,127.1082181,36.40950171
2015,2015-04-13 22:33,야,월,1,1,0,0,0,인천,서구,차량단독,공작물충돌,공작물충돌,운전자법규위반,안전운전 의무 불이행,단일로,기타단일로,승용차,중형,없음,없음,924119,1954591,126.6405246,37.58758972
2015,2015-04-14 0:35,야,화,1,1,0,0,0,경기,고양시,차대사람,차도통행중,차도통행중,운전자법규위반,안전운전 의무 불이행,단일로,기타단일로,승용차,중형,보행자,보행자,933444,1964347,126.7452476,37.67623924
2015,2015-04-14 0:45,야,화,1,1,0,0,0,전북,익산시,차대사람,횡단중,횡단중,운전자법규위반,신호위반,교차로,교차로내,승용차,중형,보행자,보행자,952053,1772819,126.9683416,35.95090765
2015,2015-04-14 1:23,야,화,1,1,0,0,0,경남,사천시,차대사람,차도통행중,차도통행중,운전자법규위반,안전운전 의무 불이행,단일로,기타단일로,승용차,중형,보행자,보행자,1052967,1675328,128.0809532,35.07164905
2015,2015-04-14 4:15,야,화,1,1,0,0,0,경기,광명시,차대차,추돌,주정차중 추돌,운전자법규위반,안전운전 의무 불이행,단일로,기타단일로,이륜차,중형,승용차,중형,944708,1942128,126.8746519,37.47672743
2015,2015-04-14 5:20,야,화,1,1,0,0,0,경기,성남시,차량단독,공작물충돌,공작물충돌,운전자법규위반,안전운전 의무 불이행,단일로,기타단일로,화물차,중형,없음,없음,964905,1929626,127.1036663,37.36502792
2015,2015-04-14 10:42,주,화,1,1,0,0,0,부산,동구,차대사람,기타,기타,운전자법규위반,안전운전 의무 불이행,교차로,교차로내,화물차,소형,보행자,보행자,1140229,1681818,129.038949,35.12179135
2015,2015-04-14 13:25,주,화,1,1,0,0,0,서울,강남구,차대사람,횡단중,횡단중,운전자법규위반,안전운전 의무 불이행,단일로,기타단일로,승용차,중형,보행자,보행자,964514,1943515,127.0985829,37.49020232
2015,2015-04-14 16:00,주,화,1,1,0,0,0,충남,아산시,차대사람,횡단중,횡단중,운전자법규위반,안전운전 의무 불이행,교차로,교차로내,승합차,중형,보행자,보행자,955499,1865945,127.0012205,36.79060591
2015,2015-04-14 20:00,야,화,1,1,0,0,0,충북,영동군,차대사람,차도통행중,차도통행중,운전자법규위반,안전운전 의무 불이행,단일로,기타단일로,승용차,중형,보행자,보행자,1022329,1794409,127.7482083,36.1464806
2015,2015-04-14 20:20,야,화,1,1,0,0,0,전북,군산시,차대사람,횡단중,횡단중,운전자법규위반,안전운전 의무 불이행,교차로,교차로내,승용차,소형,보행자,보행자,923722,1772084,126.6542902,35.94247906
2015,2015-04-14 21:20,야,화,1,1,0,0,0,경북,문경시,차대사람,횡단중,횡단중,운전자법규위반,안전운전 의무 불이행,단일로,터널안,화물차,중형,보행자,보행자,1047786,1861054,128.0352908,36.74635646
2015,2015-04-15 5:40,야,수,1,1,0,0,0,충남,공주시,차량단독,공작물충돌,공작물충돌,운전자법규위반,안전운전 의무 불이행,교차로,교차로부근,승용차,소형,없음,없음,965015,1830432,127.1094945,36.47086346
2015,2015-04-15 15:10,주,수,1,1,0,0,0,충남,금산군,차대차,측면충돌,측면충돌,운전자법규위반,교차로 통행방법 위반,교차로,교차로내,이륜차,소형,승용차,경형,1005061,1785263,127.5561993,36.06426626
2015,2015-04-15 15:20,주,수,1,1,0,0,0,경북,울진군,차대사람,길가장자리구역통행중,길가장자리구역통행중,운전자법규위반,안전운전 의무 불이행,단일로,기타단일로,승용차,경형,보행자,보행자,1162959,1900510,129.3335472,37.08906097