발생년,발생년월일시분,주야,요일,사망자수,사상자수,중상자수,경상자수,부상신고자수,발생지시도,발생지시군구,사고유형_대분류,사고유형_중분류,사고유형,법규위반_대분류,법규위반,도로형태_대분류,도로형태,가해자_당사자종별_대분류,가해자_당사자종별,피해자_당사자종별_대분류,피해자_당사자종별,발생위치X_UTMK,발생위치Y_UTMK,경도,위도
2015,2015-04-15 20:40,야,수,1,1,0,0,0,충북,제천시,차대사람,기타,기타,운전자법규위반,과속,교차로,교차로내,승합차,소형,보행자,보행자,1063378,1904614,128.2135913,37.13808471
2015,2015-04-15 21:40,야,수,1,1,0,0,0,서울,강동구,차량단독,공작물충돌,공작물충돌,운전자법규위반,안전운전 의무 불이행,단일로,기타단일로,승용차,중형,없음,없음,970865,1950729,127.1701379,37.55544783
2015,2015-04-15 21:32,야,수,1,1,0,0,0,전남,해남군,차대사람,횡단중,횡단중,운전자법규위반,안전운전 의무 불이행,교차로,교차로부근,승용차,중형,보행자,보행자,916012.1,1618596.7,126.5845107,34.55802126
2015,2015-04-16 17:05,주,목,1,1,0,0,0,충남,천안시,차대사람,횡단중,횡단중,운전자법규위반,안전운전 의무 불이행,교차로,교차로내,승합차,대형,보행자,보행자,965998,1867693,127.1188154,36.80679855
2015,2015-04-16 17:00,주,목,1,1,0,0,0,경북,울진군,차량단독,도로이탈,도로이탈 기타,운전자법규위반,안전운전 의무 불이행,교차로,교차로부근,화물차,소형,없음,없음,1175171,1862522,129.46209,36.74461463
2015,2015-04-16 20:25,야,목,1,1,0,0,0,울산,남구,차대사람,기타,기타,운전자법규위반,안전운전 의무 불이행,교차로,교차로부근,승용차,중형,보행자,보행자,1160000,1730190,129.2653002,35.55480366
2015,2015-04-17 1:41,야,금,1,1,0,0,0,서울,서초구,차량단독,도로이탈,도로이탈 기타,운전자법규위반,안전운전 의무 불이행,단일로,기타단일로,승용차,중형,없음,없음,957410,1946786,127.0180354,37.51938459
2015,2015-04-17 1:57,야,금,1,1,0,0,0,경기,양평군,차량단독,공작물충돌,공작물충돌,운전자법규위반,안전운전 의무 불이행,단일로,기타단일로,승용차,중형,없음,없음,1006647,1942820,127.5751853,37.48459584
2015,2015-04-17 5:35,야,금,1,1,0,0,0,서울,영등포구,차대사람,보도통행중,보도통행중,운전자법규위반,보행자 보호의무 위반,단일로,횡단보도상,승용차,중형,보행자,보행자,947360,1944953,126.9044422,37.50234463
2015,2015-04-17 11:03,주,금,1,1,0,0,0,경남,진주시,차대사람,기타,기타,운전자법규위반,안전운전 의무 불이행,단일로,기타단일로,화물차,중형,보행자,보행자,1059227,1686294,128.1503959,35.17017766
2015,2015-04-17 12:40,주,금,1,1,0,0,0,전남,완도군,차대차,측면충돌,측면충돌,운전자법규위반,앞지르기 금지위반,교차로,교차로내,특수차,대형,농기계,농기계,936309,1602435,126.806942,34.413741
2015,2015-04-17 20:44,야,금,1,1,0,0,0,서울,서초구,차량단독,기타,기타,운전자법규위반,안전운전 의무 불이행,단일로,터널안,이륜차,대형,없음,없음,959076,1940166,127.0372562,37.45979139
2015,2015-04-17 20:45,야,금,1,1,0,0,0,대구,북구,차대차,측면충돌,측면충돌,운전자법규위반,신호위반,교차로,교차로내,승용차,대형,이륜차,대형,1094435,1768888,128.5466132,35.91208156
2015,2015-04-17 21:35,야,금,1,1,0,0,0,경기,부천시,차대사람,횡단중,횡단중,운전자법규위반,보행자 보호의무 위반,단일로,횡단보도상,승용차,중형,보행자,보행자,936784,1946284,126.7846809,37.51367705
2015,2015-04-17 23:30,야,금,1,1,0,0,0,서울,강서구,차대사람,기타,기타,운전자법규위반,안전운전 의무 불이행,교차로,교차로부근,화물차,소형,보행자,보행자,942783,1951757,126.8521316,37.56339694
2015,2015-04-17 23:00,야,금,1,1,0,0,0,전북,완주군,차대차,기타,기타,운전자법규위반,안전운전 의무 불이행,단일로,기타단일로,화물차,소형,화물차,대형,975550,1762029,127.2292149,35.85449645
2015,2015-04-18 0:48,야,토,1,1,0,0,0,대구,달서구,차대사람,기타,기타,운전자법규위반,안전운전 의무 불이행,단일로,횡단보도부근,승용차,중형,보행자,보행자,1093233,1757504,128.5319623,35.80957376
2015,2015-04-18 8:00,주,토,1,1,0,0,0,충남,금산군,차대차,측면충돌,측면충돌,운전자법규위반,신호위반,교차로,교차로내,이륜차,소형,승용차,중형,999990,1789498,127.4998889,36.10246142
2015,2015-04-18 9:30,주,토,1,1,0,0,0,경기,안성시,차량단독,전도전복,전도전복,운전자법규위반,안전운전 의무 불이행,단일로,기타단일로,이륜차,대형,없음,없음,1001283,1900355,127.5144389,37.10184011
2015,2015-04-18 13:08,주,토,1,1,0,0,0,서울,마포구,차대사람,기타,기타,운전자법규위반,안전운전 의무 불이행,단일로,기타단일로,건설기계,건설기계,보행자,보행자,948794,1951824,126.9201861,37.56435469
2015,2015-04-18 13:00,주,토,1,1,0,0,0,충남,아산시,차량단독,도로이탈,도로이탈 기타,운전자법규위반,안전운전 의무 불이행,단일로,기타단일로,이륜차,대형,없음,없음,963991,1866175,127.0963879,36.79304028
2015,2015-04-18 18:18,야,토,1,1,0,0,0,충남,당진시,차량단독,공작물충돌,공작물충돌,운전자법규위반,안전운전 의무 불이행,단일로,기타단일로,화물차,소형,없음,없음,938806,1864359,126.8142586,36.77537786
2015,2015-04-18 20:00,야,토,1,1,0,0,0,경북,성주군,차대사람,횡단중,횡단중,운전자법규위반,안전운전 의무 불이행,기타/불명,기타/불명,승용차,경형,보행자,보행자,1078029,1765485,128.3644741,35.88285043
2015,2015-04-18 20:40,야,토,1,1,0,0,0,경남,통영시,차대사람,차도통행중,차도통행중,운전자법규위반,안전운전 의무 불이행,단일로,기타단일로,승용차,중형,보행자,보행자,1083763,1649862,128.4161401,34.83995058
2015,2015-04-19 3:40,야,일,1,1,0,0,0,대구,달서구,차대사람,횡단중,횡단중,운전자법규위반,과속,단일로,기타단일로,승용차,중형,보행자,보행자,1093074,1761793,128.5307025,35.84825307
2015,2015-04-19 4:13,야,일,1,1,0,0,0,충남,홍성군,차대사람,차도통행중,차도통행중,운전자법규위반,안전운전 의무 불이행,단일로,기타단일로,승용차,중형,보행자,보행자,925903.8,1845053.5,126.6715576,36.60043769
2015,2015-04-19 4:45,야,일,1,1,0,0,0,경남,김해시,차대사람,횡단중,횡단중,운전자법규위반,안전운전 의무 불이행,단일로,횡단보도상,승용차,중형,보행자,보행자,1119048,1690795,128.807851,35.20544597
2015,2015-04-19 5:30,야,일,1,1,0,0,0,강원,강릉시,차대차,추돌,주정차중 추돌,운전자법규위반,안전운전 의무 불이행,교차로,교차로내,승용차,대형,승용차,대형,1124489.5,1973459.7,128.9131431,37.75231725
2015,2015-04-19 13:10,주,일,1,1,0,0,0,경북,경주시,차량단독,공작물충돌,공작물충돌,운전자법규위반,안전운전 의무 불이행,단일로,기타단일로,승용차,중형,없음,없음,1164668,1744077,129.3196134,35.67918793
2015,2015-04-19 20:10,야,일,1,1,0,0,0,경기,파주시,차대차,추돌,주정차중 추돌,운전자법규위반,안전운전 의무 불이행,단일로,기타단일로,승용차,경형,화물차,중형,939333,1980727,126.8106567,37.82427457
2015,2015-04-19 20:30,야,일,1,1,0,0,0,경북,경산시,차대사람,횡단중,횡단중,운전자법규위반,안전운전 의무 불이행,단일로,기타단일로,승용차,대형,보행자,보행자,1112068,1757829,128.7404455,35.81053318
2015,2015-04-19 21:39,야,일,1,1,0,0,0,전북,고창군,차량단독,공작물충돌,공작물충돌,운전자법규위반,안전운전 의무 불이행,단일로,기타단일로,승용차,중형,없음,없음,926325,1714026,126.6884652,35.4192564
2015,2015-04-19 23:14,야,일,1,1,0,0,0,경기,이천시,차량단독,전도전복,전도전복,운전자법규위반,안전운전 의무 불이행,단일로,기타단일로,이륜차,사발이,없음,없음,1007650,1900859,127.5860982,37.10635293
2015,2015-04-19 23:20,야,일,1,1,0,0,0,경기,구리시,차대사람,횡단중,횡단중,운전자법규위반,안전운전 의무 불이행,단일로,기타단일로,승합차,중형,보행자,보행자,968687,1955995,127.1452543,37.60284079
2015,2015-04-20 4:50,야,월,1,1,0,0,0,충북,청주시,차대사람,횡단중,횡단중,운전자법규위반,보행자 보호의무 위반,단일로,횡단보도상,화물차,소형,보행자,보행자,995542,1847988,127.4501374,36.62976123
2015,2015-04-20 4:50,야,월,1,1,0,0,0,전남,목포시,차대사람,길가장자리구역통행중,길가장자리구역통행중,운전자법규위반,안전운전 의무 불이행,단일로,기타단일로,승용차,중형,보행자,보행자,900941,1646883,126.4169393,34.81171675
2015,2015-04-20 5:45,야,월,1,1,0,0,0,대구,수성구,차대사람,횡단중,횡단중,운전자법규위반,보행자 보호의무 위반,단일로,횡단보도부근,승용차,중형,보행자,보행자,1102739,1759064,128.6373636,35.8226871
2015,2015-04-20 5:40,야,월,1,1,0,0,0,울산,중구,차대사람,횡단중,횡단중,운전자법규위반,안전운전 의무 불이행,단일로,기타단일로,승용차,중형,보행자,보행자,1161542,1730148,129.2822976,35.55417489
2015,2015-04-20 7:50,주,월,1,1,0,0,0,경북,성주군,차량단독,도로이탈,도로이탈 기타,운전자법규위반,안전운전 의무 불이행,기타/불명,기타/불명,승용차,중형,없음,없음,1074054,1768889,128.3207565,35.91384693
2015,2015-04-20 11:25,주,월,1,1,0,0,0,경기,포천시,차량단독,공작물충돌,공작물충돌,운전자법규위반,안전운전 의무 불이행,단일로,기타단일로,승용차,중형,없음,없음,987344,2000806,127.3558358,38.00717603
2015,2015-04-20 13:23,주,월,1,1,0,0,0,서울,서대문구,차대사람,횡단중,횡단중,운전자법규위반,안전운전 의무 불이행,단일로,기타단일로,승합차,대형,보행자,보행자,950716,1954760,126.9417508,37.59092208
2015,2015-04-20 14:22,주,월,1,1,0,0,0,서울,구로구,차대차,기타,기타,운전자법규위반,안전운전 의무 불이행,교차로,교차로부근,승용차,중형,원동기장치자전거,원동기장치자전거,947083,1942791,126.901464,37.48284229
2015,2015-04-20 15:25,주,월,1,1,0,0,0,서울,광진구,차대차,측면충돌,측면충돌,운전자법규위반,안전거리 미확보,단일로,기타단일로,승합차,경형,원동기장치자전거,원동기장치자전거,962615,1951818,127.0766792,37.56496546
2015,2015-04-20 16:10,주,월,1,1,0,0,0,강원,횡성군,차량단독,도로이탈,도로이탈 추락,운전자법규위반,안전운전 의무 불이행,단일로,기타단일로,건설기계,건설기계,없음,없음,1068707,1954352,128.278203,37.58599937
2015,2015-04-20 21:18,야,월,1,1,0,0,0,경기,수원시,차량단독,기타,기타,운전자법규위반,안전운전 의무 불이행,단일로,기타단일로,자전거,자전거,없음,없음,956136,1921164,127.00514,37.28838161
2015,2015-04-21 5:22,야,화,1,1,0,0,0,광주,북구,차대사람,횡단중,횡단중,운전자법규위반,안전운전 의무 불이행,단일로,횡단보도상,화물차,소형,보행자,보행자,945362,1685041,126.9000782,35.15913981
2015,2015-04-21 6:30,주,화,1,1,0,0,0,경북,상주시,차량단독,공작물충돌,공작물충돌,운전자법규위반,안전운전 의무 불이행,단일로,기타단일로,승용차,소형,없음,없음,1061714,1827741,128.188627,36.44525607
2015,2015-04-21 6:25,주,화,1,1,0,0,0,울산,울주군,차대차,추돌,진행중 추돌,운전자법규위반,안전거리 미확보,단일로,기타단일로,승용차,대형,농기계,농기계,1168501,1708523,129.354562,35.35813093
2015,2015-04-21 7:37,주,화,1,1,0,0,0,강원,철원군,차량단독,공작물충돌,공작물충돌,운전자법규위반,안전운전 의무 불이행,단일로,기타단일로,승용차,중형,없음,없음,1003702,2030465,127.5423236,38.27456394
2015,2015-04-21 11:05,주,화,1,1,0,0,0,충북,충주시,차대사람,기타,기타,운전자법규위반,안전운전 의무 불이행,단일로,기타단일로,화물차,소형,보행자,보행자,1038065,1893760,127.928044,37.04161944
2015,2015-04-21 19:53,야,화,1,1,0,0,0,전남,영암군,차대차,기타,기타,운전자법규위반,안전운전 의무 불이행,단일로,기타단일로,승용차,중형,화물차,소형,930380,1643606,126.7390515,34.78460736
2015,2015-04-21 22:52,야,화,1,1,0,0,0,경기,부천시,차대차,측면충돌,측면충돌,운전자법규위반,신호위반,교차로,교차로내,이륜차,소형,승용차,중형,936014,1945171,126.7760655,37.50359257
2015,2015-04-21 22:50,야,화,1,1,0,0,0,경북,상주시,차대차,기타,기타,운전자법규위반,중앙선 침범,단일로,기타단일로,화물차,중형,화물차,중형,1058308,1822500,128.1502299,36.39822308
2015,2015-04-21 23:10,야,화,1,1,0,0,0,충북,청주시,차량단독,공작물충돌,공작물충돌,운전자법규위반,안전운전 의무 불이행,단일로,기타단일로,승용차,대형,없음,없음,993214,1855685,127.4240306,36.69913542
2015,2015-04-21 23:15,야,화,1,1,0,0,0,광주,남구,차대사람,기타,기타,운전자법규위반,보행자 보호의무 위반,단일로,횡단보도상,승용차,소형,보행자,보행자,944202,1683128,126.8874713,35.14182713
2015,2015-04-22 23:25,야,수,1,1,0,0,0,경기,화성시,차대사람,횡단중,횡단중,운전자법규위반,안전운전 의무 불이행,단일로,기타단일로,승용차,중형,보행자,보행자,959518,1912636,127.0437572,37.21166561
2015,2015-04-23 0:39,야,목,1,1,0,0,0,충남,천안시,차량단독,공작물충돌,공작물충돌,운전자법규위반,안전운전 의무 불이행,단일로,기타단일로,승용차,소형,없음,없음,967066,1859445,127.1311444,36.73248397
2015,2015-04-23 9:00,주,목,1,1,0,0,0,경기,화성시,차대차,기타,기타,운전자법규위반,안전운전 의무 불이행,단일로,기타단일로,원동기장치자전거,원동기장치자전거,건설기계,건설기계,937752,1893773,126.8000301,37.04044398
2015,2015-04-23 9:40,주,목,1,1,0,0,0,충남,천안시,차대사람,횡단중,횡단중,운전자법규위반,안전운전 의무 불이행,교차로,교차로내,승용차,소형,보행자,보행자,966753,1867216,127.1273001,36.80252545
2015,2015-04-23 11:10,주,목,1,1,0,0,0,전북,남원시,차량단독,전도전복,전도전복,운전자법규위반,안전운전 의무 불이행,기타/불명,기타/불명,이륜차,대형,없음,없음,997179,1717417,127.4689134,35.45255504
2015,2015-04-23 13:23,주,목,1,1,0,0,0,전북,군산시,차대차,정면충돌,정면충돌,운전자법규위반,부당한 회전,교차로,교차로내,자전거,자전거,승용차,소형,929270,1773921,126.7156329,35.95945754
2015,2015-04-23 14:46,주,목,1,1,0,0,0,경북,경주시,차대사람,횡단중,횡단중,운전자법규위반,안전운전 의무 불이행,단일로,횡단보도상,건설기계,건설기계,보행자,보행자,1162935,1754451,129.3025776,35.7729651
2015,2015-04-23 19:40,야,목,1,1,0,0,0,경기,의정부시,차대사람,기타,기타,운전자법규위반,안전운전 의무 불이행,교차로,교차로부근,승용차,중형,보행자,보행자,960961,1970289,127.0569632,37.73137909
2015,2015-04-23 19:30,야,목,1,1,0,0,0,경기,시흥시,차대사람,횡단중,횡단중,운전자법규위반,안전운전 의무 불이행,단일로,기타단일로,화물차,중형,보행자,보행자,937370,1937981,126.7920177,37.43888198
2015,2015-04-23 21:57,야,목,1,1,0,0,0,강원,원주시,차대사람,횡단중,횡단중,운전자법규위반,안전운전 의무 불이행,교차로,교차로부근,승용차,중형,보행자,보행자,1040569,1934885,127.9584394,37.41220687
2015,2015-04-24 2:30,야,금,1,1,0,0,0,대전,서구,차대차,추돌,진행중 추돌,운전자법규위반,안전운전 의무 불이행,단일로,기타단일로,승용차,중형,화물차,대형,983094,1811685,127.3117003,36.30234312
2015,2015-04-24 13:50,주,금,1,1,0,0,0,전남,구례군,차대사람,기타,기타,운전자법규위반,안전운전 의무 불이행,단일로,기타단일로,화물차,소형,보행자,보행자,997385,1690601,127.4712691,35.21075718
2015,2015-04-24 14:17,주,금,1,1,0,0,0,서울,용산구,차대차,정면충돌,정면충돌,운전자법규위반,안전운전 의무 불이행,단일로,기타단일로,불명,불명,승용차,중형,955279,1947015,126.9939071,37.52134776
2015,2015-04-24 15:40,주,금,1,1,0,0,0,전북,정읍시,차대차,측면충돌,측면충돌,운전자법규위반,직진 및 우회전차의 통행방해,교차로,교차로내,이륜차,중형,화물차,소형,935918,1724748,126.7932798,35.51659036
2015,2015-04-24 17:55,주,금,1,1,0,0,0,전북,군산시,차대차,측면충돌,측면충돌,운전자법규위반,직진 및 우회전차의 통행방해,교차로,교차로내,화물차,경형,이륜차,소형,930781,1775819,126.7322223,35.97667669
2015,2015-04-24 18:05,야,금,1,1,0,0,0,경북,김천시,차량단독,전도전복,전도전복,운전자법규위반,안전운전 의무 불이행,단일로,기타단일로,원동기장치자전거,원동기장치자전거,없음,없음,1049502,1794140,128.0502362,36.14304861
2015,2015-04-24 19:42,야,금,1,1,0,0,0,충남,보령시,차대사람,횡단중,횡단중,운전자법규위반,안전운전 의무 불이행,단일로,기타단일로,승합차,소형,보행자,보행자,919505,1814361,126.6032145,36.32325258
2015,2015-04-25 3:00,야,토,1,1,0,0,0,대구,수성구,차량단독,공작물충돌,공작물충돌,운전자법규위반,안전운전 의무 불이행,단일로,기타단일로,승용차,중형,없음,없음,1100827,1757631,128.6160198,35.80996773
2015,2015-04-25 11:02,주,토,1,1,0,0,0,강원,춘천시,차대사람,횡단중,횡단중,운전자법규위반,보행자 보호의무 위반,단일로,기타단일로,승용차,중형,보행자,보행자,1020293,1984492,127.7306966,37.86000029
2015,2015-04-25 18:56,야,토,1,1,0,0,0,강원,태백시,차대사람,기타,기타,운전자법규위반,안전운전 의무 불이행,단일로,기타단일로,승용차,중형,보행자,보행자,1134024.9,1901240.8,129.008237,37.10023271
2015,2015-04-25 20:29,야,토,1,1,0,0,0,서울,양천구,차대사람,횡단중,횡단중,운전자법규위반,보행자 보호의무 위반,단일로,횡단보도부근,승용차,중형,보행자,보행자,945175,1949906,126.8793531,37.5468593
2015,2015-04-25 20:07,야,토,1,1,0,0,0,강원,철원군,차대사람,횡단중,횡단중,운전자법규위반,과속,단일로,기타단일로,승용차,중형,보행자,보행자,993389,2021984,127.424498,38.19811197
2015,2015-04-25 23:19,야,토,1,1,0,0,0,강원,원주시,차대사람,횡단중,횡단중,운전자법규위반,안전운전 의무 불이행,단일로,기타단일로,승용차,중형,보행자,보행자,1040687,1925199,127.9592403,37.32489619
2015,2015-04-26 0:40,야,일,1,1,0,0,0,충북,충주시,차량단독,공작물충돌,공작물충돌,운전자법규위반,안전운전 의무 불이행,단일로,기타단일로,화물차,소형,없음,없음,1048839,1871109,128.0477307,36.83694194
2015,2015-04-26 3:50,야,일,1,1,0,0,0,강원,원주시,차대사람,횡단중,횡단중,운전자법규위반,안전운전 의무 불이행,단일로,기타단일로,승용차,중형,보행자,보행자,1039574,1927555,127.9468038,37.34618042
2015,2015-04-26 12:20,주,일,1,1,0,0,0,경북,영주시,차대차,측면충돌,측면충돌,운전자법규위반,안전운전 의무 불이행,교차로,교차로내,농기계,농기계,이륜차,중형,1094875,1872820,128.5641781,36.8488642
2015,2015-04-26 15:00,주,일,1,1,0,0,0,경기,양평군,차량단독,기타,기타,운전자법규위반,안전운전 의무 불이행,단일로,기타단일로,자전거,자전거,없음,없음,986998,1956079,127.3526975,37.60403915
2015,2015-04-26 19:24,야,일,1,1,0,0,0,경기,구리시,차대사람,보도통행중,보도통행중,운전자법규위반,기타(운전자법규위반),단일로,횡단보도상,화물차,소형,보행자,보행자,968433,1959280,127.1422349,37.63244083
2015,2015-04-26 19:00,야,일,1,1,0,0,0,강원,속초시,차량단독,전도전복,전도전복,운전자법규위반,안전운전 의무 불이행,단일로,기타단일로,원동기장치자전거,원동기장치자전거,없음,없음,1091298,2023039,128.5427397,38.20301363
2015,2015-04-26 19:45,야,일,1,1,0,0,0,강원,양양군,차대사람,횡단중,횡단중,운전자법규위반,과속,교차로,교차로부근,화물차,중형,보행자,보행자,1099191,2008715,128.6308782,38.07310593
2015,2015-04-26 20:20,야,일,1,1,0,0,0,서울,강북구,차대사람,기타,기타,운전자법규위반,안전운전 의무 불이행,단일로,기타단일로,화물차,경형,보행자,보행자,956915,1960810,127.011609,37.64576289
2015,2015-04-26 20:25,야,일,1,1,0,0,0,전북,군산시,차량단독,도로이탈,도로이탈 추락,운전자법규위반,안전운전 의무 불이행,단일로,기타단일로,화물차,소형,없음,없음,937425,1768805,126.8064652,35.91389185
2015,2015-04-26 21:57,야,일,1,1,0,0,0,충남,청양군,차대차,정면충돌,정면충돌,운전자법규위반,중앙선 침범,단일로,기타단일로,이륜차,중형,승용차,중형,930173,1826027,126.7210068,36.42924879
2015,2015-04-26 23:42,야,일,1,1,0,0,0,경기,수원시,차대차,측면충돌,측면충돌,운전자법규위반,교차로 통행방법 위반,교차로,교차로내,이륜차,소형,화물차,소형,957302,1920437,127.0183358,37.28188293
2015,2015-04-27 5:00,야,월,1,1,0,0,0,경기,안양시,차대사람,횡단중,횡단중,운전자법규위반,안전운전 의무 불이행,단일로,기타단일로,승용차,중형,보행자,보행자,952050,1929793,126.9584869,37.36595765
2015,2015-04-27 6:50,주,월,1,1,0,0,0,인천,연수구,차대사람,기타,기타,운전자법규위반,기타(운전자법규위반),단일로,기타단일로,특수차,대형,보행자,보행자,923681,1936240,126.6374691,37.42216267
2015,2015-04-27 11:05,주,월,1,1,0,0,0,전남,목포시,차대사람,횡단중,횡단중,운전자법규위반,안전운전 의무 불이행,교차로,교차로부근,승합차,대형,보행자,보행자,901620,1646267,126.4244342,34.80622865
2015,2015-04-27 11:10,주,월,1,1,0,0,0,경남,거제시,차대사람,차도통행중,차도통행중,운전자법규위반,중앙선 침범,교차로,교차로부근,화물차,중형,보행자,보행자,1105654,1658318,128.656597,34.91414939
2015,2015-04-27 17:00,주,월,1,1,0,0,0,충남,천안시,차대차,정면충돌,정면충돌,운전자법규위반,안전운전 의무 불이행,기타/불명,기타/불명,승용차,소형,자전거,자전거,967017,1865910,127.1303161,36.79076168
2015,2015-04-27 18:30,야,월,1,1,0,0,0,대구,달성군,차대사람,기타,기타,운전자법규위반,안전운전 의무 불이행,교차로,교차로부근,승용차,중형,보행자,보행자,1088586,1756519,128.4804241,35.80112458
2015,2015-04-27 19:54,야,월,1,1,0,0,0,전남,여수시,차대사람,횡단중,횡단중,운전자법규위반,안전운전 의무 불이행,단일로,횡단보도상,승용차,중형,보행자,보행자,1010205,1649619,127.6116183,34.84115818
2015,2015-04-27 21:10,야,월,1,1,0,0,0,전북,전주시,차대사람,횡단중,횡단중,운전자법규위반,안전운전 의무 불이행,단일로,기타단일로,화물차,소형,보행자,보행자,967873,1758529,127.1443339,35.82271871
2015,2015-04-27 23:10,야,월,1,1,0,0,0,대구,북구,차대사람,횡단중,횡단중,운전자법규위반,안전운전 의무 불이행,단일로,기타단일로,승용차,소형,보행자,보행자,1098920,1767522,128.5961421,35.89932433
2015,2015-04-28 9:10,주,화,1,1,0,0,0,경남,거창군,차대차,정면충돌,정면충돌,운전자법규위반,중앙선 침범,단일로,기타단일로,이륜차,중형,화물차,소형,1028474,1754107,127.8150682,35.78296236
2015,2015-04-28 13:25,주,화,1,1,0,0,0,대구,달성군,차대차,측면충돌,측면충돌,운전자법규위반,기타(운전자법규위반),단일로,기타단일로,승용차,대형,자전거,자전거,1090615,1756536,128.5028789,35.80109262
2015,2015-04-28 15:30,주,화,1,1,0,0,0,부산,강서구,차대사람,차도통행중,차도통행중,운전자법규위반,안전운전 의무 불이행,교차로,교차로내,승용차,경형,보행자,보행자,1130243,1680062,128.9291123,35.10730378
2015,2015-04-28 15:40,주,화,1,1,0,0,0,경기,화성시,차대사람,보도통행중,보도통행중,운전자법규위반,보행자 보호의무 위반,단일로,기타단일로,승합차,대형,보행자,보행자,962514,1913378,127.0774848,37.21847913
2015,2015-04-28 15:00,주,화,1,1,0,0,0,전북,전주시,차대사람,차도통행중,차도통행중,운전자법규위반,안전거리 미확보,교차로,교차로부근,승용차,중형,보행자,보행자,968136,1757186,127.1472989,35.81061874
2015,2015-04-28 19:30,야,화,1,1,0,0,0,경기,파주시,차대사람,횡단중,횡단중,운전자법규위반,보행자 보호의무 위반,단일로,기타단일로,승용차,소형,보행자,보행자,930459,1969856,126.7108741,37.72566765
2015,2015-04-28 19:50,야,화,1,1,0,0,0,충남,홍성군,차대사람,차도통행중,차도통행중,운전자법규위반,안전운전 의무 불이행,단일로,기타단일로,승합차,소형,보행자,보행자,914562,1848070,126.5444285,36.62667883
2015,2015-04-28 20:43,야,화,1,1,0,0,0,경기,파주시,차대사람,기타,기타,운전자법규위반,안전운전 의무 불이행,단일로,기타단일로,승합차,대형,보행자,보행자,929646,1969609,126.7016732,37.72337946
2015,2015-04-29 1:55,야,수,1,1,0,0,0,서울,서초구,차대사람,기타,기타,운전자법규위반,안전운전 의무 불이행,단일로,기타단일로,승용차,중형,보행자,보행자,962214,1939937,127.0727496,37.45786091
2015,2015-04-29 5:10,야,수,1,1,0,0,0,경북,영양군,차량단독,공작물충돌,공작물충돌,운전자법규위반,안전운전 의무 불이행,단일로,기타단일로,화물차,소형,없음,없음,1141522,1840819,129.0813289,36.55465527
2015,2015-04-29 8:00,주,수,1,1,0,0,0,충남,서산시,차량단독,공작물충돌,공작물충돌,운전자법규위반,안전운전 의무 불이행,단일로,기타단일로,화물차,소형,없음,없음,901127,1858327,126.3928661,36.71782791
2015,2015-04-29 10:50,주,수,1,1,0,0,0,경기,남양주시,차량단독,공작물충돌,공작물충돌,운전자법규위반,안전운전 의무 불이행,단일로,기타단일로,승용차,중형,없음,없음,966682,1961482,127.1222898,37.65222617
2015,2015-04-29 14:15,주,수,1,1,0,0,0,전북,김제시,차대사람,길가장자리구역통행중,길가장자리구역통행중,운전자법규위반,안전운전 의무 불이행,단일로,기타단일로,승용차,중형,보행자,보행자,938450,1762662,126.8182997,35.85857486
2015,2015-04-29 15:12,주,수,1,1,0,0,0,경기,평택시,차대사람,기타,기타,운전자법규위반,안전운전 의무 불이행,단일로,기타단일로,승용차,소형,보행자,보행자,957375,1891112,127.02083,37.01755411
2015,2015-04-29 18:30,야,수,1,1,0,0,0,전남,보성군,차량단독,공작물충돌,공작물충돌,운전자법규위반,안전운전 의무 불이행,단일로,기타단일로,승용차,중형,없음,없음,985732,1649019,127.3439525,34.83569869
2015,2015-04-29 18:05,야,수,1,1,0,0,0,경남,김해시,차대차,측면충돌,측면충돌,운전자법규위반,안전운전 의무 불이행,교차로,교차로내,화물차,중형,이륜차,소형,1118246,1704166,128.8009679,35.3260766
2015,2015-04-29 19:46,야,수,1,1,0,0,0,강원,태백시,차대차,추돌,주정차중 추돌,운전자법규위반,안전운전 의무 불이행,단일로,기타단일로,원동기장치자전거,원동기장치자전거,화물차,중형,1132694,1906375,128.9941738,37.14668739
2015,2015-04-29 20:24,야,수,1,1,0,0,0,경북,영천시,차대사람,길가장자리구역통행중,길가장자리구역통행중,운전자법규위반,안전운전 의무 불이행,단일로,기타단일로,승합차,소형,보행자,보행자,1121967,1777856,128.8530576,35.98986774
2015,2015-04-29 22:11,야,수,1,1,0,0,0,전남,목포시,차대차,측면충돌,측면충돌,운전자법규위반,안전운전 의무 불이행,교차로,교차로부근,승합차,중형,자전거,자전거,902949,1645943,126.4389991,34.80343495
2015,2015-04-29 23:50,야,수,1,1,0,0,0,경남,통영시,차대사람,차도통행중,차도통행중,운전자법규위반,안전운전 의무 불이행,단일로,기타단일로,승용차,대형,보행자,보행자,1086862,1654333,128.4504943,34.88000295
2015,2015-04-30 9:55,주,목,1,1,0,0,0,인천,중구,차량단독,공작물충돌,공작물충돌,운전자법규위반,안전운전 의무 불이행,교차로,교차로내,승용차,중형,없음,없음,900465,1941382,126.3744367,37.4662971