발생년,발생년월일시분,주야,요일,사망자수,사상자수,중상자수,경상자수,부상신고자수,발생지시도,발생지시군구,사고유형_대분류,사고유형_중분류,사고유형,법규위반_대분류,법규위반,도로형태_대분류,도로형태,가해자_당사자종별_대분류,가해자_당사자종별,피해자_당사자종별_대분류,피해자_당사자종별,발생위치X_UTMK,발생위치Y_UTMK,경도,위도
2015,2015-05-16 12:35,주,토,1,1,0,0,0,경기,이천시,차대차,기타,기타,운전자법규위반,부당한 회전,교차로,교차로내,원동기장치자전거,원동기장치자전거,승용차,소형,996307,1917881,127.4583523,37.25981573
2015,2015-05-16 14:22,주,토,1,1,0,0,0,경기,성남시,차대사람,기타,기타,운전자법규위반,안전운전 의무 불이행,교차로,교차로내,화물차,소형,보행자,보행자,965473,1926687,127.1102177,37.33855802
2015,2015-05-16 16:30,주,토,1,1,0,0,0,서울,중랑구,차량단독,공작물충돌,공작물충돌,운전자법규위반,안전운전 의무 불이행,단일로,기타단일로,원동기장치자전거,원동기장치자전거,없음,없음,964157,1953940,127.0940355,37.58415305
2015,2015-05-16 18:00,야,토,1,1,0,0,0,경기,포천시,차대차,측면충돌,측면충돌,운전자법규위반,직진 및 우회전차의 통행방해,교차로,교차로내,화물차,중형,원동기장치자전거,원동기장치자전거,983110,1989953,127.3078616,37.90928987
2015,2015-05-16 19:46,야,토,1,1,0,0,0,경북,울진군,차량단독,공작물충돌,공작물충돌,운전자법규위반,안전운전 의무 불이행,단일로,기타단일로,승용차,중형,없음,없음,1166411,1899474,129.3721393,37.07912038
2015,2015-05-16 21:00,야,토,1,1,0,0,0,경북,포항시,차량단독,전도전복,전도전복,운전자법규위반,안전운전 의무 불이행,단일로,기타단일로,화물차,소형,없음,없음,1156208,1786201,129.2344236,36.06018653
2015,2015-05-16 22:25,야,토,1,1,0,0,0,대전,유성구,차대사람,횡단중,횡단중,운전자법규위반,과속,단일로,기타단일로,승용차,중형,보행자,보행자,982316,1815554,127.3029471,36.33720977
2015,2015-05-16 23:00,야,토,1,1,0,0,0,경북,경주시,차대사람,기타,기타,운전자법규위반,안전운전 의무 불이행,단일로,기타단일로,승용차,소형,보행자,보행자,1144489,1762137,129.0999714,35.8451221
2015,2015-05-17 6:50,주,일,1,1,0,0,0,경남,통영시,차대차,정면충돌,정면충돌,운전자법규위반,중앙선 침범,단일로,기타단일로,승용차,중형,건설기계,건설기계,1084963,1653226,128.4296044,34.87018243
2015,2015-05-17 6:45,주,일,1,1,0,0,0,경남,남해군,차대사람,길가장자리구역통행중,길가장자리구역통행중,운전자법규위반,안전운전 의무 불이행,단일로,기타단일로,화물차,소형,보행자,보행자,1030593,1653347,127.8347482,34.8743664
2015,2015-05-17 10:13,주,일,1,1,0,0,0,경기,부천시,차대사람,횡단중,횡단중,운전자법규위반,보행자 보호의무 위반,교차로,교차로부근,승합차,대형,보행자,보행자,938565,1947990,126.8046897,37.5291735
2015,2015-05-17 13:15,주,일,1,1,0,0,0,충북,옥천군,차량단독,공작물충돌,공작물충돌,운전자법규위반,안전운전 의무 불이행,단일로,기타단일로,자전거,자전거,없음,없음,1017418.2,1822028.1,127.6942361,36.39558083
2015,2015-05-17 16:00,주,일,1,1,0,0,0,충북,충주시,차대사람,기타,기타,운전자법규위반,안전운전 의무 불이행,단일로,기타단일로,승용차,중형,보행자,보행자,1032525,1890263,127.8655964,37.01030515
2015,2015-05-17 18:40,야,일,1,1,0,0,0,경기,안산시,차대차,추돌,진행중 추돌,운전자법규위반,안전운전 의무 불이행,교차로,교차로내,승합차,대형,원동기장치자전거,원동기장치자전거,937142,1924022,126.7906264,37.31305178
2015,2015-05-17 20:00,야,일,1,1,0,0,0,경북,영천시,차대사람,차도통행중,차도통행중,운전자법규위반,중앙선 침범,단일로,기타단일로,화물차,소형,보행자,보행자,1110932,1785952,128.7318016,36.06416173
2015,2015-05-17 21:53,야,일,1,1,0,0,0,경북,문경시,차량단독,공작물충돌,공작물충돌,운전자법규위반,안전운전 의무 불이행,단일로,터널안,승용차,중형,없음,없음,1048015,1861104,128.037859,36.74679561
2015,2015-05-18 5:08,야,월,1,1,0,0,0,인천,서구,차대사람,차도통행중,차도통행중,운전자법규위반,안전운전 의무 불이행,단일로,기타단일로,승합차,소형,보행자,보행자,926853,1946098,126.6723355,37.51126672
2015,2015-05-18 10:10,주,월,1,1,0,0,0,전남,보성군,차대사람,차도통행중,차도통행중,운전자법규위반,안전운전 의무 불이행,교차로,교차로내,화물차,소형,보행자,보행자,971714,1642520,127.1908597,34.77680005
2015,2015-05-18 12:40,주,월,1,1,0,0,0,부산,사하구,차대사람,기타,기타,운전자법규위반,안전운전 의무 불이행,단일로,기타단일로,화물차,대형,보행자,보행자,1134270,1676998,128.9727896,35.07915503
2015,2015-05-18 19:45,야,월,1,1,0,0,0,경기,부천시,차대사람,차도통행중,차도통행중,운전자법규위반,안전운전 의무 불이행,교차로,교차로내,승용차,중형,보행자,보행자,937878,1942010,126.7974202,37.47522982
2015,2015-05-18 20:25,야,월,1,1,0,0,0,전북,김제시,차대차,추돌,진행중 추돌,운전자법규위반,안전운전 의무 불이행,단일로,기타단일로,화물차,소형,자전거,자전거,943570,1756721,126.8754233,35.80532118
2015,2015-05-18 22:55,야,월,1,1,0,0,0,경북,김천시,차량단독,전도전복,전도전복,운전자법규위반,안전운전 의무 불이행,단일로,기타단일로,이륜차,소형,없음,없음,1053598,1791361,128.0955736,36.11777738
2015,2015-05-19 0:18,야,화,1,1,0,0,0,대구,중구,차대차,기타,기타,운전자법규위반,안전운전 의무 불이행,단일로,기타단일로,승용차,대형,승용차,대형,1100096,1763465,128.6086615,35.86263315
2015,2015-05-19 5:03,야,화,1,1,0,0,0,부산,서구,차대사람,차도통행중,차도통행중,운전자법규위반,안전운전 의무 불이행,단일로,기타단일로,승용차,중형,보행자,보행자,1138349,1681045,129.0181941,35.11508364
2015,2015-05-19 9:20,주,화,1,1,0,0,0,강원,철원군,차량단독,전도전복,전도전복,운전자법규위반,안전운전 의무 불이행,단일로,기타단일로,승용차,대형,없음,없음,996543,2018457,127.4605359,38.16634211
2015,2015-05-19 15:40,주,화,1,1,0,0,0,경기,고양시,차대사람,횡단중,횡단중,운전자법규위반,안전운전 의무 불이행,단일로,기타단일로,승용차,중형,보행자,보행자,940261,1959036,126.8229826,37.62884161
2015,2015-05-19 20:55,야,화,1,1,0,0,0,경기,김포시,차대사람,횡단중,횡단중,운전자법규위반,신호위반,교차로,교차로내,원동기장치자전거,원동기장치자전거,보행자,보행자,926610,1960738,126.6681195,37.64319186
2015,2015-05-19 22:55,야,화,1,1,0,0,0,경기,시흥시,차량단독,공작물충돌,공작물충돌,운전자법규위반,안전운전 의무 불이행,교차로,교차로내,승용차,소형,없음,없음,935679,1928825,126.7737005,37.35624203
2015,2015-05-20 5:30,야,수,1,1,0,0,0,전남,영광군,차량단독,공작물충돌,공작물충돌,운전자법규위반,안전운전 의무 불이행,단일로,기타단일로,화물차,경형,없음,없음,895746,1693293,126.3543272,35.22961255
2015,2015-05-20 7:45,주,수,1,1,0,0,0,경북,고령군,차대차,추돌,진행중 추돌,운전자법규위반,안전운전 의무 불이행,단일로,기타단일로,승용차,중형,원동기장치자전거,원동기장치자전거,1076948,1750485,128.3510546,35.74770768
2015,2015-05-20 8:55,주,수,1,1,0,0,0,광주,북구,차대사람,횡단중,횡단중,운전자법규위반,안전운전 의무 불이행,교차로,교차로부근,승용차,중형,보행자,보행자,945258,1687843,126.8987503,35.18439891
2015,2015-05-20 8:40,주,수,1,1,0,0,0,울산,울주군,차대차,측면충돌,측면충돌,운전자법규위반,교차로 통행방법 위반,교차로,교차로내,화물차,소형,자전거,자전거,1152718,1729941,129.1849418,35.5537089
2015,2015-05-20 10:40,주,수,1,1,0,0,0,전북,부안군,차대사람,길가장자리구역통행중,길가장자리구역통행중,운전자법규위반,안전운전 의무 불이행,단일로,기타단일로,화물차,소형,보행자,보행자,921630,1754329,126.6328434,35.78225007
2015,2015-05-20 13:44,주,수,1,1,0,0,0,경기,포천시,차량단독,공작물충돌,공작물충돌,운전자법규위반,안전운전 의무 불이행,교차로,교차로부근,승용차,소형,없음,없음,975648,1993194,127.2228661,37.93833153
2015,2015-05-20 14:50,주,수,1,1,0,0,0,부산,동구,차대사람,횡단중,횡단중,운전자법규위반,안전운전 의무 불이행,교차로,교차로부근,승합차,중형,보행자,보행자,1142435,1683610,129.0634597,35.13763446
2015,2015-05-20 14:40,주,수,1,1,0,0,0,전북,부안군,차대차,추돌,주정차중 추돌,운전자법규위반,안전운전 의무 불이행,교차로,교차로부근,화물차,소형,승합차,대형,933730,1748505,126.7671997,35.73063428
2015,2015-05-20 16:00,주,수,1,1,0,0,0,부산,남구,차대사람,길가장자리구역통행중,길가장자리구역통행중,운전자법규위반,안전운전 의무 불이행,교차로,교차로내,화물차,경형,보행자,보행자,1144877,1683916,129.0903092,35.14004392
2015,2015-05-20 16:15,주,수,1,1,0,0,0,경기,광명시,차대사람,기타,기타,운전자법규위반,안전운전 의무 불이행,단일로,기타단일로,승용차,중형,보행자,보행자,943215,1942043,126.8577737,37.47587074
2015,2015-05-20 16:00,주,수,1,1,0,0,0,강원,삼척시,차대사람,횡단중,횡단중,운전자법규위반,보행자 보호의무 위반,교차로,교차로내,승용차,중형,보행자,보행자,1147348,1939621,129.1657158,37.44404508
2015,2015-05-20 19:30,야,수,1,1,0,0,0,전남,여수시,차대차,측면충돌,측면충돌,운전자법규위반,직진 및 우회전차의 통행방해,교차로,교차로내,승용차,중형,원동기장치자전거,원동기장치자전거,1025231,1629596,127.7753657,34.66033479
2015,2015-05-20 20:09,야,수,1,1,0,0,0,서울,성북구,차대사람,횡단중,횡단중,운전자법규위반,안전운전 의무 불이행,단일로,기타단일로,승합차,대형,보행자,보행자,957827.7,1955985.2,127.022233,37.60231856
2015,2015-05-21 0:35,야,목,1,1,0,0,0,부산,강서구,차량단독,공작물충돌,공작물충돌,운전자법규위반,안전운전 의무 불이행,단일로,터널안,화물차,소형,없음,없음,1127964,1677999,128.9037934,35.08899888
2015,2015-05-21 2:10,야,목,1,1,0,0,0,경기,성남시,차량단독,공작물충돌,공작물충돌,운전자법규위반,안전운전 의무 불이행,단일로,지하차도(도로)내,이륜차,소형,없음,없음,967956,1940704,127.1376403,37.46499119
2015,2015-05-21 4:35,야,목,1,1,0,0,0,서울,서대문구,차대사람,보도통행중,보도통행중,운전자법규위반,보행자 보호의무 위반,교차로,교차로내,화물차,중형,보행자,보행자,948200,1953838,126.9133181,37.58247381
2015,2015-05-21 4:20,야,목,1,1,0,0,0,경기,고양시,차량단독,공작물충돌,공작물충돌,운전자법규위반,안전운전 의무 불이행,단일로,기타단일로,승용차,경형,없음,없음,934158,1960578,126.753684,37.64232207
2015,2015-05-21 5:55,야,목,1,1,0,0,0,충남,서천군,차대차,추돌,진행중 추돌,운전자법규위반,안전운전 의무 불이행,단일로,기타단일로,화물차,소형,자전거,자전거,927085,1782326,126.6906304,36.0350682
2015,2015-05-21 6:21,주,목,1,1,0,0,0,부산,부산진구,차대차,기타,기타,운전자법규위반,신호위반,단일로,횡단보도상,승합차,대형,자전거,자전거,1142730,1687767,129.0674155,35.17506312
2015,2015-05-21 7:55,주,목,1,1,0,0,0,강원,춘천시,차대차,측면충돌,측면충돌,운전자법규위반,신호위반,교차로,교차로내,화물차,중형,이륜차,소형,1022801,1982121,127.7591332,37.83857106
2015,2015-05-21 10:14,주,목,1,1,0,0,0,서울,송파구,차대사람,횡단중,횡단중,운전자법규위반,안전운전 의무 불이행,단일로,횡단보도상,승합차,대형,보행자,보행자,966098,1944032,127.1164769,37.49492181
2015,2015-05-21 12:50,주,목,1,1,0,0,0,서울,구로구,차대차,측면충돌,측면충돌,운전자법규위반,안전운전 의무 불이행,단일로,횡단보도상,자전거,자전거,승용차,중형,945993,1944967,126.888976,37.50239183
2015,2015-05-21 13:30,주,목,1,1,0,0,0,경기,여주시,차대사람,기타,기타,운전자법규위반,안전운전 의무 불이행,단일로,기타단일로,승용차,대형,보행자,보행자,1012586,1917935,127.6419389,37.26022474
2015,2015-05-21 16:55,주,목,1,1,0,0,0,대구,동구,차대차,기타,기타,운전자법규위반,부당한 회전,교차로,교차로부근,자전거,자전거,화물차,중형,1102584,1772486,128.6373768,35.94369381
2015,2015-05-21 19:55,야,목,1,1,0,0,0,경기,남양주시,차대차,측면충돌,측면충돌,운전자법규위반,안전운전 의무 불이행,교차로,교차로부근,승합차,대형,자전거,자전거,971810,1957554,127.1805742,37.61699366
2015,2015-05-21 21:25,야,목,1,1,0,0,0,경기,성남시,차대사람,횡단중,횡단중,운전자법규위반,안전운전 의무 불이행,단일로,기타단일로,승합차,대형,보행자,보행자,963983,1934092,127.0930367,37.40524737
2015,2015-05-21 22:41,야,목,1,1,0,0,0,울산,동구,차대사람,기타,기타,운전자법규위반,안전운전 의무 불이행,단일로,기타단일로,승용차,대형,보행자,보행자,1175158,1726693,129.4317031,35.52072644
2015,2015-05-22 8:00,주,금,1,1,0,0,0,경남,거창군,차대차,측면충돌,측면충돌,운전자법규위반,직진 및 우회전차의 통행방해,교차로,교차로내,원동기장치자전거,원동기장치자전거,화물차,경형,1048600,1745366,128.0372281,35.70336445
2015,2015-05-22 10:40,주,금,1,1,0,0,0,경기,안산시,차대사람,횡단중,횡단중,운전자법규위반,보행자 보호의무 위반,단일로,기타단일로,화물차,경형,보행자,보행자,943571,1926597,126.8629796,37.33667389
2015,2015-05-22 10:45,주,금,1,1,0,0,0,전북,완주군,차량단독,기타,기타,운전자법규위반,안전운전 의무 불이행,교차로,교차로내,화물차,소형,없음,없음,961438,1768291,127.0726237,35.91049997
2015,2015-05-22 10:33,주,금,1,1,0,0,0,제주,제주시,차대차,추돌,진행중 추돌,운전자법규위반,부당한 회전,단일로,횡단보도상,자전거,자전거,승용차,중형,910761,1502012,126.5392052,33.50626626
2015,2015-05-22 13:15,주,금,1,1,0,0,0,서울,성북구,차대사람,횡단중,횡단중,운전자법규위반,안전운전 의무 불이행,단일로,기타단일로,승합차,대형,보행자,보행자,957066,1957004,127.0135442,37.61146594
2015,2015-05-22 14:00,주,금,1,1,0,0,0,경기,포천시,차대사람,기타,기타,운전자법규위반,안전운전 의무 불이행,단일로,기타단일로,승용차,중형,보행자,보행자,970628,1983874,127.1661173,37.85418283
2015,2015-05-22 18:20,야,금,1,1,0,0,0,충남,아산시,차량단독,도로이탈,도로이탈 추락,운전자법규위반,안전운전 의무 불이행,단일로,기타단일로,농기계,농기계,없음,없음,947220,1868270,126.9082701,36.81113876
2015,2015-05-22 20:40,야,금,1,1,0,0,0,충남,예산군,차대사람,횡단중,횡단중,운전자법규위반,안전운전 의무 불이행,교차로,교차로내,승용차,경형,보행자,보행자,940177,1856383,126.830246,36.7035681
2015,2015-05-22 20:11,야,금,1,1,0,0,0,광주,서구,차대사람,횡단중,횡단중,운전자법규위반,안전운전 의무 불이행,교차로,교차로부근,승합차,소형,보행자,보행자,945027,1684276,126.896451,35.15222376
2015,2015-05-23 0:43,야,토,1,1,0,0,0,울산,남구,차대사람,횡단중,횡단중,운전자법규위반,안전운전 의무 불이행,교차로,교차로내,승용차,대형,보행자,보행자,1165010,1727351,129.3199734,35.52839656
2015,2015-05-23 6:57,주,토,1,1,0,0,0,경기,파주시,차대차,기타,기타,운전자법규위반,안전운전 의무 불이행,단일로,기타단일로,건설기계,건설기계,이륜차,소형,937711,1979519,126.7923316,37.81327818
2015,2015-05-23 8:52,주,토,1,1,0,0,0,전북,익산시,차대차,측면충돌,측면충돌,운전자법규위반,안전운전 의무 불이행,단일로,기타단일로,승용차,중형,농기계,농기계,948468,1771287,126.9286907,35.93691312
2015,2015-05-23 15:30,주,토,1,1,0,0,0,경북,경주시,차대차,기타,기타,운전자법규위반,앞지르기 금지위반,교차로,교차로내,이륜차,대형,승용차,중형,1138847,1752334,129.0358143,35.75758327
2015,2015-05-23 16:05,주,토,1,1,0,0,0,경북,성주군,차량단독,기타,기타,운전자법규위반,안전운전 의무 불이행,기타/불명,기타/불명,승용차,소형,없음,없음,1060684,1765227,128.1723048,35.8817537
2015,2015-05-23 16:30,주,토,1,1,0,0,0,인천,계양구,차대사람,차도통행중,차도통행중,운전자법규위반,부당한 회전,단일로,기타단일로,승용차,중형,보행자,보행자,930122,1948216,126.7091197,37.53060916
2015,2015-05-23 17:30,주,토,1,1,0,0,0,경기,안산시,차량단독,도로이탈,도로이탈 추락,운전자법규위반,안전운전 의무 불이행,교차로,교차로부근,원동기장치자전거,원동기장치자전거,없음,없음,939586,1927217,126.8179457,37.34201135
2015,2015-05-23 21:10,야,토,1,1,0,0,0,경기,안양시,차대사람,길가장자리구역통행중,길가장자리구역통행중,운전자법규위반,안전운전 의무 불이행,단일로,기타단일로,승합차,중형,보행자,보행자,949662,1933741,126.931251,37.40141601
2015,2015-05-23 23:10,야,토,1,1,0,0,0,강원,양양군,차대사람,횡단중,횡단중,운전자법규위반,안전운전 의무 불이행,단일로,기타단일로,승용차,소형,보행자,보행자,1099038,2010086,128.6293242,38.08547681
2015,2015-05-24 0:20,야,일,1,1,0,0,0,부산,부산진구,차대사람,횡단중,횡단중,운전자법규위반,안전운전 의무 불이행,단일로,기타단일로,승용차,중형,보행자,보행자,1140066,1685498,129.0377846,35.15498549
2015,2015-05-24 2:57,야,일,1,1,0,0,0,경기,과천시,차대사람,기타,기타,운전자법규위반,안전운전 의무 불이행,단일로,기타단일로,승용차,경형,보행자,보행자,955745,1936480,126.9998137,37.42641448
2015,2015-05-24 3:30,야,일,1,1,0,0,0,전남,순천시,차대사람,기타,기타,운전자법규위반,안전운전 의무 불이행,단일로,기타단일로,화물차,경형,보행자,보행자,989743,1650193,127.3878059,34.84633379
2015,2015-05-24 14:55,주,일,1,1,0,0,0,제주,서귀포시,차량단독,공작물충돌,공작물충돌,운전자법규위반,안전운전 의무 불이행,단일로,기타단일로,이륜차,대형,없음,없음,916432,1481758,126.6021373,33.32406072
2015,2015-05-24 22:25,야,일,1,1,0,0,0,전남,영암군,차대사람,횡단중,횡단중,운전자법규위반,안전운전 의무 불이행,단일로,기타단일로,승합차,소형,보행자,보행자,926711,1647063,126.698651,34.81552135
2015,2015-05-24 23:00,야,일,1,1,0,0,0,충남,천안시,차량단독,기타,기타,운전자법규위반,기타(운전자법규위반),단일로,기타단일로,승용차,중형,없음,없음,976412,1863419,127.2356941,36.7685868
2015,2015-05-25 0:26,야,월,1,1,0,0,0,경북,포항시,차대사람,횡단중,횡단중,운전자법규위반,안전운전 의무 불이행,교차로,교차로내,승용차,소형,보행자,보행자,1168305,1808484,129.3734507,36.25895783
2015,2015-05-25 21:30,야,월,1,1,0,0,0,경북,영천시,차량단독,공작물충돌,공작물충돌,운전자법규위반,안전운전 의무 불이행,교차로,교차로부근,화물차,소형,없음,없음,1115976,1783973,128.7875077,36.04573527
2015,2015-05-25 22:10,야,월,1,1,0,0,0,전북,전주시,차대사람,차도통행중,차도통행중,운전자법규위반,안전운전 의무 불이행,교차로,교차로부근,승용차,중형,보행자,보행자,968135,1763414,127.1470392,35.86677045
2015,2015-05-25 23:32,야,월,1,1,0,0,0,인천,서구,차대사람,횡단중,횡단중,운전자법규위반,과속,교차로,교차로부근,승합차,대형,보행자,보행자,927472,1942852,126.6796589,37.48206022
2015,2015-05-26 0:01,야,화,1,1,0,0,0,충남,천안시,차대차,기타,기타,운전자법규위반,차로위반(진로변경 위반),단일로,기타단일로,승용차,중형,화물차,대형,966250,1865422,127.1217411,36.78633555
2015,2015-05-26 5:57,야,화,1,1,0,0,0,충북,증평군,차대차,측면충돌,측면충돌,운전자법규위반,신호위반,교차로,교차로내,승용차,중형,농기계,농기계,1010230,1870230,127.6147202,36.8302244
2015,2015-05-26 5:30,야,화,1,1,0,0,0,경북,김천시,차량단독,전도전복,전도전복,운전자법규위반,안전운전 의무 불이행,단일로,기타단일로,승용차,중형,없음,없음,1052547.5,1792130.2,128.0839525,36.12476941
2015,2015-05-26 6:00,주,화,1,1,0,0,0,서울,강동구,차대사람,기타,기타,운전자법규위반,안전운전 의무 불이행,단일로,기타단일로,승용차,중형,보행자,보행자,970841,1949619,127.1699104,37.54544216
2015,2015-05-26 10:40,주,화,1,1,0,0,0,경기,하남시,차대사람,횡단중,횡단중,운전자법규위반,안전운전 의무 불이행,교차로,교차로내,승용차,대형,보행자,보행자,975709,1948929,127.2250399,37.53936403
2015,2015-05-26 13:30,주,화,1,1,0,0,0,경기,양주시,차대차,측면충돌,측면충돌,운전자법규위반,부당한 회전,단일로,기타단일로,화물차,소형,원동기장치자전거,원동기장치자전거,957770,1976534,127.0203878,37.78752332
2015,2015-05-26 18:40,야,화,1,1,0,0,0,경북,김천시,차량단독,공작물충돌,공작물충돌,운전자법규위반,안전운전 의무 불이행,단일로,기타단일로,농기계,농기계,없음,없음,1055954,1796781,128.1221375,36.16650675
2015,2015-05-26 19:05,야,화,1,1,0,0,0,경기,양주시,차대차,추돌,진행중 추돌,운전자법규위반,안전운전 의무 불이행,단일로,기타단일로,승용차,소형,자전거,자전거,960598,1974161,127.0526338,37.76626191
2015,2015-05-26 20:45,야,화,1,1,0,0,0,경남,거제시,차대차,추돌,진행중 추돌,운전자법규위반,안전거리 미확보,단일로,기타단일로,승용차,중형,승용차,중형,1102307,1655724,128.6196461,34.89110542
2015,2015-05-26 20:10,야,화,1,1,0,0,0,대구,북구,차대차,추돌,진행중 추돌,운전자법규위반,안전운전 의무 불이행,단일로,기타단일로,화물차,소형,자전거,자전거,1098374,1769091,128.5902869,35.91352307
2015,2015-05-26 21:00,야,화,1,1,0,0,0,전북,익산시,차대차,추돌,진행중 추돌,운전자법규위반,안전운전 의무 불이행,단일로,기타단일로,화물차,소형,자전거,자전거,955516,1778694,127.00641,36.0040385
2015,2015-05-26 22:40,야,화,1,1,0,0,0,서울,구로구,차대사람,차도통행중,차도통행중,운전자법규위반,안전운전 의무 불이행,단일로,기타단일로,승합차,대형,보행자,보행자,946297,1942355,126.8926059,37.47886717
2015,2015-05-27 8:10,주,수,1,1,0,0,0,전북,무주군,차량단독,전도전복,전도전복,운전자법규위반,안전운전 의무 불이행,단일로,기타단일로,농기계,농기계,없음,없음,1019189,1780363,127.7129626,36.01991254
2015,2015-05-27 9:25,주,수,1,1,0,0,0,경남,창녕군,차대사람,차도통행중,차도통행중,운전자법규위반,안전운전 의무 불이행,단일로,기타단일로,승합차,경형,보행자,보행자,1088445,1710987,128.4738784,35.39065546
2015,2015-05-27 10:50,주,수,1,1,0,0,0,경남,하동군,차량단독,공작물충돌,공작물충돌,운전자법규위반,안전운전 의무 불이행,단일로,기타단일로,승용차,중형,없음,없음,1012271,1686733,127.6347631,35.17580728
2015,2015-05-27 13:32,주,수,1,1,0,0,0,서울,양천구,차량단독,전도전복,전도전복,운전자법규위반,안전운전 의무 불이행,단일로,기타단일로,원동기장치자전거,원동기장치자전거,없음,없음,945003,1946553,126.8776573,37.51662818
2015,2015-05-27 14:00,주,수,1,1,0,0,0,경기,평택시,차대차,측면충돌,측면충돌,운전자법규위반,직진 및 우회전차의 통행방해,교차로,교차로내,화물차,소형,이륜차,중형,965708,1889456,127.1145788,37.00296783
2015,2015-05-27 14:55,주,수,1,1,0,0,0,경남,창원시(통합),차대차,기타,기타,운전자법규위반,중앙선 침범,단일로,기타단일로,원동기장치자전거,원동기장치자전거,화물차,소형,1109883,1706876,128.7093393,35.35146204
2015,2015-05-27 17:20,주,수,1,1,0,0,0,경기,의정부시,차대차,기타,기타,운전자법규위반,교차로 통행방법 위반,교차로,교차로내,승용차,중형,자전거,자전거,959598,1970794,127.0414675,37.73587152
2015,2015-05-27 20:15,야,수,1,1,0,0,0,경기,여주시,차대사람,횡단중,횡단중,운전자법규위반,신호위반,단일로,횡단보도부근,화물차,소형,보행자,보행자,1013330,1916451,127.6503028,37.24683759
2015,2015-05-27 21:50,야,수,1,1,0,0,0,경기,평택시,차대사람,기타,기타,운전자법규위반,안전운전 의무 불이행,단일로,기타단일로,승용차,중형,보행자,보행자,959627,1882363,127.0466133,36.93878857
2015,2015-05-27 21:00,야,수,1,1,0,0,0,경기,양주시,차대차,정면충돌,정면충돌,운전자법규위반,신호위반,교차로,교차로내,승용차,중형,자전거,자전거,954082,1988711,126.9777308,37.89709386
2015,2015-05-27 22:10,야,수,1,1,0,0,0,충북,진천군,차대사람,횡단중,횡단중,운전자법규위반,안전운전 의무 불이행,단일로,기타단일로,승용차,중형,보행자,보행자,993957.5,1873615,127.4322119,36.86077505
2015,2015-05-28 4:05,야,목,1,1,0,0,0,대구,달서구,차량단독,공작물충돌,공작물충돌,운전자법규위반,안전운전 의무 불이행,단일로,기타단일로,이륜차,소형,없음,없음,1093730,1758587,128.5375896,35.81928937
2015,2015-05-28 6:45,주,목,1,1,0,0,0,서울,성북구,차대사람,횡단중,횡단중,운전자법규위반,안전운전 의무 불이행,단일로,기타단일로,화물차,중형,보행자,보행자,957066,1955976,127.0136045,37.60220039
2015,2015-05-28 8:35,주,목,1,1,0,0,0,전북,부안군,차대차,기타,기타,운전자법규위반,안전운전 의무 불이행,단일로,기타단일로,화물차,중형,화물차,소형,935993,1750310,126.7920777,35.74705732
2015,2015-05-28 9:40,주,목,1,1,0,0,0,경남,산청군,차대사람,횡단중,횡단중,운전자법규위반,안전운전 의무 불이행,교차로,교차로내,화물차,소형,보행자,보행자,1031123,1697872,127.8422195,35.27583975
2015,2015-05-28 10:00,주,목,1,1,0,0,0,전북,순창군,차대차,추돌,진행중 추돌,운전자법규위반,교차로 통행방법 위반,단일로,기타단일로,이륜차,소형,승용차,중형,967515,1707713,127.1424141,35.36453068
2015,2015-05-28 15:04,주,목,1,1,0,0,0,강원,고성군,차대차,측면충돌,측면충돌,운전자법규위반,교차로 통행방법 위반,교차로,교차로내,원동기장치자전거,원동기장치자전거,승용차,중형,1082364,2049387,128.4437891,38.44130214
2015,2015-05-28 17:00,주,목,1,1,0,0,0,경기,수원시,차량단독,전도전복,전도전복,운전자법규위반,안전운전 의무 불이행,단일로,기타단일로,이륜차,대형,없음,없음,962033,1918687,127.0717928,37.26631397
2015,2015-05-29 0:52,야,금,1,1,0,0,0,경기,시흥시,차대사람,횡단중,횡단중,운전자법규위반,안전운전 의무 불이행,교차로,교차로부근,승용차,중형,보행자,보행자,932726,1927233,126.740503,37.34168374
2015,2015-05-29 2:27,야,금,1,1,0,0,0,강원,원주시,차량단독,도로이탈,도로이탈 추락,운전자법규위반,안전운전 의무 불이행,단일로,기타단일로,승용차,중형,없음,없음,1030843,1925680,127.8481518,37.32961088
2015,2015-05-29 6:17,주,금,1,1,0,0,0,경남,통영시,차대사람,횡단중,횡단중,운전자법규위반,안전운전 의무 불이행,교차로,교차로내,승용차,중형,보행자,보행자,1084052,1650678,128.4193824,34.84728421
2015,2015-05-29 7:25,주,금,1,1,0,0,0,경기,의정부시,차대사람,횡단중,횡단중,운전자법규위반,안전운전 의무 불이행,교차로,교차로내,승용차,중형,보행자,보행자,960035,1971657,127.0463795,37.74366894
2015,2015-05-29 8:50,주,금,1,1,0,0,0,인천,서구,차대차,측면충돌,측면충돌,운전자법규위반,안전거리 미확보,단일로,기타단일로,화물차,소형,자전거,자전거,926759.2,1942450,126.6716375,37.47838084
2015,2015-05-29 14:50,주,금,1,1,0,0,0,경남,함안군,차대차,추돌,진행중 추돌,운전자법규위반,안전운전 의무 불이행,단일로,기타단일로,화물차,중형,화물차,대형,1092201,1699156,128.5138972,35.28365238