발생년,발생년월일시분,주야,요일,사망자수,사상자수,중상자수,경상자수,부상신고자수,발생지시도,발생지시군구,사고유형_대분류,사고유형_중분류,사고유형,법규위반_대분류,법규위반,도로형태_대분류,도로형태,가해자_당사자종별_대분류,가해자_당사자종별,피해자_당사자종별_대분류,피해자_당사자종별,발생위치X_UTMK,발생위치Y_UTMK,경도,위도
2015,2015-05-29 20:50,야,금,1,1,0,0,0,부산,부산진구,차대사람,횡단중,횡단중,운전자법규위반,안전운전 의무 불이행,단일로,횡단보도상,승용차,중형,보행자,보행자,1141902,1685985,129.0580192,35.15911775
2015,2015-05-29 21:24,야,금,1,1,0,0,0,충남,아산시,차대사람,기타,기타,운전자법규위반,안전운전 의무 불이행,단일로,횡단보도상,승용차,중형,보행자,보행자,956056,1867132,127.0073948,36.80133203
2015,2015-05-29 21:10,야,금,1,1,0,0,0,경북,포항시,차대사람,기타,기타,운전자법규위반,안전운전 의무 불이행,교차로,교차로부근,승용차,중형,보행자,보행자,1165914,1788711,129.3426712,36.08119714
2015,2015-05-29 23:00,야,금,1,1,0,0,0,전북,남원시,차대사람,기타,기타,운전자법규위반,안전운전 의무 불이행,단일로,기타단일로,화물차,소형,보행자,보행자,989523,1713496,127.3845969,35.41714906
2015,2015-05-30 0:10,야,토,1,1,0,0,0,경북,포항시,차대사람,횡단중,횡단중,운전자법규위반,보행자 보호의무 위반,교차로,교차로내,승용차,중형,보행자,보행자,1165771,1782559,129.3397926,36.02578464
2015,2015-05-30 3:35,야,토,1,1,0,0,0,울산,북구,차대차,추돌,진행중 추돌,운전자법규위반,과속,단일로,기타단일로,화물차,중형,자전거,자전거,1168779,1733233,129.3627503,35.58076985
2015,2015-05-30 4:30,야,토,1,1,0,0,0,울산,울주군,차대차,추돌,진행중 추돌,운전자법규위반,안전운전 의무 불이행,교차로,교차로내,승용차,대형,화물차,대형,1166425,1719353,129.3339338,35.45608155
2015,2015-05-30 12:15,주,토,1,1,0,0,0,경기,안산시,차대사람,횡단중,횡단중,운전자법규위반,안전운전 의무 불이행,교차로,교차로부근,승용차,중형,보행자,보행자,942107,1925421,126.8465455,37.32598407
2015,2015-05-30 14:40,주,토,1,1,0,0,0,경기,고양시,차대사람,차도통행중,차도통행중,운전자법규위반,안전운전 의무 불이행,단일로,횡단보도부근,승합차,대형,보행자,보행자,933996,1964135,126.7515261,37.67436845
2015,2015-05-30 20:49,야,토,1,1,0,0,0,강원,동해시,차대사람,횡단중,횡단중,운전자법규위반,보행자 보호의무 위반,단일로,기타단일로,이륜차,소형,보행자,보행자,1141519,1950340,129.1019069,37.54153509
2015,2015-05-30 20:25,야,토,1,1,0,0,0,경남,의령군,차대사람,차도통행중,차도통행중,운전자법규위반,직진 및 우회전차의 통행방해,교차로,교차로내,승용차,대형,보행자,보행자,1063635,1704296,128.2001932,35.33222121
2015,2015-05-30 22:50,야,토,1,1,0,0,0,경남,거제시,차대사람,기타,기타,운전자법규위반,신호위반,교차로,교차로내,화물차,중형,보행자,보행자,1110805,1652772,128.7122395,34.86359927
2015,2015-05-30 23:51,야,토,1,1,0,0,0,경기,안산시,차량단독,공작물충돌,공작물충돌,운전자법규위반,안전운전 의무 불이행,단일로,기타단일로,원동기장치자전거,원동기장치자전거,없음,없음,944921,1921577,126.8785913,37.2915076
2015,2015-05-31 4:35,야,일,1,1,0,0,0,전북,군산시,차대사람,횡단중,횡단중,운전자법규위반,보행자 보호의무 위반,교차로,교차로부근,승용차,소형,보행자,보행자,926233,1776145,126.6817499,35.97928222
2015,2015-05-31 6:20,주,일,1,1,0,0,0,충북,청주시,차대사람,횡단중,횡단중,운전자법규위반,안전운전 의무 불이행,단일로,기타단일로,승용차,소형,보행자,보행자,997152,1847052,127.4681486,36.62132937
2015,2015-05-31 8:23,주,일,1,1,0,0,0,서울,강동구,차대사람,횡단중,횡단중,운전자법규위반,보행자 보호의무 위반,교차로,교차로부근,승합차,대형,보행자,보행자,966935,1949629,127.1256935,37.54540041
2015,2015-05-31 8:26,주,일,1,1,0,0,0,경남,김해시,차량단독,공작물충돌,공작물충돌,운전자법규위반,안전운전 의무 불이행,단일로,기타단일로,승용차,소형,없음,없음,1128808,1695044,128.9157106,35.24254247
2015,2015-05-31 11:30,주,일,1,1,0,0,0,전남,보성군,차대차,측면충돌,측면충돌,운전자법규위반,안전운전 의무 불이행,교차로,교차로내,화물차,소형,원동기장치자전거,원동기장치자전거,982504,1653380,127.3085574,34.87497407
2015,2015-05-31 11:00,주,일,1,1,0,0,0,경북,문경시,차대사람,횡단중,횡단중,운전자법규위반,안전운전 의무 불이행,단일로,기타단일로,승용차,중형,보행자,보행자,1045060,1843758,128.0037384,36.59057366
2015,2015-05-31 20:20,야,일,1,1,0,0,0,경남,함안군,차대사람,횡단중,횡단중,운전자법규위반,안전운전 의무 불이행,단일로,기타단일로,승용차,소형,보행자,보행자,1076338,1699526,128.339511,35.28832458
2015,2015-05-31 21:35,야,일,1,1,0,0,0,경기,안양시,차대차,측면충돌,측면충돌,운전자법규위반,안전운전 의무 불이행,교차로,교차로내,승합차,대형,원동기장치자전거,원동기장치자전거,952462,1933237,126.9629182,37.39702118
2015,2015-05-31 21:40,야,일,1,1,0,0,0,경남,함안군,차대사람,차도통행중,차도통행중,운전자법규위반,안전운전 의무 불이행,단일로,기타단일로,승용차,소형,보행자,보행자,1093090,1701392,128.5239256,35.30372884
2015,2015-05-31 22:37,야,일,1,1,0,0,0,경기,양평군,차량단독,기타,기타,운전자법규위반,안전운전 의무 불이행,기타/불명,기타/불명,농기계,농기계,없음,없음,997495,1945029,127.471658,37.50452757
2015,2015-06-01 1:30,야,월,1,1,0,0,0,충남,아산시,차대사람,차도통행중,차도통행중,운전자법규위반,안전운전 의무 불이행,단일로,기타단일로,화물차,소형,보행자,보행자,951107,1865217,126.9520424,36.78382687
2015,2015-06-01 7:55,주,월,1,1,0,0,0,경남,창원시(통합),차대차,측면충돌,측면충돌,운전자법규위반,안전운전 의무 불이행,단일로,횡단보도상,승용차,소형,자전거,자전거,1108188,1684232,128.6877069,35.14750882
2015,2015-06-01 8:40,주,월,1,1,0,0,0,경기,용인시,차대차,추돌,진행중 추돌,운전자법규위반,안전운전 의무 불이행,단일로,기타단일로,화물차,경형,농기계,농기계,983218,1903824,127.3110581,37.13296086
2015,2015-06-01 11:50,주,월,1,1,0,0,0,전남,고흥군,차량단독,공작물충돌,공작물충돌,운전자법규위반,안전운전 의무 불이행,단일로,기타단일로,농기계,농기계,없음,없음,978150,1634064,127.261418,34.70070424
2015,2015-06-01 17:00,주,월,1,1,0,0,0,경북,구미시,차대사람,횡단중,횡단중,운전자법규위반,보행자 보호의무 위반,단일로,기타단일로,승합차,소형,보행자,보행자,1075129,1790806,128.3347505,36.11134595
2015,2015-06-01 21:00,야,월,1,1,0,0,0,경기,화성시,차대사람,횡단중,횡단중,운전자법규위반,안전운전 의무 불이행,교차로,교차로내,승용차,중형,보행자,보행자,950126,1909652,126.9381105,37.18431377
2015,2015-06-02 10:50,주,화,1,1,0,0,0,울산,북구,차대사람,기타,기타,운전자법규위반,안전운전 의무 불이행,교차로,교차로부근,건설기계,건설기계,보행자,보행자,1167802,1738272,129.3530196,35.62634651
2015,2015-06-02 11:15,주,화,1,1,0,0,0,세종,세종,차대차,측면충돌,측면충돌,운전자법규위반,중앙선 침범,단일로,기타단일로,화물차,소형,농기계,농기계,980746,1840945,127.2848214,36.56608456
2015,2015-06-02 12:10,주,화,1,1,0,0,0,경북,예천군,차대사람,차도통행중,차도통행중,운전자법규위반,안전운전 의무 불이행,단일로,기타단일로,화물차,소형,보행자,보행자,1095108,1856430,128.5647459,36.70111429
2015,2015-06-02 16:20,주,화,1,1,0,0,0,울산,중구,차대사람,횡단중,횡단중,운전자법규위반,안전운전 의무 불이행,단일로,기타단일로,승용차,중형,보행자,보행자,1164667,1730254,129.3167821,35.55461567
2015,2015-06-02 17:07,주,화,1,1,0,0,0,충남,천안시,차대차,기타,기타,운전자법규위반,안전거리 미확보,단일로,기타단일로,승용차,중형,건설기계,건설기계,965861,1870843,127.1171381,36.8351893
2015,2015-06-02 17:30,주,화,1,1,0,0,0,전북,남원시,차량단독,전도전복,전도전복,운전자법규위반,안전운전 의무 불이행,단일로,기타단일로,화물차,중형,없음,없음,985430,1714073,127.3395028,35.42230025
2015,2015-06-02 18:20,야,화,1,1,0,0,0,부산,강서구,차량단독,전도전복,전도전복,운전자법규위반,안전운전 의무 불이행,단일로,기타단일로,화물차,대형,없음,없음,1126947,1686442,128.8939362,35.1652376
2015,2015-06-02 21:03,야,화,1,1,0,0,0,경기,구리시,차대사람,차도통행중,차도통행중,운전자법규위반,안전운전 의무 불이행,단일로,기타단일로,자전거,자전거,보행자,보행자,968454,1958084,127.1425245,37.62166165
2015,2015-06-02 21:35,야,화,1,1,0,0,0,경남,창원시(통합),차대사람,차도통행중,차도통행중,운전자법규위반,안전운전 의무 불이행,단일로,기타단일로,승용차,소형,보행자,보행자,1112460,1680063,128.734029,35.10945591
2015,2015-06-03 1:00,야,수,1,1,0,0,0,서울,관악구,차대차,기타,기타,운전자법규위반,신호위반,교차로,교차로내,원동기장치자전거,원동기장치자전거,화물차,경형,950194,1941433,126.9367423,37.47077529
2015,2015-06-03 5:40,야,수,1,1,0,0,0,전남,영암군,차량단독,도로이탈,도로이탈 추락,운전자법규위반,안전운전 의무 불이행,단일로,기타단일로,화물차,소형,없음,없음,914979,1633580,126.5717475,34.69303791
2015,2015-06-03 12:00,주,수,1,1,0,0,0,전남,나주시,차량단독,도로이탈,도로이탈 추락,운전자법규위반,안전운전 의무 불이행,단일로,기타단일로,농기계,농기계,없음,없음,927722,1662331,126.7083853,34.95326141
2015,2015-06-03 16:10,주,수,1,1,0,0,0,충남,아산시,차대차,측면충돌,측면충돌,운전자법규위반,직진 및 우회전차의 통행방해,교차로,교차로내,화물차,대형,원동기장치자전거,원동기장치자전거,944491,1865831,126.877854,36.78899695
2015,2015-06-03 17:45,주,수,1,1,0,0,0,충북,보은군,차대차,측면충돌,측면충돌,운전자법규위반,안전운전 의무 불이행,교차로,교차로내,승용차,소형,원동기장치자전거,원동기장치자전거,1020358,1832555,127.7272952,36.49042517
2015,2015-06-03 17:28,주,수,1,1,0,0,0,인천,옹진군,차대사람,횡단중,횡단중,운전자법규위반,보행자 보호의무 위반,단일로,횡단보도상,승용차,소형,보행자,보행자,914051,1915580,126.531042,37.23511753
2015,2015-06-03 20:43,야,수,1,1,0,0,0,경기,화성시,차대사람,기타,기타,운전자법규위반,안전운전 의무 불이행,단일로,기타단일로,승용차,중형,보행자,보행자,950829,1908666,126.9460952,37.17546352
2015,2015-06-04 13:10,주,목,1,1,0,0,0,광주,광산구,차대차,측면충돌,측면충돌,운전자법규위반,안전운전 의무 불이행,단일로,기타단일로,승용차,중형,승용차,중형,935068,1684176,126.7871259,35.15072815
2015,2015-06-04 16:00,주,목,1,1,0,0,0,전남,순천시,차대사람,횡단중,횡단중,운전자법규위반,보행자 보호의무 위반,단일로,횡단보도상,화물차,소형,보행자,보행자,998989,1663686,127.4889251,34.96805923
2015,2015-06-04 17:00,주,목,1,1,0,0,0,서울,양천구,차대차,측면충돌,측면충돌,운전자법규위반,직진 및 우회전차의 통행방해,교차로,교차로내,자전거,자전거,화물차,중형,944267,1948781,126.8691601,37.53666514
2015,2015-06-04 17:05,주,목,1,1,0,0,0,경기,고양시,차대차,측면충돌,측면충돌,운전자법규위반,신호위반,교차로,교차로내,이륜차,소형,승합차,대형,935882,1962532,126.7730523,37.6600549
2015,2015-06-04 21:27,야,목,1,1,0,0,0,경북,안동시,차대사람,보도통행중,보도통행중,운전자법규위반,기타(운전자법규위반),단일로,기타단일로,화물차,소형,보행자,보행자,1107710,1842202,128.7038034,36.57153236
2015,2015-06-04 21:03,야,목,1,1,0,0,0,경북,영천시,차대사람,길가장자리구역통행중,길가장자리구역통행중,운전자법규위반,안전운전 의무 불이행,단일로,기타단일로,승용차,중형,보행자,보행자,1125003,1771808,128.8857762,35.93497043
2015,2015-06-04 21:10,야,목,1,1,0,0,0,인천,연수구,차대차,추돌,주정차중 추돌,운전자법규위반,안전운전 의무 불이행,단일로,교량위,화물차,소형,승용차,중형,918240,1934841,126.5761388,37.40908938
2015,2015-06-04 22:45,야,목,1,1,0,0,0,경기,평택시,차대차,기타,기타,운전자법규위반,안전운전 의무 불이행,단일로,기타단일로,이륜차,대형,이륜차,대형,959483,1882174,127.0450063,36.9370787
2015,2015-06-04 23:20,야,목,1,1,0,0,0,대전,대덕구,차대차,기타,기타,운전자법규위반,교차로 통행방법 위반,단일로,기타단일로,승용차,중형,자전거,자전거,991987,1817235,127.4106936,36.35249378
2015,2015-06-05 1:20,야,금,1,1,0,0,0,부산,동래구,차량단독,공작물충돌,공작물충돌,운전자법규위반,안전운전 의무 불이행,교차로,교차로내,승용차,중형,없음,없음,1144942,1689957,129.0920837,35.19448634
2015,2015-06-05 11:05,주,금,1,1,0,0,0,충북,충주시,차대차,기타,기타,운전자법규위반,중앙선 침범,교차로,교차로부근,이륜차,소형,승용차,중형,1038565,1886087,127.9332736,36.97243337
2015,2015-06-05 13:30,주,금,1,1,0,0,0,전북,남원시,차대차,기타,기타,운전자법규위반,교차로 통행방법 위반,교차로,교차로내,승용차,중형,이륜차,소형,988794,1712727,127.3765777,35.4102072
2015,2015-06-05 16:20,주,금,1,1,0,0,0,서울,성북구,차대사람,기타,기타,운전자법규위반,기타(운전자법규위반),단일로,기타단일로,승합차,소형,보행자,보행자,957575,1955136,127.0194195,37.59465293
2015,2015-06-05 17:00,주,금,1,1,0,0,0,충남,금산군,차대차,측면충돌,측면충돌,운전자법규위반,안전운전 의무 불이행,교차로,교차로내,화물차,소형,자전거,자전거,996580,1789326,127.4620053,36.10090468
2015,2015-06-05 19:50,야,금,1,1,0,0,0,경기,용인시,차대사람,횡단중,횡단중,운전자법규위반,보행자 보호의무 위반,단일로,기타단일로,화물차,소형,보행자,보행자,973477,1919780,127.2008219,37.27656263
2015,2015-06-05 20:13,야,금,1,1,0,0,0,전북,완주군,차대차,추돌,주정차중 추돌,운전자법규위반,안전운전 의무 불이행,교차로,교차로부근,원동기장치자전거,원동기장치자전거,건설기계,건설기계,957389,1759289,127.0282319,35.82917134
2015,2015-06-05 20:42,야,금,1,1,0,0,0,제주,제주시,차량단독,기타,기타,운전자법규위반,안전운전 의무 불이행,단일로,기타단일로,원동기장치자전거,원동기장치자전거,없음,없음,884402,1491705,126.2567892,33.41079646
2015,2015-06-05 20:50,야,금,1,1,0,0,0,대구,북구,차량단독,공작물충돌,공작물충돌,운전자법규위반,안전운전 의무 불이행,교차로,교차로부근,승용차,소형,없음,없음,1093657,1770916,128.5382309,35.93043797
2015,2015-06-05 21:16,야,금,1,1,0,0,0,경기,수원시,차대사람,기타,기타,운전자법규위반,안전운전 의무 불이행,단일로,기타단일로,승용차,중형,보행자,보행자,958509,1921820,127.031874,37.29440348
2015,2015-06-06 2:10,야,토,1,1,0,0,0,대구,달서구,차량단독,공작물충돌,공작물충돌,운전자법규위반,안전운전 의무 불이행,단일로,기타단일로,이륜차,중형,없음,없음,1092353,1761895,128.5227311,35.84924079
2015,2015-06-06 3:45,야,토,1,1,0,0,0,서울,광진구,차대사람,횡단중,횡단중,운전자법규위반,안전운전 의무 불이행,단일로,기타단일로,승용차,중형,보행자,보행자,961760,1948568,127.0671675,37.53563702
2015,2015-06-06 3:53,야,토,1,1,0,0,0,강원,강릉시,차대사람,기타,기타,운전자법규위반,안전운전 의무 불이행,단일로,기타단일로,승용차,경형,보행자,보행자,1124007,1974035,128.9077657,37.75756656
2015,2015-06-06 20:05,야,토,1,1,0,0,0,광주,서구,차대사람,기타,기타,운전자법규위반,안전운전 의무 불이행,단일로,기타단일로,승용차,중형,보행자,보행자,945799.1,1684306.7,126.9049255,35.1525425
2015,2015-06-07 2:30,야,일,1,1,0,0,0,서울,도봉구,차대사람,횡단중,횡단중,운전자법규위반,안전운전 의무 불이행,단일로,기타단일로,승용차,중형,보행자,보행자,959389,1961443,127.039617,37.65158097
2015,2015-06-07 13:05,주,일,1,1,0,0,0,경남,고성군,차대차,측면충돌,측면충돌,운전자법규위반,신호위반,교차로,교차로내,이륜차,중형,화물차,소형,1074804,1665482,128.3195608,34.98148916
2015,2015-06-07 17:45,주,일,1,1,0,0,0,충남,공주시,차량단독,공작물충돌,공작물충돌,운전자법규위반,안전운전 의무 불이행,단일로,기타단일로,화물차,소형,없음,없음,966287,1835395,127.1234759,36.51565054
2015,2015-06-07 17:00,주,일,1,1,0,0,0,경북,구미시,차량단독,공작물충돌,공작물충돌,운전자법규위반,안전운전 의무 불이행,단일로,기타단일로,이륜차,소형,없음,없음,1081921,1792523,128.4103862,36.12627453
2015,2015-06-07 20:30,야,일,1,1,0,0,0,경북,예천군,차대차,측면충돌,측면충돌,운전자법규위반,안전운전 의무 불이행,단일로,기타단일로,승용차,중형,이륜차,중형,1082047,1844104,128.4172263,36.59122797
2015,2015-06-07 21:35,야,일,1,1,0,0,0,경북,경산시,차대사람,횡단중,횡단중,운전자법규위반,안전운전 의무 불이행,단일로,기타단일로,화물차,소형,보행자,보행자,1111552.2,1760263.8,128.7350775,35.83253951
2015,2015-06-07 22:43,야,일,1,1,0,0,0,부산,남구,차대차,추돌,진행중 추돌,운전자법규위반,안전운전 의무 불이행,단일로,기타단일로,원동기장치자전거,원동기장치자전거,불명,불명,1146919,1682137,129.1124001,35.12371241
2015,2015-06-07 23:10,야,일,1,1,0,0,0,서울,도봉구,차량단독,공작물충돌,공작물충돌,운전자법규위반,안전운전 의무 불이행,교차로,교차로부근,승용차,소형,없음,없음,960673,1960440,127.0542265,37.64259667
2015,2015-06-08 4:55,야,월,1,1,0,0,0,서울,동작구,차량단독,공작물충돌,공작물충돌,운전자법규위반,안전운전 의무 불이행,단일로,기타단일로,이륜차,소형,없음,없음,951020,1945228,126.9458305,37.50502478
2015,2015-06-08 4:56,야,월,1,1,0,0,0,서울,양천구,차량단독,기타,기타,운전자법규위반,안전운전 의무 불이행,단일로,기타단일로,자전거,자전거,없음,없음,940435,1948675,126.8257971,37.5354701
2015,2015-06-08 10:20,주,월,1,1,0,0,0,강원,철원군,차대차,추돌,진행중 추돌,운전자법규위반,안전거리 미확보,단일로,기타단일로,이륜차,소형,건설기계,건설기계,983646,2018001,127.3133185,38.1620906
2015,2015-06-08 10:25,주,월,1,1,0,0,0,전남,목포시,차대사람,횡단중,횡단중,운전자법규위반,안전운전 의무 불이행,교차로,교차로내,화물차,대형,보행자,보행자,901027,1646829,126.4178858,34.81123824
2015,2015-06-08 11:43,주,월,1,1,0,0,0,서울,도봉구,차대사람,차도통행중,차도통행중,운전자법규위반,부당한 회전,교차로,교차로내,승용차,중형,보행자,보행자,959899,1963616,127.0452789,37.67118894
2015,2015-06-08 14:50,주,월,1,1,0,0,0,인천,부평구,차대사람,횡단중,횡단중,운전자법규위반,신호위반,교차로,교차로내,승용차,소형,보행자,보행자,930147,1946217,126.7095927,37.51259452
2015,2015-06-08 18:37,야,월,1,1,0,0,0,인천,연수구,차대사람,기타,기타,운전자법규위반,안전운전 의무 불이행,교차로,교차로내,승합차,소형,보행자,보행자,927203,1935973,126.677296,37.42003994
2015,2015-06-08 20:50,야,월,1,1,0,0,0,충북,청주시,차대사람,횡단중,횡단중,운전자법규위반,안전운전 의무 불이행,단일로,기타단일로,승용차,중형,보행자,보행자,999200,1848164,127.4910518,36.63135797
2015,2015-06-08 20:16,야,월,1,1,0,0,0,경북,경산시,차대사람,차도통행중,차도통행중,운전자법규위반,안전운전 의무 불이행,단일로,기타단일로,승용차,중형,보행자,보행자,1119498,1768313,128.8242378,35.90415666
2015,2015-06-08 22:20,야,월,1,1,0,0,0,부산,강서구,차대사람,횡단중,횡단중,운전자법규위반,안전운전 의무 불이행,단일로,횡단보도상,승용차,소형,보행자,보행자,1130077,1679014,128.9271266,35.09787806
2015,2015-06-09 4:50,야,화,1,1,0,0,0,충남,아산시,차량단독,기타,기타,운전자법규위반,안전운전 의무 불이행,기타/불명,기타/불명,농기계,농기계,없음,없음,948308,1873388,126.9201192,36.8573336
2015,2015-06-09 8:42,주,화,1,1,0,0,0,충북,음성군,차대차,측면충돌,측면충돌,운전자법규위반,안전운전 의무 불이행,단일로,기타단일로,이륜차,소형,승용차,중형,1013275,1902137,127.6494282,37.11781024
2015,2015-06-09 10:30,주,화,1,1,0,0,0,경기,안산시,차대차,추돌,주정차중 추돌,운전자법규위반,안전운전 의무 불이행,단일로,기타단일로,화물차,소형,승용차,중형,945917,1921511,126.8898326,37.29097117
2015,2015-06-09 13:02,주,화,1,1,0,0,0,전북,순창군,차량단독,전도전복,전도전복,운전자법규위반,안전운전 의무 불이행,기타/불명,기타/불명,이륜차,사발이,없음,없음,963600,1717645,127.0988763,35.45394845
2015,2015-06-09 15:30,주,화,1,1,0,0,0,충남,청양군,차대사람,길가장자리구역통행중,길가장자리구역통행중,운전자법규위반,안전운전 의무 불이행,단일로,기타단일로,승용차,중형,보행자,보행자,937904,1828427,126.8070558,36.45141543
2015,2015-06-09 17:50,주,화,1,1,0,0,0,경남,양산시,차대사람,보도통행중,보도통행중,운전자법규위반,기타(운전자법규위반),교차로,교차로내,승용차,중형,보행자,보행자,1138122,1704884,129.0197054,35.32999805
2015,2015-06-09 18:00,야,화,1,1,0,0,0,부산,북구,차대사람,기타,기타,운전자법규위반,안전운전 의무 불이행,단일로,기타단일로,승용차,중형,보행자,보행자,1136262,1691101,128.9969593,35.20601426
2015,2015-06-09 23:59,야,화,1,1,0,0,0,경기,평택시,차량단독,기타,기타,운전자법규위반,안전운전 의무 불이행,단일로,기타단일로,이륜차,소형,없음,없음,961324,1896054,127.0649674,37.06227277
2015,2015-06-10 3:10,야,수,1,1,0,0,0,경기,수원시,차대사람,횡단중,횡단중,운전자법규위반,과속,단일로,횡단보도상,승용차,대형,보행자,보행자,954798,1920743,126.9900712,37.2845228
2015,2015-06-10 8:10,주,수,1,1,0,0,0,강원,고성군,차량단독,도로이탈,도로이탈 추락,운전자법규위반,안전운전 의무 불이행,교차로,교차로내,건설기계,건설기계,없음,없음,1087718,2030709,128.5028063,38.27248518
2015,2015-06-10 10:30,주,수,1,1,0,0,0,전남,순천시,차대차,기타,기타,운전자법규위반,안전운전 의무 불이행,교차로,교차로내,승용차,중형,이륜차,소형,998570,1665162,127.4843326,34.98136852
2015,2015-06-10 11:30,주,수,1,1,0,0,0,대전,유성구,차대차,측면충돌,측면충돌,운전자법규위반,부당한 회전,단일로,기타단일로,화물차,중형,이륜차,소형,989627,1827271,127.384257,36.44294903
2015,2015-06-10 13:40,주,수,1,1,0,0,0,세종,세종,차대차,정면충돌,정면충돌,운전자법규위반,중앙선 침범,단일로,기타단일로,이륜차,소형,승용차,대형,977232,1831842,127.2458186,36.4839431
2015,2015-06-10 17:00,주,수,1,1,0,0,0,경남,함안군,차대사람,보도통행중,보도통행중,운전자법규위반,안전운전 의무 불이행,단일로,기타단일로,화물차,소형,보행자,보행자,1082567,1698408,128.4078932,35.27775002
2015,2015-06-10 20:55,야,수,1,1,0,0,0,충남,보령시,차대차,기타,기타,운전자법규위반,안전운전 의무 불이행,단일로,기타단일로,이륜차,사발이,승합차,대형,920225,1802692,126.6124264,36.21812288
2015,2015-06-10 23:40,야,수,1,1,0,0,0,대구,달서구,차대차,측면충돌,측면충돌,운전자법규위반,부당한 회전,교차로,교차로내,이륜차,소형,승용차,중형,1090956,1762176,128.5072947,35.85190461
2015,2015-06-11 0:29,야,목,1,1,0,0,0,전남,해남군,차대차,기타,기타,운전자법규위반,안전운전 의무 불이행,단일로,기타단일로,승용차,중형,농기계,농기계,915527,1621169,126.5789679,34.5811757
2015,2015-06-11 4:05,야,목,1,1,0,0,0,서울,송파구,차대사람,횡단중,횡단중,운전자법규위반,과속,단일로,횡단보도상,승용차,중형,보행자,보행자,966624,1946172,127.1223301,37.51422979
2015,2015-06-11 5:05,야,목,1,1,0,0,0,서울,양천구,차대차,기타,기타,운전자법규위반,신호위반,단일로,기타단일로,자전거,자전거,승용차,중형,943810.8,1948039,126.8640535,37.52994975
2015,2015-06-11 9:00,주,목,1,1,0,0,0,경기,고양시,차대사람,기타,기타,운전자법규위반,안전운전 의무 불이행,단일로,기타단일로,화물차,소형,보행자,보행자,932013,1961836,126.7292553,37.65350365
2015,2015-06-11 9:15,주,목,1,1,0,0,0,경남,창원시(통합),차대사람,차도통행중,차도통행중,운전자법규위반,신호위반,교차로,교차로내,건설기계,건설기계,보행자,보행자,1109701,1682271,128.7040533,35.129666
2015,2015-06-11 13:15,주,목,1,1,0,0,0,전북,임실군,차량단독,공작물충돌,공작물충돌,운전자법규위반,안전운전 의무 불이행,단일로,기타단일로,승용차,경형,없음,없음,987592,1730450,127.3630681,35.56999564
2015,2015-06-11 14:27,주,목,1,1,0,0,0,인천,중구,차대차,측면충돌,측면충돌,운전자법규위반,중앙선 침범,단일로,기타단일로,승용차,소형,화물차,대형,913937,1946279,126.5261865,37.51178357
2015,2015-06-11 15:30,주,목,1,1,0,0,0,경북,김천시,차량단독,공작물충돌,공작물충돌,운전자법규위반,안전운전 의무 불이행,단일로,기타단일로,이륜차,사발이,없음,없음,1043491,1775823,127.9824145,35.97819944
2015,2015-06-11 16:25,주,목,1,1,0,0,0,부산,해운대구,차대사람,길가장자리구역통행중,길가장자리구역통행중,운전자법규위반,중앙선 침범,단일로,기타단일로,승용차,중형,보행자,보행자,1148597,1689785,129.1321859,35.19240162
2015,2015-06-11 16:53,주,목,1,1,0,0,0,경남,김해시,차대사람,횡단중,횡단중,운전자법규위반,보행자 보호의무 위반,단일로,횡단보도상,건설기계,건설기계,보행자,보행자,1123003,1693843,128.8517452,35.23244541
2015,2015-06-11 18:30,야,목,1,1,0,0,0,충남,서산시,차대차,추돌,주정차중 추돌,운전자법규위반,안전운전 의무 불이행,단일로,기타단일로,이륜차,소형,화물차,소형,907153,1865871,126.4594141,36.78643281
2015,2015-06-11 21:30,야,목,1,1,0,0,0,충남,부여군,차량단독,도로이탈,도로이탈 기타,운전자법규위반,안전운전 의무 불이행,기타/불명,기타/불명,화물차,경형,없음,없음,940294,1802462,126.8357151,36.21749721
2015,2015-06-12 4:38,야,금,1,1,0,0,0,서울,영등포구,차대사람,횡단중,횡단중,운전자법규위반,안전운전 의무 불이행,교차로,교차로부근,승용차,중형,보행자,보행자,946763,1943328,126.8978058,37.48766398
2015,2015-06-12 5:10,야,금,1,1,0,0,0,경기,김포시,차대사람,횡단중,횡단중,운전자법규위반,안전운전 의무 불이행,단일로,기타단일로,승용차,소형,보행자,보행자,925338,1960600,126.6537168,37.64184559
2015,2015-06-12 8:13,주,금,1,1,0,0,0,강원,영월군,차대사람,횡단중,횡단중,운전자법규위반,안전운전 의무 불이행,단일로,기타단일로,승용차,중형,보행자,보행자,1086741,1909484,128.4771768,37.18010213
2015,2015-06-12 9:53,주,금,1,1,0,0,0,전북,고창군,차대차,측면충돌,측면충돌,운전자법규위반,직진 및 우회전차의 통행방해,교차로,교차로내,이륜차,사발이,화물차,소형,917851,1706542,126.5958867,35.35111934
2015,2015-06-12 11:38,주,금,1,1,0,0,0,경북,경주시,차량단독,전도전복,전도전복,운전자법규위반,안전운전 의무 불이행,단일로,기타단일로,승용차,소형,없음,없음,1159469,1785032,129.27038,36.04912277
2015,2015-06-12 16:30,주,금,1,1,0,0,0,충남,금산군,차대차,측면충돌,측면충돌,운전자법규위반,안전운전 의무 불이행,단일로,기타단일로,승용차,경형,자전거,자전거,999665,1789587,127.4962782,36.10326377