발생년,발생년월일시분,주야,요일,사망자수,사상자수,중상자수,경상자수,부상신고자수,발생지시도,발생지시군구,사고유형_대분류,사고유형_중분류,사고유형,법규위반_대분류,법규위반,도로형태_대분류,도로형태,가해자_당사자종별_대분류,가해자_당사자종별,피해자_당사자종별_대분류,피해자_당사자종별,발생위치X_UTMK,발생위치Y_UTMK,경도,위도
2015,2015-06-12 17:30,주,금,1,1,0,0,0,전남,고흥군,차량단독,도로이탈,도로이탈 추락,운전자법규위반,안전운전 의무 불이행,단일로,기타단일로,이륜차,사발이,없음,없음,985218,1633612,127.3386017,34.69675483
2015,2015-06-13 2:23,야,토,1,1,0,0,0,경기,부천시,차대사람,횡단중,횡단중,운전자법규위반,안전운전 의무 불이행,단일로,횡단보도상,승용차,대형,보행자,보행자,936812,1944221,126.7851751,37.49508524
2015,2015-06-13 6:18,주,토,1,1,0,0,0,경남,창원시(통합),차대차,측면충돌,측면충돌,운전자법규위반,부당한 회전,단일로,횡단보도상,자전거,자전거,승용차,대형,1109672,1691557,128.7049697,35.2133842
2015,2015-06-13 14:56,주,토,1,1,0,0,0,경북,예천군,차대차,추돌,진행중 추돌,운전자법규위반,안전운전 의무 불이행,단일로,기타단일로,화물차,소형,원동기장치자전거,원동기장치자전거,1092026,1845745,128.5289653,36.60510863
2015,2015-06-13 15:36,주,토,1,1,0,0,0,경북,울진군,차대차,기타,기타,운전자법규위반,안전운전 의무 불이행,교차로,교차로내,승용차,소형,이륜차,중형,1168297,1899110,129.3932649,37.07550421
2015,2015-06-13 16:50,주,토,1,1,0,0,0,전남,강진군,차량단독,도로이탈,도로이탈 추락,운전자법규위반,안전운전 의무 불이행,단일로,기타단일로,이륜차,사발이,없음,없음,932401,1615252,126.763405,34.52906971
2015,2015-06-13 16:00,주,토,1,1,0,0,0,대전,동구,차대사람,차도통행중,차도통행중,운전자법규위반,안전운전 의무 불이행,단일로,기타단일로,승용차,중형,보행자,보행자,993948.4,1817256,127.4325536,36.35269744
2015,2015-06-13 17:35,주,토,1,1,0,0,0,충북,보은군,차대차,추돌,진행중 추돌,운전자법규위반,안전운전 의무 불이행,교차로,교차로내,화물차,소형,이륜차,소형,1003751.4,1825950.6,127.5418522,36.43109402
2015,2015-06-13 17:00,주,토,1,1,0,0,0,충남,아산시,차대사람,횡단중,횡단중,운전자법규위반,보행자 보호의무 위반,단일로,기타단일로,화물차,소형,보행자,보행자,954339,1855633,126.9888362,36.69759358
2015,2015-06-14 3:40,야,일,1,1,0,0,0,울산,동구,차량단독,기타,기타,운전자법규위반,안전운전 의무 불이행,기타/불명,기타/불명,이륜차,중형,없음,없음,1174476,1722602,129.4233061,35.4839802
2015,2015-06-14 6:52,주,일,1,1,0,0,0,충남,예산군,차량단독,공작물충돌,공작물충돌,운전자법규위반,안전운전 의무 불이행,단일로,기타단일로,승용차,경형,없음,없음,939918,1854730,126.8274764,36.68865117
2015,2015-06-14 8:05,주,일,1,1,0,0,0,경남,창원시(통합),차대사람,횡단중,횡단중,운전자법규위반,안전운전 의무 불이행,교차로,교차로부근,승합차,대형,보행자,보행자,1120323,1678726,128.820096,35.0964941
2015,2015-06-14 10:30,주,일,1,1,0,0,0,경기,포천시,차량단독,전도전복,전도전복,운전자법규위반,안전운전 의무 불이행,단일로,기타단일로,이륜차,중형,없음,없음,975162,2001688,127.2170416,38.01487332
2015,2015-06-14 20:25,야,일,1,1,0,0,0,경기,파주시,차대사람,차도통행중,차도통행중,운전자법규위반,안전운전 의무 불이행,기타/불명,기타/불명,승용차,소형,보행자,보행자,940484,1971261,126.8245112,37.73903705
2015,2015-06-15 10:00,주,월,1,1,0,0,0,강원,강릉시,차대차,측면충돌,측면충돌,운전자법규위반,안전운전 의무 불이행,단일로,기타단일로,건설기계,건설기계,이륜차,중형,1120904,1972740,128.8723333,37.74631319
2015,2015-06-15 13:30,주,월,1,1,0,0,0,서울,중랑구,차대사람,횡단중,횡단중,운전자법규위반,안전운전 의무 불이행,단일로,기타단일로,화물차,소형,보행자,보행자,964086,1955088,127.0931751,37.59449755
2015,2015-06-15 15:09,주,월,1,1,0,0,0,부산,사하구,차대사람,기타,기타,운전자법규위반,안전운전 의무 불이행,단일로,기타단일로,화물차,소형,보행자,보행자,1134642,1678197,128.9770637,35.08991357
2015,2015-06-15 17:43,주,월,1,1,0,0,0,서울,은평구,차대사람,차도통행중,차도통행중,운전자법규위반,안전운전 의무 불이행,단일로,기타단일로,건설기계,건설기계,보행자,보행자,946479,1953905,126.8938223,37.5829792
2015,2015-06-15 18:00,야,월,1,1,0,0,0,경기,평택시,차량단독,공작물충돌,공작물충돌,운전자법규위반,안전운전 의무 불이행,단일로,기타단일로,원동기장치자전거,원동기장치자전거,없음,없음,958516,1901121,127.0331036,37.10782668
2015,2015-06-15 21:55,야,월,1,1,0,0,0,경기,평택시,차대사람,횡단중,횡단중,운전자법규위반,신호위반,단일로,기타단일로,승용차,중형,보행자,보행자,959940,1889685,127.0497395,37.00480386
2015,2015-06-15 21:16,야,월,1,1,0,0,0,경남,창원시(통합),차량단독,전도전복,전도전복,운전자법규위반,안전운전 의무 불이행,단일로,기타단일로,화물차,소형,없음,없음,1079368,1681844,128.3711249,35.12866635
2015,2015-06-15 21:50,야,월,1,1,0,0,0,제주,제주시,차량단독,도로이탈,도로이탈 기타,운전자법규위반,안전운전 의무 불이행,단일로,기타단일로,이륜차,사발이,없음,없음,887028,1487791,126.2855163,33.37578066
2015,2015-06-16 6:30,주,화,1,1,0,0,0,전남,영광군,차량단독,도로이탈,도로이탈 추락,운전자법규위반,안전운전 의무 불이행,단일로,기타단일로,화물차,경형,없음,없음,901138,1692932,126.4136149,35.22690425
2015,2015-06-16 8:05,주,화,1,1,0,0,0,대전,대덕구,차대차,기타,기타,운전자법규위반,신호위반,교차로,교차로부근,승합차,대형,자전거,자전거,992792,1827894,127.4195665,36.44859455
2015,2015-06-16 11:35,주,화,1,1,0,0,0,경북,안동시,차대사람,차도통행중,차도통행중,운전자법규위반,과속,단일로,기타단일로,승용차,중형,보행자,보행자,1102611,1843981,128.647063,36.58812873
2015,2015-06-16 11:37,주,화,1,1,0,0,0,경남,함안군,차량단독,공작물충돌,공작물충돌,운전자법규위반,안전운전 의무 불이행,단일로,기타단일로,화물차,소형,없음,없음,1076844,1700053,128.3451245,35.29303728
2015,2015-06-16 13:30,주,화,1,1,0,0,0,경북,칠곡군,차대사람,횡단중,횡단중,운전자법규위반,안전운전 의무 불이행,단일로,기타단일로,승용차,중형,보행자,보행자,1089516,1771363,128.4923827,35.93485574
2015,2015-06-16 18:03,야,화,1,1,0,0,0,경기,화성시,차대사람,차도통행중,차도통행중,운전자법규위반,안전운전 의무 불이행,단일로,기타단일로,승용차,중형,보행자,보행자,966651,1905936,127.1244454,37.15155444
2015,2015-06-16 19:10,야,화,1,1,0,0,0,전남,나주시,차대사람,횡단중,횡단중,운전자법규위반,안전운전 의무 불이행,단일로,기타단일로,승용차,중형,보행자,보행자,929169,1673128,126.7233126,35.05071598
2015,2015-06-16 20:20,야,화,1,1,0,0,0,전북,고창군,차대차,기타,기타,운전자법규위반,안전운전 의무 불이행,단일로,기타단일로,원동기장치자전거,원동기장치자전거,화물차,소형,925574,1728651,126.6788535,35.55105646
2015,2015-06-16 22:30,야,화,1,1,0,0,0,전남,영암군,차량단독,공작물충돌,공작물충돌,운전자법규위반,안전운전 의무 불이행,단일로,기타단일로,화물차,소형,없음,없음,928721,1649294,126.7204371,34.83578072
2015,2015-06-17 0:30,야,수,1,1,0,0,0,충북,충주시,차량단독,전도전복,전도전복,운전자법규위반,안전운전 의무 불이행,단일로,기타단일로,화물차,경형,없음,없음,1038044.2,1894337.3,127.9278393,37.04682412
2015,2015-06-17 3:20,야,수,1,1,0,0,0,경기,김포시,차대차,추돌,진행중 추돌,운전자법규위반,안전운전 의무 불이행,단일로,기타단일로,승용차,중형,원동기장치자전거,원동기장치자전거,917872,1967523,126.5683208,37.70359976
2015,2015-06-17 10:55,주,수,1,1,0,0,0,부산,사하구,차대사람,보도통행중,보도통행중,운전자법규위반,보행자 보호의무 위반,교차로,교차로부근,승용차,중형,보행자,보행자,1134634,1679555,128.9771968,35.10215605
2015,2015-06-17 16:10,주,수,1,1,0,0,0,전북,군산시,차대차,기타,기타,운전자법규위반,중앙선 침범,교차로,교차로부근,화물차,소형,자전거,자전거,935533,1769760,126.7854197,35.92237858
2015,2015-06-17 16:40,주,수,1,1,0,0,0,경북,경주시,차대사람,기타,기타,운전자법규위반,안전운전 의무 불이행,기타/불명,기타/불명,승용차,중형,보행자,보행자,1154610,1764332,129.2124264,35.8633595
2015,2015-06-17 17:00,주,수,1,1,0,0,0,경남,진주시,차대차,측면충돌,측면충돌,운전자법규위반,직진 및 우회전차의 통행방해,교차로,교차로내,승용차,중형,원동기장치자전거,원동기장치자전거,1052852,1688966,128.0805642,35.19462593
2015,2015-06-17 20:33,야,수,1,1,0,0,0,전북,전주시,차대차,측면충돌,측면충돌,운전자법규위반,안전운전 의무 불이행,교차로,교차로내,승합차,대형,이륜차,소형,963433,1756832,127.095259,35.80726308
2015,2015-06-17 20:15,야,수,1,1,0,0,0,경남,진주시,차대사람,기타,기타,운전자법규위반,안전운전 의무 불이행,단일로,기타단일로,승용차,소형,보행자,보행자,1053948,1686947,128.0924707,35.17636294
2015,2015-06-17 21:25,야,수,1,1,0,0,0,강원,원주시,차대사람,기타,기타,운전자법규위반,안전운전 의무 불이행,단일로,기타단일로,승용차,중형,보행자,보행자,1037271,1928867,127.9208689,37.35810167
2015,2015-06-17 21:25,야,수,1,1,0,0,0,강원,삼척시,차대차,추돌,진행중 추돌,운전자법규위반,안전운전 의무 불이행,단일로,기타단일로,승용차,중형,자전거,자전거,1162742,1916872,129.3346674,37.23651307
2015,2015-06-17 22:35,야,수,1,1,0,0,0,울산,북구,차대사람,기타,기타,운전자법규위반,안전운전 의무 불이행,단일로,기타단일로,승용차,소형,보행자,보행자,1166654,1741668,129.3410503,35.65714494
2015,2015-06-17 23:24,야,수,1,1,0,0,0,경남,거제시,차대사람,횡단중,횡단중,운전자법규위반,안전운전 의무 불이행,단일로,기타단일로,승용차,중형,보행자,보행자,1109199,1653130,128.6947195,34.86700075
2015,2015-06-17 23:40,야,수,1,1,0,0,0,경남,김해시,차대차,추돌,주정차중 추돌,운전자법규위반,기타(운전자법규위반),교차로,교차로부근,화물차,대형,화물차,소형,1116022,1697172,128.7755147,35.26328817
2015,2015-06-18 5:40,야,목,1,1,0,0,0,경기,광주시,차대차,추돌,진행중 추돌,운전자법규위반,안전운전 의무 불이행,단일로,기타단일로,원동기장치자전거,원동기장치자전거,화물차,중형,974991,1933876,127.2174239,37.4036631
2015,2015-06-18 6:45,주,목,1,1,0,0,0,경남,창녕군,차대차,측면충돌,측면충돌,운전자법규위반,과속,교차로,교차로부근,화물차,중형,이륜차,소형,1081506,1714990,128.3978812,35.42733713
2015,2015-06-18 17:55,주,목,1,1,0,0,0,경북,칠곡군,차대차,측면충돌,측면충돌,운전자법규위반,신호위반,교차로,교차로내,화물차,중형,이륜차,중형,1094171,1790076,128.5462084,36.10310475
2015,2015-06-18 18:00,야,목,1,1,0,0,0,전북,진안군,차량단독,전도전복,전도전복,운전자법규위반,안전운전 의무 불이행,단일로,기타단일로,화물차,소형,없음,없음,998634,1757674,127.4848789,35.8155351
2015,2015-06-18 20:23,야,목,1,1,0,0,0,경기,화성시,차대사람,횡단중,횡단중,운전자법규위반,안전운전 의무 불이행,교차로,교차로부근,승용차,소형,보행자,보행자,949483,1907207,126.931032,37.16224065
2015,2015-06-18 20:20,야,목,1,1,0,0,0,강원,춘천시,차대차,추돌,진행중 추돌,운전자법규위반,안전운전 의무 불이행,단일로,기타단일로,승용차,중형,농기계,농기계,1023781,1983030,127.7703006,37.84673888
2015,2015-06-18 23:45,야,목,1,1,0,0,0,울산,북구,차대사람,횡단중,횡단중,운전자법규위반,과속,단일로,기타단일로,승용차,대형,보행자,보행자,1167868,1735985,129.3532724,35.60572534
2015,2015-06-19 4:30,야,금,1,1,0,0,0,경기,화성시,차량단독,전도전복,전도전복,운전자법규위반,안전운전 의무 불이행,단일로,기타단일로,승용차,중형,없음,없음,960402,1912248,127.0537405,37.2082062
2015,2015-06-19 7:30,주,금,1,1,0,0,0,경기,동두천시,차대차,추돌,진행중 추돌,운전자법규위반,안전운전 의무 불이행,단일로,기타단일로,화물차,대형,원동기장치자전거,원동기장치자전거,959927,1989467,127.0441674,37.9041837
2015,2015-06-19 11:00,주,금,1,1,0,0,0,서울,용산구,차대차,측면충돌,측면충돌,운전자법규위반,신호위반,교차로,교차로내,자전거,자전거,승용차,중형,953359,1949578,126.9720171,37.54435358
2015,2015-06-19 11:50,주,금,1,1,0,0,0,경기,성남시,차량단독,공작물충돌,공작물충돌,운전자법규위반,안전운전 의무 불이행,단일로,기타단일로,건설기계,건설기계,없음,없음,962442,1933014,127.0756799,37.39546953
2015,2015-06-19 17:30,주,금,1,1,0,0,0,전남,강진군,차대차,기타,기타,운전자법규위반,안전운전 의무 불이행,단일로,기타단일로,자전거,자전거,화물차,소형,932447,1626937,126.7629766,34.63444006
2015,2015-06-19 18:05,야,금,1,1,0,0,0,경기,의정부시,차대차,추돌,진행중 추돌,운전자법규위반,안전운전 의무 불이행,단일로,기타단일로,화물차,중형,자전거,자전거,963966,1973830,127.0908892,37.76341756
2015,2015-06-19 22:55,야,금,1,1,0,0,0,경기,성남시,차대차,측면충돌,측면충돌,운전자법규위반,신호위반,교차로,교차로내,이륜차,중형,승용차,소형,969714,1937075,127.1576689,37.43234018
2015,2015-06-20 1:35,야,토,1,1,0,0,0,서울,동작구,차대사람,차도통행중,차도통행중,운전자법규위반,안전운전 의무 불이행,교차로,교차로내,승용차,대형,보행자,보행자,951054,1945196,126.9462173,37.50473816
2015,2015-06-20 4:48,야,토,1,1,0,0,0,경북,포항시,차량단독,공작물충돌,공작물충돌,운전자법규위반,안전운전 의무 불이행,단일로,기타단일로,승용차,소형,없음,없음,1165852,1793886,129.3430722,36.12784023
2015,2015-06-20 6:48,주,토,1,1,0,0,0,부산,부산진구,차대사람,기타,기타,운전자법규위반,안전운전 의무 불이행,단일로,기타단일로,승용차,중형,보행자,보행자,1141037,1685323,129.0484119,35.15327229
2015,2015-06-20 8:17,주,토,1,1,0,0,0,전남,화순군,차량단독,기타,기타,운전자법규위반,안전운전 의무 불이행,단일로,기타단일로,이륜차,소형,없음,없음,947226,1668416,126.921603,35.00933422
2015,2015-06-20 12:10,주,토,1,1,0,0,0,대전,동구,차대차,측면충돌,측면충돌,운전자법규위반,교차로 통행방법 위반,교차로,교차로내,원동기장치자전거,원동기장치자전거,승용차,중형,993834.6,1814510.3,127.431307,36.32794307
2015,2015-06-20 14:10,주,토,1,1,0,0,0,경남,사천시,차대차,측면충돌,측면충돌,운전자법규위반,직진 및 우회전차의 통행방해,교차로,교차로내,이륜차,소형,승용차,중형,1053378,1661619,128.0845808,34.94801393
2015,2015-06-20 16:50,주,토,1,1,0,0,0,경기,연천군,차량단독,공작물충돌,공작물충돌,운전자법규위반,안전운전 의무 불이행,단일로,기타단일로,승용차,소형,없음,없음,962303,1998913,127.0706988,37.98941949
2015,2015-06-20 19:40,야,토,1,1,0,0,0,부산,사하구,차대차,정면충돌,정면충돌,운전자법규위반,신호위반,교차로,교차로내,이륜차,중형,승용차,중형,1134127,1674193,128.9707678,35.05388878
2015,2015-06-20 20:05,야,토,1,1,0,0,0,경기,안산시,차량단독,공작물충돌,공작물충돌,운전자법규위반,안전운전 의무 불이행,단일로,기타단일로,승용차,소형,없음,없음,943417,1928239,126.8611158,37.35146442
2015,2015-06-21 10:45,주,일,1,1,0,0,0,경남,창원시(통합),차대차,기타,기타,운전자법규위반,안전운전 의무 불이행,단일로,기타단일로,이륜차,중형,승용차,대형,1095339,1684218,128.5466691,35.1486831
2015,2015-06-21 11:40,주,일,1,1,0,0,0,전북,전주시,차대차,측면충돌,측면충돌,운전자법규위반,안전운전 의무 불이행,교차로,교차로부근,승용차,중형,자전거,자전거,965602,1761443,127.1190674,35.84891429
2015,2015-06-21 11:25,주,일,1,1,0,0,0,제주,서귀포시,차량단독,전도전복,전도전복,운전자법규위반,안전운전 의무 불이행,기타/불명,기타/불명,농기계,농기계,없음,없음,894413,1477821,126.3660588,33.28662129
2015,2015-06-21 12:35,주,일,1,1,0,0,0,강원,춘천시,차량단독,전도전복,전도전복,운전자법규위반,안전운전 의무 불이행,단일로,기타단일로,이륜차,소형,없음,없음,1023528,1982136,127.7673959,37.83868779
2015,2015-06-21 14:45,주,일,1,1,0,0,0,경기,광주시,차량단독,전도전복,전도전복,운전자법규위반,안전운전 의무 불이행,단일로,기타단일로,자전거,자전거,없음,없음,984899,1928605,127.3294812,37.35636586
2015,2015-06-21 17:00,주,일,1,1,0,0,0,전남,구례군,차량단독,전도전복,전도전복,운전자법규위반,안전운전 의무 불이행,단일로,기타단일로,이륜차,대형,없음,없음,992253,1697446,127.4148196,35.27245253
2015,2015-06-21 20:20,야,일,1,1,0,0,0,전북,부안군,차대차,측면충돌,측면충돌,운전자법규위반,교차로 통행방법 위반,교차로,교차로내,승합차,대형,이륜차,소형,930368,1746938,126.7301622,35.71627479
2015,2015-06-22 2:11,야,월,1,1,0,0,0,경기,안성시,차대차,기타,기타,운전자법규위반,안전운전 의무 불이행,단일로,기타단일로,화물차,중형,승합차,소형,967630,1893018,127.1360274,37.03514466
2015,2015-06-22 3:05,야,월,1,1,0,0,0,경북,구미시,차대사람,기타,기타,운전자법규위반,안전운전 의무 불이행,교차로,교차로부근,승용차,대형,보행자,보행자,1072846,1814218,128.3115637,36.32257244
2015,2015-06-22 9:20,주,월,1,1,0,0,0,경남,창원시(통합),차대사람,길가장자리구역통행중,길가장자리구역통행중,운전자법규위반,안전운전 의무 불이행,단일로,기타단일로,화물차,소형,보행자,보행자,1109459,1687885,128.702142,35.18030381
2015,2015-06-22 9:19,주,월,1,1,0,0,0,경남,김해시,차대차,기타,기타,운전자법규위반,안전운전 의무 불이행,단일로,기타단일로,건설기계,건설기계,자전거,자전거,1112825,1702397,128.741094,35.31075636
2015,2015-06-22 10:05,주,월,1,1,0,0,0,경남,사천시,차대사람,횡단중,횡단중,운전자법규위반,안전운전 의무 불이행,교차로,교차로내,화물차,경형,보행자,보행자,1053725,1676207,128.0893237,35.07953476
2015,2015-06-22 11:30,주,월,1,1,0,0,0,충남,논산시,차대차,측면충돌,측면충돌,운전자법규위반,안전거리 미확보,단일로,기타단일로,자전거,자전거,화물차,소형,965008,1792716,127.111108,36.13084287
2015,2015-06-22 13:30,주,월,1,1,0,0,0,충남,서천군,차대차,기타,기타,운전자법규위반,직진 및 우회전차의 통행방해,교차로,교차로내,원동기장치자전거,원동기장치자전거,화물차,소형,926838,1786908,126.6874644,36.07635617
2015,2015-06-22 14:20,주,월,1,1,0,0,0,전북,김제시,차대차,측면충돌,측면충돌,운전자법규위반,중앙선 침범,단일로,기타단일로,자전거,자전거,화물차,소형,936818,1757851,126.8006064,35.8150973
2015,2015-06-22 14:20,주,월,1,1,0,0,0,제주,제주시,차량단독,기타,기타,운전자법규위반,안전운전 의무 불이행,단일로,기타단일로,화물차,소형,없음,없음,905678,1497653,126.4849449,33.46651924
2015,2015-06-22 21:30,야,월,1,1,0,0,0,경기,가평군,차대사람,횡단중,횡단중,운전자법규위반,안전운전 의무 불이행,단일로,기타단일로,승용차,대형,보행자,보행자,992960,1971063,127.4200975,37.73916083
2015,2015-06-22 22:20,야,월,1,1,0,0,0,인천,연수구,차대차,기타,기타,운전자법규위반,안전운전 의무 불이행,단일로,터널안,승용차,중형,이륜차,소형,929016,1936233,126.6977585,37.42252411
2015,2015-06-22 23:33,야,월,1,1,0,0,0,서울,동대문구,차대차,정면충돌,정면충돌,운전자법규위반,신호위반,단일로,기타단일로,승용차,중형,이륜차,대형,961597,1951520,127.0651681,37.5622376
2015,2015-06-22 23:37,야,월,1,1,0,0,0,서울,금천구,차대사람,기타,기타,운전자법규위반,안전운전 의무 불이행,교차로,교차로내,승용차,중형,보행자,보행자,947389,1940122,126.9051156,37.45880347
2015,2015-06-23 5:48,야,화,1,1,0,0,0,경기,성남시,차량단독,공작물충돌,공작물충돌,운전자법규위반,안전운전 의무 불이행,단일로,기타단일로,승용차,중형,없음,없음,966935,1938993,127.1261717,37.44953306
2015,2015-06-23 7:50,주,화,1,1,0,0,0,대구,수성구,차대사람,기타,기타,운전자법규위반,안전운전 의무 불이행,단일로,기타단일로,승용차,중형,보행자,보행자,1101567,1759886,128.6244959,35.83021905
2015,2015-06-23 11:37,주,화,1,1,0,0,0,경기,화성시,차량단독,공작물충돌,공작물충돌,운전자법규위반,안전운전 의무 불이행,단일로,기타단일로,자전거,자전거,없음,없음,938796,1907918,126.8106144,37.16801028
2015,2015-06-23 16:14,주,화,1,1,0,0,0,경남,창녕군,차대차,기타,기타,운전자법규위반,안전운전 의무 불이행,단일로,기타단일로,승용차,중형,자전거,자전거,1089071,1728997,128.4827442,35.55296723
2015,2015-06-23 20:20,야,화,1,1,0,0,0,전남,영광군,차대사람,횡단중,횡단중,운전자법규위반,안전운전 의무 불이행,단일로,횡단보도부근,승용차,중형,보행자,보행자,904232,1711427,126.4454473,35.39394533
2015,2015-06-23 21:37,야,화,1,1,0,0,0,충남,논산시,차대사람,길가장자리구역통행중,길가장자리구역통행중,운전자법규위반,안전운전 의무 불이행,단일로,기타단일로,승용차,중형,보행자,보행자,956607,1796623,127.0175285,36.16572653
2015,2015-06-23 21:10,야,화,1,1,0,0,0,전북,부안군,차대사람,길가장자리구역통행중,길가장자리구역통행중,운전자법규위반,안전운전 의무 불이행,단일로,기타단일로,승용차,중형,보행자,보행자,920129,1733593,126.6182965,35.59518709
2015,2015-06-23 22:29,야,화,1,1,0,0,0,전남,목포시,차대사람,횡단중,횡단중,운전자법규위반,안전운전 의무 불이행,기타/불명,기타/불명,승용차,중형,보행자,보행자,898731,1644955,126.3930127,34.79411636
2015,2015-06-23 23:18,야,화,1,1,0,0,0,경북,포항시,차대사람,횡단중,횡단중,운전자법규위반,보행자 보호의무 위반,단일로,횡단보도상,승용차,경형,보행자,보행자,1171553,1776526,129.4026256,35.97042004
2015,2015-06-24 2:57,야,수,1,1,0,0,0,서울,서초구,차량단독,기타,기타,운전자법규위반,안전운전 의무 불이행,단일로,기타단일로,승용차,중형,없음,없음,957835,1943711,127.0230211,37.49168808
2015,2015-06-24 3:47,야,수,1,1,0,0,0,인천,부평구,차량단독,기타,기타,운전자법규위반,기타(운전자법규위반),단일로,기타단일로,화물차,소형,없음,없음,931339,1946678,126.7230363,37.51683891
2015,2015-06-24 6:35,주,수,1,1,0,0,0,경기,안양시,차대사람,보도통행중,보도통행중,운전자법규위반,기타(운전자법규위반),단일로,기타단일로,화물차,소형,보행자,보행자,951119,1933625,126.9477201,37.40044849
2015,2015-06-24 9:10,주,수,1,1,0,0,0,충북,충주시,차대차,기타,기타,운전자법규위반,기타(운전자법규위반),단일로,기타단일로,화물차,대형,화물차,소형,1031760,1892336,127.857085,37.02901781
2015,2015-06-24 12:18,주,수,1,1,0,0,0,부산,수영구,차대차,측면충돌,측면충돌,운전자법규위반,부당한 회전,교차로,교차로부근,자전거,자전거,승용차,소형,1147055,1684724,129.1143525,35.14701087
2015,2015-06-24 17:55,주,수,1,1,0,0,0,전남,화순군,차량단독,기타,기타,운전자법규위반,안전운전 의무 불이행,단일로,기타단일로,화물차,대형,없음,없음,953982,1674929,126.9952842,35.0683924
2015,2015-06-24 17:10,주,수,1,1,0,0,0,인천,부평구,차대차,측면충돌,측면충돌,운전자법규위반,안전운전 의무 불이행,교차로,교차로부근,승용차,중형,자전거,자전거,933084,1947227,126.742731,37.52191521
2015,2015-06-24 20:15,야,수,1,1,0,0,0,제주,서귀포시,차량단독,기타,기타,운전자법규위반,안전운전 의무 불이행,단일로,기타단일로,승용차,중형,없음,없음,945301,1496067,126.9114215,33.45497295
2015,2015-06-24 22:30,야,수,1,1,0,0,0,경기,의정부시,차대사람,기타,기타,운전자법규위반,안전운전 의무 불이행,기타/불명,기타/불명,승용차,소형,보행자,보행자,964814,1968955,127.1007528,37.71951183
2015,2015-06-25 5:08,야,목,1,1,0,0,0,서울,양천구,차량단독,공작물충돌,공작물충돌,운전자법규위반,안전운전 의무 불이행,단일로,기타단일로,화물차,소형,없음,없음,944671,1947994,126.8737921,37.52959619
2015,2015-06-25 8:20,주,목,1,1,0,0,0,충남,아산시,차대차,측면충돌,측면충돌,운전자법규위반,직진 및 우회전차의 통행방해,교차로,교차로내,화물차,대형,자전거,자전거,950376,1869548,126.9435678,36.8228298
2015,2015-06-25 10:20,주,목,1,1,0,0,0,전남,여수시,차대사람,횡단중,횡단중,운전자법규위반,보행자 보호의무 위반,교차로,교차로내,화물차,소형,보행자,보행자,1014191,1641702,127.6550817,34.76971725
2015,2015-06-25 11:55,주,목,1,1,0,0,0,경기,포천시,차량단독,전도전복,전도전복,운전자법규위반,안전운전 의무 불이행,단일로,기타단일로,이륜차,중형,없음,없음,986008,2000050,127.3406323,38.00034267
2015,2015-06-25 15:30,주,목,1,1,0,0,0,서울,강북구,차대차,기타,기타,운전자법규위반,안전운전 의무 불이행,단일로,기타단일로,원동기장치자전거,원동기장치자전거,자전거,자전거,958826.9,1959696.6,127.0333434,37.63581537
2015,2015-06-25 16:05,주,목,1,1,0,0,0,충북,괴산군,차대사람,기타,기타,운전자법규위반,안전운전 의무 불이행,단일로,기타단일로,화물차,소형,보행자,보행자,1022821,1853823,127.755425,36.68209997
2015,2015-06-25 17:34,주,목,1,1,0,0,0,전남,강진군,차대차,추돌,주정차중 추돌,운전자법규위반,안전운전 의무 불이행,단일로,기타단일로,승용차,중형,승용차,대형,927200,1633922,126.7051336,34.69706494
2015,2015-06-25 22:15,야,목,1,1,0,0,0,서울,강동구,차대사람,횡단중,횡단중,운전자법규위반,안전운전 의무 불이행,단일로,기타단일로,승합차,대형,보행자,보행자,970834,1949615,127.1698313,37.54540588
2015,2015-06-25 22:00,야,목,1,1,0,0,0,전북,전주시,차대사람,보도통행중,보도통행중,운전자법규위반,보행자 보호의무 위반,단일로,기타단일로,승합차,대형,보행자,보행자,967746,1759257,127.1428985,35.82927822
2015,2015-06-25 23:39,야,목,1,1,0,0,0,서울,영등포구,차대사람,기타,기타,운전자법규위반,안전운전 의무 불이행,교차로,교차로부근,승용차,중형,보행자,보행자,946073,1947035,126.8897293,37.52103568
2015,2015-06-26 1:25,야,금,1,1,0,0,0,경북,구미시,차대사람,기타,기타,운전자법규위반,신호위반,단일로,횡단보도상,승합차,소형,보행자,보행자,1083471,1789409,128.4272792,36.09807096
2015,2015-06-26 2:00,야,금,1,1,0,0,0,충북,청주시,차대사람,기타,기타,운전자법규위반,안전운전 의무 불이행,단일로,기타단일로,승용차,중형,보행자,보행자,998983,1850779,127.4886212,36.65493191
2015,2015-06-26 5:19,야,금,1,1,0,0,0,전북,익산시,차량단독,공작물충돌,공작물충돌,운전자법규위반,안전운전 의무 불이행,단일로,기타단일로,승용차,소형,없음,없음,950663,1774851,126.9528029,35.96915807
2015,2015-06-26 8:14,주,금,1,1,0,0,0,충남,논산시,차대차,측면충돌,측면충돌,운전자법규위반,중앙선 침범,단일로,기타단일로,원동기장치자전거,원동기장치자전거,승용차,중형,956556,1798692,127.016847,36.18437702