발생년,발생년월일시분,주야,요일,사망자수,사상자수,중상자수,경상자수,부상신고자수,발생지시도,발생지시군구,사고유형_대분류,사고유형_중분류,사고유형,법규위반_대분류,법규위반,도로형태_대분류,도로형태,가해자_당사자종별_대분류,가해자_당사자종별,피해자_당사자종별_대분류,피해자_당사자종별,발생위치X_UTMK,발생위치Y_UTMK,경도,위도
2015,2015-06-26 11:40,주,금,1,1,0,0,0,경기,평택시,차대사람,횡단중,횡단중,운전자법규위반,안전운전 의무 불이행,교차로,교차로내,화물차,소형,보행자,보행자,960125.7,1897930.4,127.0513896,37.07913653
2015,2015-06-26 14:30,주,금,1,1,0,0,0,경북,영덕군,차대차,측면충돌,측면충돌,운전자법규위반,안전거리 미확보,단일로,기타단일로,원동기장치자전거,원동기장치자전거,승용차,소형,1168672,1819518,129.3799199,36.35831695
2015,2015-06-26 16:48,주,금,1,1,0,0,0,경기,군포시,차대차,기타,기타,운전자법규위반,차로위반(진로변경 위반),단일로,기타단일로,자전거,자전거,승용차,소형,948413,1925139,126.9177391,37.32381394
2015,2015-06-26 17:22,주,금,1,1,0,0,0,충남,청양군,차량단독,전도전복,전도전복,운전자법규위반,안전운전 의무 불이행,단일로,기타단일로,원동기장치자전거,원동기장치자전거,없음,없음,951082,1816474,126.9548585,36.34442302
2015,2015-06-26 17:40,주,금,1,1,0,0,0,대구,수성구,차대사람,횡단중,횡단중,운전자법규위반,안전운전 의무 불이행,교차로,교차로내,승용차,중형,보행자,보행자,1107899,1760919,128.6947268,35.83885445
2015,2015-06-26 18:41,야,금,1,1,0,0,0,전남,여수시,차대사람,차도통행중,차도통행중,운전자법규위반,안전운전 의무 불이행,교차로,교차로내,화물차,소형,보행자,보행자,1012709,1642239,127.6388943,34.77457933
2015,2015-06-26 19:00,야,금,1,1,0,0,0,전남,완도군,차량단독,전도전복,전도전복,운전자법규위반,안전운전 의무 불이행,교차로,교차로부근,원동기장치자전거,원동기장치자전거,없음,없음,932006,1590775,126.7610455,34.30832113
2015,2015-06-26 23:27,야,금,1,1,0,0,0,경북,경주시,차량단독,공작물충돌,공작물충돌,운전자법규위반,안전운전 의무 불이행,단일로,고가도로위,승용차,대형,없음,없음,1156243,1778888,129.2333674,35.99427789
2015,2015-06-27 0:40,야,토,1,1,0,0,0,경기,파주시,차대사람,기타,기타,운전자법규위반,안전운전 의무 불이행,단일로,기타단일로,승용차,중형,보행자,보행자,938890,1973427,126.8062388,37.75845333
2015,2015-06-27 4:05,야,토,1,1,0,0,0,경기,수원시,차대사람,횡단중,횡단중,운전자법규위반,안전운전 의무 불이행,단일로,기타단일로,승용차,중형,보행자,보행자,955194,1923494,126.9943725,37.30933844
2015,2015-06-27 4:30,야,토,1,1,0,0,0,충남,당진시,차대차,추돌,주정차중 추돌,운전자법규위반,안전운전 의무 불이행,단일로,기타단일로,화물차,대형,승용차,중형,930996,1878709,126.725443,36.90418995
2015,2015-06-27 7:30,주,토,1,1,0,0,0,부산,해운대구,차대차,추돌,진행중 추돌,운전자법규위반,안전운전 의무 불이행,단일로,교량위,승용차,중형,화물차,소형,1146756,1683430,129.1108414,35.13539088
2015,2015-06-27 7:30,주,토,1,1,0,0,0,경북,영천시,차대차,측면충돌,측면충돌,운전자법규위반,안전운전 의무 불이행,교차로,교차로내,화물차,소형,원동기장치자전거,원동기장치자전거,1132904,1772405,128.9734409,35.93930826
2015,2015-06-27 12:45,주,토,1,1,0,0,0,인천,부평구,차대사람,횡단중,횡단중,운전자법규위반,보행자 보호의무 위반,단일로,횡단보도상,화물차,소형,보행자,보행자,929563,1941618,126.7034255,37.47110023
2015,2015-06-27 12:20,주,토,1,1,0,0,0,울산,남구,차대차,기타,기타,운전자법규위반,중앙선 침범,단일로,기타단일로,자전거,자전거,승합차,경형,1164245,1728736,129.3118203,35.54100536
2015,2015-06-27 14:05,주,토,1,1,0,0,0,충남,천안시,차대사람,횡단중,횡단중,운전자법규위반,안전운전 의무 불이행,교차로,교차로부근,승용차,중형,보행자,보행자,966647,1859672,127.1264419,36.73451565
2015,2015-06-27 22:25,야,토,1,1,0,0,0,경기,수원시,차대사람,차도통행중,차도통행중,운전자법규위반,안전운전 의무 불이행,단일로,기타단일로,승용차,중형,보행자,보행자,956257,1920047,127.0065708,37.27831904
2015,2015-06-28 0:53,야,일,1,1,0,0,0,전북,무주군,차량단독,공작물충돌,공작물충돌,운전자법규위반,안전운전 의무 불이행,단일로,기타단일로,승용차,대형,없음,없음,1017130,1780185,127.6901078,36.01834611
2015,2015-06-28 2:55,야,일,1,1,0,0,0,경남,창원시(통합),차량단독,도로이탈,도로이탈 추락,운전자법규위반,안전운전 의무 불이행,교차로,교차로내,승용차,중형,없음,없음,1109579,1688277,128.7035118,35.18382467
2015,2015-06-28 4:00,야,일,1,1,0,0,0,강원,원주시,차량단독,전도전복,전도전복,운전자법규위반,안전운전 의무 불이행,단일로,기타단일로,승용차,경형,없음,없음,1037607,1925821,127.9245083,37.33063252
2015,2015-06-28 4:27,야,일,1,1,0,0,0,전북,김제시,차량단독,공작물충돌,공작물충돌,운전자법규위반,안전운전 의무 불이행,단일로,기타단일로,승용차,대형,없음,없음,941920,1755378,126.8572593,35.79311687
2015,2015-06-28 7:00,주,일,1,1,0,0,0,전남,함평군,차량단독,전도전복,전도전복,운전자법규위반,안전운전 의무 불이행,단일로,기타단일로,이륜차,사발이,없음,없음,917534,1685330,126.5945278,35.15984731
2015,2015-06-28 10:00,주,일,1,1,0,0,0,전남,화순군,차량단독,전도전복,전도전복,운전자법규위반,안전운전 의무 불이행,교차로,교차로부근,원동기장치자전거,원동기장치자전거,없음,없음,945016,1666662,126.8974987,34.99340068
2015,2015-06-28 10:20,주,일,1,1,0,0,0,대구,서구,차대차,측면충돌,측면충돌,운전자법규위반,안전운전 의무 불이행,교차로,교차로부근,승용차,중형,자전거,자전거,1095399,1762877,128.5565754,35.85780133
2015,2015-06-28 17:35,주,일,1,1,0,0,0,경남,함안군,차대차,정면충돌,정면충돌,운전자법규위반,중앙선 침범,단일로,기타단일로,이륜차,소형,승용차,중형,1086475,1708016,128.4518745,35.36404293
2015,2015-06-28 20:18,야,일,1,1,0,0,0,전북,순창군,차대사람,보도통행중,보도통행중,운전자법규위반,안전운전 의무 불이행,단일로,기타단일로,승용차,대형,보행자,보행자,947106,1717455,126.9171338,35.4514946
2015,2015-06-28 21:00,야,일,1,1,0,0,0,경남,김해시,차대사람,차도통행중,차도통행중,운전자법규위반,안전운전 의무 불이행,단일로,기타단일로,승용차,중형,보행자,보행자,1121568,1698784,128.8367103,35.27716163
2015,2015-06-29 2:45,야,월,1,1,0,0,0,제주,제주시,차량단독,공작물충돌,공작물충돌,운전자법규위반,과속,단일로,기타단일로,승용차,중형,없음,없음,911853.6,1496357.8,126.5515232,33.45536486
2015,2015-06-29 6:05,주,월,1,1,0,0,0,강원,횡성군,차량단독,도로이탈,도로이탈 추락,운전자법규위반,안전운전 의무 불이행,교차로,교차로부근,화물차,경형,없음,없음,1057915,1935409,128.1544845,37.41600728
2015,2015-06-29 9:24,주,월,1,1,0,0,0,충북,영동군,차량단독,전도전복,전도전복,운전자법규위반,안전운전 의무 불이행,단일로,기타단일로,특수차,중형,없음,없음,1029919,1785516,127.8322395,36.06610001
2015,2015-06-29 9:35,주,월,1,1,0,0,0,경북,김천시,차대사람,횡단중,횡단중,운전자법규위반,안전운전 의무 불이행,단일로,기타단일로,승용차,중형,보행자,보행자,1060298,1792214,128.1700841,36.12507407
2015,2015-06-29 10:30,주,월,1,1,0,0,0,제주,서귀포시,차대사람,횡단중,횡단중,운전자법규위반,보행자 보호의무 위반,단일로,횡단보도상,승용차,소형,보행자,보행자,905783,1473695,126.4885773,33.25046459
2015,2015-06-29 12:40,주,월,1,1,0,0,0,경기,양주시,차대사람,횡단중,횡단중,운전자법규위반,신호위반,교차로,교차로내,승합차,소형,보행자,보행자,963567,1977074,127.0861963,37.79263993
2015,2015-06-29 15:30,주,월,1,1,0,0,0,충남,아산시,차대차,기타,기타,운전자법규위반,앞지르기 금지위반,교차로,교차로내,화물차,대형,농기계,농기계,945195,1874618,126.8851105,36.86824548
2015,2015-06-29 15:00,주,월,1,1,0,0,0,전남,순천시,차량단독,전도전복,전도전복,운전자법규위반,안전운전 의무 불이행,단일로,기타단일로,이륜차,사발이,없음,없음,994521,1651853,127.4400582,34.86134007
2015,2015-06-29 21:00,야,월,1,1,0,0,0,경기,안산시,차대사람,기타,기타,운전자법규위반,신호위반,교차로,교차로내,승용차,중형,보행자,보행자,939844,1923453,126.8211635,37.30810205
2015,2015-06-29 23:50,야,월,1,1,0,0,0,서울,송파구,차대사람,횡단중,횡단중,운전자법규위반,안전운전 의무 불이행,단일로,횡단보도상,승합차,대형,보행자,보행자,966622,1943040,127.1224496,37.48599953
2015,2015-06-29 23:27,야,월,1,1,0,0,0,경기,시흥시,차대사람,횡단중,횡단중,운전자법규위반,안전운전 의무 불이행,교차로,교차로부근,승용차,중형,보행자,보행자,936901,1938086,126.7867074,37.43979647
2015,2015-06-29 23:30,야,월,1,1,0,0,0,경남,창원시(통합),차대차,정면충돌,정면충돌,운전자법규위반,과속,단일로,기타단일로,승용차,중형,원동기장치자전거,원동기장치자전거,1094865,1695959,128.5428184,35.25458062
2015,2015-06-30 3:15,야,화,1,1,0,0,0,경기,화성시,차량단독,공작물충돌,공작물충돌,운전자법규위반,안전운전 의무 불이행,단일로,기타단일로,승용차,소형,없음,없음,957542,1911953,127.0215268,37.20542132
2015,2015-06-30 4:00,야,화,1,1,0,0,0,경북,영천시,차대차,추돌,진행중 추돌,운전자법규위반,안전운전 의무 불이행,단일로,기타단일로,승용차,중형,특수차,대형,1132131,1785094,128.9669903,36.05377897
2015,2015-06-30 8:30,주,화,1,1,0,0,0,전북,고창군,차량단독,도로이탈,도로이탈 추락,운전자법규위반,안전운전 의무 불이행,단일로,기타단일로,원동기장치자전거,원동기장치자전거,없음,없음,921459,1706946,126.6355526,35.35505225
2015,2015-06-30 9:30,주,화,1,1,0,0,0,전북,전주시,차대차,기타,기타,운전자법규위반,안전운전 의무 불이행,교차로,교차로내,화물차,중형,이륜차,중형,968036,1759212,127.146111,35.82888199
2015,2015-06-30 9:30,주,화,1,1,0,0,0,전남,여수시,차량단독,공작물충돌,공작물충돌,운전자법규위반,안전운전 의무 불이행,단일로,기타단일로,승용차,중형,없음,없음,1017930,1642939,127.6959683,34.78081327
2015,2015-06-30 15:25,주,화,1,1,0,0,0,경북,영주시,차대사람,횡단중,횡단중,운전자법규위반,중앙선 침범,단일로,기타단일로,화물차,중형,보행자,보행자,1089375,1863833,128.5014398,36.76839755
2015,2015-06-30 19:10,야,화,1,1,0,0,0,경기,김포시,차대차,기타,기타,운전자법규위반,중앙선 침범,단일로,기타단일로,원동기장치자전거,원동기장치자전거,승용차,경형,923695,1969283,126.6341865,37.71996486
2015,2015-06-30 21:25,야,화,1,1,0,0,0,경기,부천시,차대차,측면충돌,측면충돌,운전자법규위반,직진 및 우회전차의 통행방해,교차로,교차로내,승용차,중형,이륜차,소형,938993,1947710,126.8095567,37.52667828
2015,2015-06-30 21:45,야,화,1,1,0,0,0,충남,당진시,차대사람,길가장자리구역통행중,길가장자리구역통행중,운전자법규위반,보행자 보호의무 위반,교차로,교차로내,승합차,대형,보행자,보행자,922065,1877466,126.6253321,36.89229033
2015,2015-06-30 23:30,야,화,1,1,0,0,0,인천,남구,차대사람,길가장자리구역통행중,길가장자리구역통행중,운전자법규위반,안전운전 의무 불이행,단일로,기타단일로,승용차,소형,보행자,보행자,926629,1937979,126.6706102,37.43807436
2015,2015-07-01 2:00,야,수,1,1,0,0,0,경기,용인시,차대사람,횡단중,횡단중,운전자법규위반,안전운전 의무 불이행,단일로,기타단일로,승용차,경형,보행자,보행자,971722,1915538,127.1811871,37.23827399
2015,2015-07-01 6:45,주,수,1,1,0,0,0,울산,울주군,차량단독,전도전복,전도전복,운전자법규위반,안전운전 의무 불이행,교차로,교차로부근,이륜차,사발이,없음,없음,1159184,1727645,129.2558008,35.5319986
2015,2015-07-01 13:29,주,수,1,1,0,0,0,전남,장성군,차대차,측면충돌,측면충돌,운전자법규위반,신호위반,교차로,교차로내,승용차,중형,특수차,대형,923071,1694765,126.6544363,35.24535384
2015,2015-07-01 15:40,주,수,1,1,0,0,0,광주,서구,차대차,추돌,진행중 추돌,운전자법규위반,안전운전 의무 불이행,단일로,기타단일로,승합차,중형,자전거,자전거,939631,1679799,126.8375387,35.11154669
2015,2015-07-01 19:50,야,수,1,1,0,0,0,광주,서구,차대사람,길가장자리구역통행중,길가장자리구역통행중,운전자법규위반,안전운전 의무 불이행,교차로,교차로부근,이륜차,소형,보행자,보행자,941590.2,1684077,126.8587345,35.15023562
2015,2015-07-01 19:40,야,수,1,1,0,0,0,울산,북구,차대차,기타,기타,운전자법규위반,신호위반,교차로,교차로내,이륜차,대형,승용차,중형,1168691,1731107,129.3613362,35.56162574
2015,2015-07-02 0:01,야,목,1,1,0,0,0,경북,경주시,차대사람,기타,기타,운전자법규위반,안전운전 의무 불이행,기타/불명,기타/불명,승용차,경형,보행자,보행자,1164355,1751070,129.3175869,35.74225989
2015,2015-07-02 3:05,야,목,1,1,0,0,0,충북,영동군,차대차,추돌,진행중 추돌,운전자법규위반,안전운전 의무 불이행,단일로,기타단일로,특수차,대형,농기계,농기계,1026987,1797116,127.8000788,36.17076727
2015,2015-07-02 6:09,주,목,1,1,0,0,0,경기,이천시,차량단독,도로이탈,도로이탈 추락,운전자법규위반,안전운전 의무 불이행,단일로,기타단일로,자전거,자전거,없음,없음,993796,1914193,127.4300653,37.22655856
2015,2015-07-02 8:53,주,목,1,1,0,0,0,경기,남양주시,차대사람,횡단중,횡단중,운전자법규위반,보행자 보호의무 위반,단일로,횡단보도상,화물차,중형,보행자,보행자,974096,1959350,127.2064133,37.63324892
2015,2015-07-02 8:40,주,목,1,1,0,0,0,세종,세종,차량단독,전도전복,전도전복,운전자법규위반,안전운전 의무 불이행,단일로,기타단일로,농기계,농기계,없음,없음,974032,1844662,127.2096625,36.59943408
2015,2015-07-02 9:55,주,목,1,1,0,0,0,전북,남원시,차대차,기타,기타,운전자법규위반,안전운전 의무 불이행,단일로,기타단일로,화물차,소형,이륜차,중형,986942,1721860,127.3560333,35.49253452
2015,2015-07-02 10:17,주,목,1,1,0,0,0,충남,당진시,차량단독,전도전복,전도전복,운전자법규위반,안전운전 의무 불이행,단일로,기타단일로,이륜차,소형,없음,없음,927999,1871026,126.6925344,36.8347134
2015,2015-07-02 14:50,주,목,1,1,0,0,0,서울,서초구,차대사람,기타,기타,운전자법규위반,보행자 보호의무 위반,교차로,교차로부근,화물차,중형,보행자,보행자,957650,1943563,127.0209369,37.49034563
2015,2015-07-02 14:45,주,목,1,1,0,0,0,충남,서천군,차대차,측면충돌,측면충돌,운전자법규위반,신호위반,교차로,교차로내,이륜차,중형,승용차,소형,925435,1782123,126.672336,36.03311315
2015,2015-07-02 14:48,주,목,1,1,0,0,0,전북,고창군,차대사람,기타,기타,운전자법규위반,안전운전 의무 불이행,기타/불명,기타/불명,화물차,소형,보행자,보행자,926607,1725482,126.6905367,35.52256266
2015,2015-07-02 17:40,주,목,1,1,0,0,0,대전,서구,차대사람,횡단중,횡단중,운전자법규위반,보행자 보호의무 위반,단일로,기타단일로,화물차,중형,보행자,보행자,989546,1815762,127.3835081,36.33919066
2015,2015-07-02 21:15,야,목,1,1,0,0,0,경남,거제시,차대차,기타,기타,운전자법규위반,안전운전 의무 불이행,단일로,기타단일로,승용차,중형,승용차,중형,1109460,1653007,128.6975584,34.86586374
2015,2015-07-02 23:05,야,목,1,1,0,0,0,강원,동해시,차대사람,횡단중,횡단중,운전자법규위반,보행자 보호의무 위반,교차로,교차로부근,승용차,대형,보행자,보행자,1142870,1948831,129.1169002,37.52773056
2015,2015-07-03 1:40,야,금,1,1,0,0,0,충남,아산시,차량단독,전도전복,전도전복,운전자법규위반,안전운전 의무 불이행,기타/불명,기타/불명,승용차,중형,없음,없음,951499,1869189,126.9561824,36.81965192
2015,2015-07-03 4:55,야,금,1,1,0,0,0,부산,강서구,차대사람,횡단중,횡단중,운전자법규위반,안전운전 의무 불이행,교차로,교차로부근,화물차,소형,보행자,보행자,1128717,1677758,128.9120144,35.08673047
2015,2015-07-03 6:10,주,금,1,1,0,0,0,충남,부여군,차대차,기타,기타,운전자법규위반,안전운전 의무 불이행,단일로,기타단일로,화물차,대형,이륜차,소형,943411,1807408,126.870035,36.26227306
2015,2015-07-03 9:10,주,금,1,1,0,0,0,경기,평택시,차대차,측면충돌,측면충돌,운전자법규위반,안전운전 의무 불이행,단일로,기타단일로,원동기장치자전거,원동기장치자전거,승용차,중형,960491,1895005,127.0556531,37.05278228
2015,2015-07-03 10:30,주,금,1,1,0,0,0,대구,동구,차대차,측면충돌,측면충돌,운전자법규위반,신호위반,단일로,횡단보도상,승용차,중형,이륜차,소형,1108022,1764782,128.6966117,35.87366272
2015,2015-07-03 18:19,야,금,1,1,0,0,0,경북,구미시,차량단독,전도전복,전도전복,운전자법규위반,안전운전 의무 불이행,단일로,기타단일로,자전거,자전거,없음,없음,1072083,1814728,128.3031111,36.32722728
2015,2015-07-03 21:00,야,금,1,1,0,0,0,경기,수원시,차대사람,기타,기타,운전자법규위반,안전운전 의무 불이행,단일로,기타단일로,승용차,소형,보행자,보행자,958773,1916463,127.0351494,37.24612872
2015,2015-07-03 21:05,야,금,1,1,0,0,0,경남,창원시(통합),차대차,측면충돌,측면충돌,운전자법규위반,안전운전 의무 불이행,단일로,기타단일로,승용차,경형,자전거,자전거,1098873,1691488,128.5863325,35.2138848
2015,2015-07-04 0:16,야,토,1,1,0,0,0,서울,동대문구,차대사람,기타,기타,운전자법규위반,안전운전 의무 불이행,단일로,기타단일로,승용차,대형,보행자,보행자,961498,1951611,127.0640423,37.56305367
2015,2015-07-04 0:10,야,토,1,1,0,0,0,부산,해운대구,차대사람,기타,기타,운전자법규위반,안전운전 의무 불이행,단일로,교량위,승용차,중형,보행자,보행자,1148168,1686871,129.1269519,35.16619961
2015,2015-07-04 5:30,야,토,1,1,0,0,0,서울,송파구,차대차,기타,기타,운전자법규위반,안전운전 의무 불이행,단일로,기타단일로,화물차,대형,자전거,자전거,964408,1945247,127.0973,37.50580953
2015,2015-07-04 7:37,주,토,1,1,0,0,0,경기,양주시,차대차,정면충돌,정면충돌,운전자법규위반,안전운전 의무 불이행,교차로,교차로내,승용차,중형,이륜차,소형,954153,1969184,126.9797745,37.7211041
2015,2015-07-04 8:25,주,토,1,1,0,0,0,경기,하남시,차대차,기타,기타,운전자법규위반,안전운전 의무 불이행,단일로,기타단일로,승용차,중형,자전거,자전거,979600,1947767,127.2691157,37.52898463
2015,2015-07-04 17:53,주,토,1,1,0,0,0,충남,당진시,차대차,측면충돌,측면충돌,운전자법규위반,교차로 통행방법 위반,교차로,교차로내,화물차,소형,원동기장치자전거,원동기장치자전거,937427,1868739,126.7984466,36.81476939
2015,2015-07-04 17:40,주,토,1,1,0,0,0,경북,포항시,차대사람,길가장자리구역통행중,길가장자리구역통행중,운전자법규위반,안전운전 의무 불이행,단일로,기타단일로,승용차,중형,보행자,보행자,1171691,1775138,129.403855,35.95788849
2015,2015-07-04 23:15,야,토,1,1,0,0,0,경기,부천시,차량단독,공작물충돌,공작물충돌,운전자법규위반,안전운전 의무 불이행,교차로,교차로부근,자전거,자전거,없음,없음,936908,1945136,126.7861825,37.50333867
2015,2015-07-05 10:50,주,일,1,1,0,0,0,경남,양산시,차량단독,전도전복,전도전복,운전자법규위반,안전운전 의무 불이행,단일로,기타단일로,이륜차,소형,없음,없음,1132899,1718307,128.9644418,35.45170039
2015,2015-07-05 14:20,주,일,1,1,0,0,0,경북,봉화군,차량단독,도로이탈,도로이탈 기타,운전자법규위반,안전운전 의무 불이행,단일로,기타단일로,농기계,농기계,없음,없음,1123326,1875002,128.8835822,36.86524375
2015,2015-07-05 15:05,주,일,1,1,0,0,0,경북,영덕군,차대차,측면충돌,측면충돌,운전자법규위반,안전운전 의무 불이행,교차로,교차로내,승용차,소형,이륜차,소형,1168431,1825847,129.378607,36.41538666
2015,2015-07-05 17:15,주,일,1,1,0,0,0,전남,여수시,차대차,측면충돌,측면충돌,운전자법규위반,안전운전 의무 불이행,교차로,교차로내,원동기장치자전거,원동기장치자전거,승용차,대형,1015374,1643104,127.6680353,34.78234296
2015,2015-07-05 20:15,야,일,1,1,0,0,0,충남,부여군,차량단독,기타,기타,운전자법규위반,안전운전 의무 불이행,단일로,기타단일로,이륜차,소형,없음,없음,932500,1800512,126.7491738,36.19940549
2015,2015-07-06 0:10,야,월,1,1,0,0,0,부산,해운대구,차대사람,횡단중,횡단중,운전자법규위반,과속,단일로,기타단일로,승용차,중형,보행자,보행자,1149742,1693156,129.1453709,35.22261567
2015,2015-07-06 4:28,야,월,1,1,0,0,0,부산,강서구,차량단독,공작물충돌,공작물충돌,운전자법규위반,안전운전 의무 불이행,단일로,기타단일로,화물차,소형,없음,없음,1130596,1692454,128.9349456,35.21896409
2015,2015-07-06 6:10,주,월,1,1,0,0,0,충남,홍성군,차대사람,기타,기타,운전자법규위반,안전운전 의무 불이행,단일로,기타단일로,화물차,소형,보행자,보행자,927032,1843844,126.6842852,36.58962211
2015,2015-07-06 6:08,주,월,1,1,0,0,0,경북,안동시,차대사람,기타,기타,운전자법규위반,안전운전 의무 불이행,단일로,기타단일로,승용차,중형,보행자,보행자,1110168.4,1840900.5,128.7310874,36.55952135
2015,2015-07-06 8:00,주,월,1,1,0,0,0,대구,달서구,차대차,기타,기타,운전자법규위반,안전운전 의무 불이행,단일로,기타단일로,화물차,소형,자전거,자전거,1092901,1760533,128.5286403,35.83691093
2015,2015-07-06 18:35,야,월,1,1,0,0,0,대구,달성군,차량단독,기타,기타,운전자법규위반,기타(운전자법규위반),교차로,교차로부근,화물차,소형,없음,없음,1084993,1745462,128.4394912,35.70176229
2015,2015-07-06 21:02,야,월,1,1,0,0,0,전북,부안군,차대차,기타,기타,운전자법규위반,기타(운전자법규위반),교차로,교차로부근,자전거,자전거,화물차,소형,930957,1748161,126.7365684,35.72734229
2015,2015-07-07 0:02,야,화,1,1,0,0,0,서울,성북구,차대차,측면충돌,측면충돌,운전자법규위반,중앙선 침범,단일로,기타단일로,불명,불명,승용차,중형,956245,1954374,127.0043996,37.58772257
2015,2015-07-07 0:00,야,화,1,1,0,0,0,경북,경주시,차대차,측면충돌,측면충돌,운전자법규위반,안전운전 의무 불이행,교차로,교차로내,화물차,대형,승용차,중형,1164295,1751311,129.3169731,35.74444175
2015,2015-07-07 4:20,야,화,1,1,0,0,0,충북,옥천군,차대사람,기타,기타,운전자법규위반,안전운전 의무 불이행,단일로,기타단일로,화물차,대형,보행자,보행자,1014485.1,1809216,127.6612899,36.28012335
2015,2015-07-07 6:39,주,화,1,1,0,0,0,경기,수원시,차대사람,횡단중,횡단중,운전자법규위반,안전운전 의무 불이행,교차로,교차로부근,승합차,대형,보행자,보행자,955555,1919107,126.9987085,37.26981293
2015,2015-07-07 8:55,주,화,1,1,0,0,0,대구,수성구,차대사람,횡단중,횡단중,운전자법규위반,안전운전 의무 불이행,교차로,교차로부근,승용차,중형,보행자,보행자,1101270,1759842,128.6212026,35.82985313
2015,2015-07-07 11:30,주,화,1,1,0,0,0,부산,동래구,차대차,측면충돌,측면충돌,운전자법규위반,중앙선 침범,단일로,기타단일로,화물차,소형,화물차,소형,1142691,1692109,129.0677392,35.21420644
2015,2015-07-07 12:05,주,화,1,1,0,0,0,제주,제주시,차량단독,공작물충돌,공작물충돌,운전자법규위반,과속,단일로,기타단일로,승용차,소형,없음,없음,893025,1497738,126.3487909,33.46609611
2015,2015-07-07 17:00,주,화,1,1,0,0,0,충남,서산시,차량단독,전도전복,전도전복,운전자법규위반,안전운전 의무 불이행,교차로,교차로부근,이륜차,사발이,없음,없음,906032,1877250,126.4454452,36.88888286
2015,2015-07-07 21:05,야,화,1,1,0,0,0,경기,김포시,차대사람,횡단중,횡단중,운전자법규위반,과속,교차로,교차로부근,화물차,소형,보행자,보행자,930495,1958960,126.7123215,37.62746973
2015,2015-07-07 21:10,야,화,1,1,0,0,0,경북,칠곡군,차대사람,기타,기타,운전자법규위반,안전운전 의무 불이행,단일로,기타단일로,승용차,중형,보행자,보행자,1081788,1787414,128.408378,36.0802299
2015,2015-07-07 23:45,야,화,1,1,0,0,0,서울,은평구,차대사람,횡단중,횡단중,운전자법규위반,안전운전 의무 불이행,단일로,기타단일로,승용차,중형,보행자,보행자,947349.9,1953583.2,126.9037088,37.58012904
2015,2015-07-08 0:50,야,수,1,1,0,0,0,충남,아산시,차량단독,공작물충돌,공작물충돌,운전자법규위반,안전운전 의무 불이행,단일로,기타단일로,승용차,중형,없음,없음,964967,1865533,127.1073568,36.78728957
2015,2015-07-08 1:55,야,수,1,1,0,0,0,경기,화성시,차량단독,공작물충돌,공작물충돌,운전자법규위반,안전운전 의무 불이행,교차로,교차로부근,승용차,중형,없음,없음,952240,1915564,126.9615477,37.23771337
2015,2015-07-08 5:10,야,수,1,1,0,0,0,울산,남구,차대사람,횡단중,횡단중,운전자법규위반,안전운전 의무 불이행,단일로,횡단보도상,승용차,중형,보행자,보행자,1165036,1729461,129.3206898,35.54740771
2015,2015-07-08 7:06,주,수,1,1,0,0,0,부산,사하구,차대차,기타,기타,운전자법규위반,중앙선 침범,단일로,기타단일로,승용차,중형,원동기장치자전거,원동기장치자전거,1137310,1677612,129.0062266,35.08428025
2015,2015-07-08 9:25,주,수,1,1,0,0,0,울산,울주군,차대차,기타,기타,운전자법규위반,안전거리 미확보,단일로,기타단일로,화물차,중형,화물차,소형,1166858,1716151,129.3380468,35.42715214
2015,2015-07-08 10:35,주,수,1,1,0,0,0,경북,김천시,차대차,측면충돌,측면충돌,운전자법규위반,안전운전 의무 불이행,교차로,교차로내,이륜차,소형,화물차,대형,1055474,1796273,128.1167649,36.16195465
2015,2015-07-08 11:55,주,수,1,1,0,0,0,전북,부안군,차대차,정면충돌,정면충돌,운전자법규위반,안전운전 의무 불이행,단일로,기타단일로,승용차,소형,화물차,경형,921915,1754431,126.6359867,35.78319232
2015,2015-07-08 12:50,주,수,1,1,0,0,0,제주,제주시,차대사람,기타,기타,운전자법규위반,안전운전 의무 불이행,교차로,교차로내,화물차,소형,보행자,보행자,887872,1485719,126.2948455,33.35718412
2015,2015-07-08 16:08,주,수,1,1,0,0,0,전북,전주시,차대사람,횡단중,횡단중,운전자법규위반,안전운전 의무 불이행,단일로,기타단일로,승용차,중형,보행자,보행자,968898,1757559,127.1557188,35.81400618
2015,2015-07-08 17:30,주,수,1,1,0,0,0,대전,서구,차대사람,횡단중,횡단중,운전자법규위반,안전운전 의무 불이행,교차로,교차로내,승용차,중형,보행자,보행자,989610,1814878,127.384233,36.33122172
2015,2015-07-08 22:00,야,수,1,1,0,0,0,경남,밀양시,차대사람,횡단중,횡단중,운전자법규위반,보행자 보호의무 위반,단일로,횡단보도상,화물차,소형,보행자,보행자,1115254,1720511,128.7703662,35.47377036
2015,2015-07-09 7:20,주,목,1,1,0,0,0,전남,영암군,차대사람,횡단중,횡단중,운전자법규위반,안전운전 의무 불이행,단일로,기타단일로,승용차,중형,보행자,보행자,903591,1642101,126.4464572,34.76885558
2015,2015-07-09 7:08,주,목,1,1,0,0,0,인천,남구,차대사람,횡단중,횡단중,운전자법규위반,신호위반,교차로,교차로내,승합차,중형,보행자,보행자,926514,1940864,126.6690227,37.46406713