발생년,발생년월일시분,주야,요일,사망자수,사상자수,중상자수,경상자수,부상신고자수,발생지시도,발생지시군구,사고유형_대분류,사고유형_중분류,사고유형,법규위반_대분류,법규위반,도로형태_대분류,도로형태,가해자_당사자종별_대분류,가해자_당사자종별,피해자_당사자종별_대분류,피해자_당사자종별,발생위치X_UTMK,발생위치Y_UTMK,경도,위도
2015,2015-07-09 14:12,주,목,1,1,0,0,0,경남,밀양시,차대사람,기타,기타,운전자법규위반,안전운전 의무 불이행,교차로,교차로부근,승합차,대형,보행자,보행자,1125167,1733126,128.8815515,35.58628287
2015,2015-07-09 15:10,주,목,1,1,0,0,0,경북,포항시,차대차,기타,기타,운전자법규위반,안전운전 의무 불이행,단일로,기타단일로,화물차,대형,자전거,자전거,1168416,1779411,129.3684642,35.99696376
2015,2015-07-10 1:45,야,금,1,1,0,0,0,부산,동래구,차대사람,횡단중,횡단중,운전자법규위반,안전운전 의무 불이행,단일로,기타단일로,화물차,소형,보행자,보행자,1142464,1690420,129.0649538,35.19901447
2015,2015-07-10 3:00,야,금,1,1,0,0,0,광주,북구,차대사람,횡단중,횡단중,운전자법규위반,과속,단일로,횡단보도상,승용차,중형,보행자,보행자,942993,1690128,126.8737163,35.20487582
2015,2015-07-10 4:55,야,금,1,1,0,0,0,경북,경주시,차대사람,기타,기타,운전자법규위반,안전운전 의무 불이행,단일로,기타단일로,승용차,중형,보행자,보행자,1155084,1762972,129.2174097,35.85102811
2015,2015-07-10 6:55,주,금,1,1,0,0,0,인천,서구,차대차,측면충돌,측면충돌,운전자법규위반,안전운전 의무 불이행,단일로,기타단일로,화물차,중형,자전거,자전거,924746,1945344,126.6485742,37.50430173
2015,2015-07-10 7:50,주,금,1,1,0,0,0,충북,단양군,차량단독,공작물충돌,공작물충돌,운전자법규위반,안전운전 의무 불이행,단일로,기타단일로,원동기장치자전거,원동기장치자전거,없음,없음,1074102,1882449,128.332142,36.93751399
2015,2015-07-10 7:50,주,금,1,1,0,0,0,경북,구미시,차대사람,기타,기타,운전자법규위반,안전운전 의무 불이행,단일로,기타단일로,승합차,대형,보행자,보행자,1082517,1796948,128.4174732,36.16611347
2015,2015-07-10 9:10,주,금,1,1,0,0,0,서울,종로구,차대사람,보도통행중,보도통행중,운전자법규위반,안전운전 의무 불이행,단일로,횡단보도상,승합차,대형,보행자,보행자,953771,1952704,126.9764837,37.5725496
2015,2015-07-10 10:34,주,금,1,1,0,0,0,전남,나주시,차대차,정면충돌,정면충돌,운전자법규위반,신호위반,교차로,교차로내,승용차,중형,화물차,소형,932280,1659269,126.7585509,34.92596712
2015,2015-07-10 12:10,주,금,1,1,0,0,0,경북,포항시,차대사람,기타,기타,운전자법규위반,안전운전 의무 불이행,단일로,기타단일로,승용차,중형,보행자,보행자,1157799,1789939,129.2528292,36.09361503
2015,2015-07-10 14:30,주,금,1,1,0,0,0,경기,평택시,차대차,기타,기타,운전자법규위반,신호위반,교차로,교차로내,이륜차,소형,승용차,경형,962178,1895031,127.0746246,37.05308619
2015,2015-07-10 15:05,주,금,1,1,0,0,0,인천,동구,차대사람,횡단중,횡단중,운전자법규위반,안전거리 미확보,단일로,횡단보도상,화물차,중형,보행자,보행자,923493,1942439,126.6347012,37.47801695
2015,2015-07-10 17:15,주,금,1,1,0,0,0,경기,연천군,차대차,추돌,진행중 추돌,운전자법규위반,안전운전 의무 불이행,단일로,기타단일로,화물차,소형,농기계,농기계,962871,2013545,127.0764077,38.12131483
2015,2015-07-10 19:20,야,금,1,1,0,0,0,전북,완주군,차대사람,기타,기타,운전자법규위반,안전운전 의무 불이행,단일로,기타단일로,승용차,소형,보행자,보행자,981925,1758933,127.299888,35.82672088
2015,2015-07-10 19:45,야,금,1,1,0,0,0,경북,안동시,차대사람,기타,기타,운전자법규위반,안전운전 의무 불이행,단일로,기타단일로,승용차,중형,보행자,보행자,1093927,1842011,128.5497617,36.57126668
2015,2015-07-10 20:55,야,금,1,1,0,0,0,부산,강서구,차대사람,기타,기타,운전자법규위반,과속,교차로,교차로내,승용차,중형,보행자,보행자,1127848,1681321,128.9030344,35.11896003
2015,2015-07-10 22:29,야,금,1,1,0,0,0,서울,서대문구,차량단독,공작물충돌,공작물충돌,운전자법규위반,안전운전 의무 불이행,단일로,기타단일로,승용차,중형,없음,없음,951511,1953693,126.9508262,37.58134733
2015,2015-07-10 23:30,야,금,1,1,0,0,0,전남,목포시,차대사람,횡단중,횡단중,운전자법규위반,보행자 보호의무 위반,단일로,횡단보도상,이륜차,대형,보행자,보행자,898031,1643817,126.3855002,34.78378627
2015,2015-07-11 3:40,야,토,1,1,0,0,0,서울,양천구,차량단독,공작물충돌,공작물충돌,운전자법규위반,안전운전 의무 불이행,단일로,기타단일로,이륜차,중형,없음,없음,942224,1947134,126.8461664,37.52169488
2015,2015-07-11 10:35,주,토,1,1,0,0,0,전북,김제시,차대차,측면충돌,측면충돌,운전자법규위반,신호위반,교차로,교차로내,이륜차,사발이,승용차,대형,934786,1761622,126.7778067,35.84896171
2015,2015-07-11 12:15,주,토,1,1,0,0,0,충남,금산군,차대차,측면충돌,측면충돌,운전자법규위반,안전거리 미확보,단일로,기타단일로,원동기장치자전거,원동기장치자전거,승용차,중형,999527,1791086,127.4947441,36.11677836
2015,2015-07-11 19:50,야,토,1,1,0,0,0,충남,당진시,차대사람,횡단중,횡단중,운전자법규위반,안전운전 의무 불이행,단일로,기타단일로,승용차,중형,보행자,보행자,936111,1885097,126.782314,36.96213067
2015,2015-07-12 1:25,야,일,1,1,0,0,0,광주,서구,차대사람,횡단중,횡단중,운전자법규위반,안전운전 의무 불이행,단일로,기타단일로,승용차,중형,보행자,보행자,943598,1684333,126.8807589,35.15265855
2015,2015-07-12 3:20,야,일,1,1,0,0,0,경남,창원시(통합),차대사람,횡단중,횡단중,운전자법규위반,안전운전 의무 불이행,단일로,기타단일로,승용차,중형,보행자,보행자,1097886,1693202,128.5756938,35.22943421
2015,2015-07-12 5:08,야,일,1,1,0,0,0,서울,성동구,차대사람,횡단중,횡단중,운전자법규위반,안전운전 의무 불이행,단일로,기타단일로,승용차,중형,보행자,보행자,958573,1951701,127.0309185,37.56373793
2015,2015-07-12 22:45,야,일,1,1,0,0,0,경기,이천시,차대사람,횡단중,횡단중,운전자법규위반,안전운전 의무 불이행,단일로,기타단일로,승용차,중형,보행자,보행자,995279,1915350,127.4467751,37.23699653
2015,2015-07-13 8:40,주,월,1,1,0,0,0,서울,서초구,차대차,측면충돌,측면충돌,운전자법규위반,직진 및 우회전차의 통행방해,교차로,교차로내,이륜차,중형,화물차,중형,954755,1943672,126.9881832,37.49119076
2015,2015-07-13 8:10,주,월,1,1,0,0,0,경기,고양시,차대사람,횡단중,횡단중,운전자법규위반,신호위반,단일로,기타단일로,승용차,중형,보행자,보행자,941406,1962413,126.835687,37.65935171
2015,2015-07-13 10:45,주,월,1,1,0,0,0,강원,원주시,차량단독,기타,기타,운전자법규위반,안전운전 의무 불이행,교차로,교차로부근,이륜차,소형,없음,없음,1037308,1935650,127.9216289,37.41923939
2015,2015-07-13 10:25,주,월,1,1,0,0,0,충남,보령시,차대사람,횡단중,횡단중,운전자법규위반,과속,단일로,횡단보도부근,승용차,대형,보행자,보행자,919342,1829650,126.599811,36.46105763
2015,2015-07-13 11:32,주,월,1,1,0,0,0,울산,남구,차대차,기타,기타,운전자법규위반,안전거리 미확보,단일로,기타단일로,화물차,대형,자전거,자전거,1164057,1724616,129.3089138,35.50390642
2015,2015-07-13 12:30,주,월,1,1,0,0,0,경기,하남시,차량단독,전도전복,전도전복,운전자법규위반,안전운전 의무 불이행,단일로,기타단일로,원동기장치자전거,원동기장치자전거,없음,없음,969852,1946081,127.15886,37.5135207
2015,2015-07-13 13:06,주,월,1,1,0,0,0,경남,창원시(통합),차대사람,횡단중,횡단중,운전자법규위반,보행자 보호의무 위반,단일로,횡단보도상,화물차,중형,보행자,보행자,1098597,1691024,128.5832449,35.20972877
2015,2015-07-13 21:05,야,월,1,1,0,0,0,전북,군산시,차량단독,기타,기타,운전자법규위반,안전운전 의무 불이행,교차로,교차로내,승용차,중형,없음,없음,944529,1776398,126.8846658,35.98277549
2015,2015-07-13 21:28,야,월,1,1,0,0,0,경북,경주시,차대사람,기타,기타,운전자법규위반,안전운전 의무 불이행,단일로,기타단일로,승용차,중형,보행자,보행자,1138381,1752381,129.0306696,35.75807258
2015,2015-07-13 22:40,야,월,1,1,0,0,0,서울,강동구,차대사람,기타,기타,운전자법규위반,안전운전 의무 불이행,단일로,기타단일로,화물차,소형,보행자,보행자,971154,1949902,127.1734424,37.54800281
2015,2015-07-13 22:55,야,월,1,1,0,0,0,대구,남구,차대사람,횡단중,횡단중,운전자법규위반,안전운전 의무 불이행,단일로,기타단일로,승용차,중형,보행자,보행자,1096988,1761032,128.573947,35.84101339
2015,2015-07-14 3:20,야,화,1,1,0,0,0,경북,포항시,차대사람,차도통행중,차도통행중,운전자법규위반,안전운전 의무 불이행,교차로,교차로부근,화물차,소형,보행자,보행자,1166355,1795836,129.3490717,36.14532561
2015,2015-07-14 8:15,주,화,1,1,0,0,0,대구,북구,차대사람,횡단중,횡단중,운전자법규위반,보행자 보호의무 위반,교차로,교차로내,승용차,대형,보행자,보행자,1094076,1769063,128.5426557,35.91369372
2015,2015-07-14 21:03,야,화,1,1,0,0,0,경남,고성군,차대사람,횡단중,횡단중,운전자법규위반,안전운전 의무 불이행,단일로,기타단일로,승용차,소형,보행자,보행자,1077124,1661526,128.3446104,34.94564562
2015,2015-07-14 22:50,야,화,1,1,0,0,0,전남,함평군,차량단독,도로이탈,도로이탈 추락,운전자법규위반,안전운전 의무 불이행,단일로,기타단일로,원동기장치자전거,원동기장치자전거,없음,없음,914485,1668978,126.562742,35.0121612
2015,2015-07-15 1:28,야,수,1,1,0,0,0,강원,춘천시,차량단독,도로이탈,도로이탈 기타,운전자법규위반,안전운전 의무 불이행,단일로,기타단일로,승용차,중형,없음,없음,1018973,1983507,127.7156647,37.85115087
2015,2015-07-15 3:09,야,수,1,1,0,0,0,부산,해운대구,차량단독,공작물충돌,공작물충돌,운전자법규위반,안전운전 의무 불이행,단일로,기타단일로,원동기장치자전거,원동기장치자전거,없음,없음,1147623,1688144,129.1211975,35.17775409
2015,2015-07-15 4:35,야,수,1,1,0,0,0,충북,청주시,차대사람,횡단중,횡단중,운전자법규위반,안전운전 의무 불이행,교차로,교차로부근,승용차,소형,보행자,보행자,996839,1848596,127.4646418,36.63524753
2015,2015-07-15 14:20,주,수,1,1,0,0,0,전북,고창군,차대차,정면충돌,정면충돌,운전자법규위반,부당한 회전,교차로,교차로내,화물차,대형,원동기장치자전거,원동기장치자전거,917505,1705880,126.5921459,35.34512234
2015,2015-07-15 15:32,주,수,1,1,0,0,0,전북,군산시,차대차,측면충돌,측면충돌,운전자법규위반,안전운전 의무 불이행,교차로,교차로내,승용차,중형,이륜차,중형,939670,1771841,126.8311151,35.94140385
2015,2015-07-15 17:17,주,수,1,1,0,0,0,충북,옥천군,차대사람,기타,기타,운전자법규위반,안전운전 의무 불이행,교차로,교차로내,화물차,소형,보행자,보행자,1008662,1809433,127.5964529,36.28214959
2015,2015-07-15 17:55,주,수,1,1,0,0,0,경남,진주시,차대사람,횡단중,횡단중,운전자법규위반,보행자 보호의무 위반,단일로,횡단보도상,승용차,경형,보행자,보행자,1056532,1686151,128.1207928,35.16904355
2015,2015-07-15 18:30,야,수,1,1,0,0,0,세종,세종,차량단독,전도전복,전도전복,운전자법규위반,안전운전 의무 불이행,단일로,기타단일로,농기계,농기계,없음,없음,975534,1855037,127.2261246,36.69300303
2015,2015-07-15 18:29,야,수,1,1,0,0,0,전남,영광군,차대차,측면충돌,측면충돌,운전자법규위반,교차로 통행방법 위반,교차로,교차로내,화물차,소형,화물차,소형,903547,1692056,126.4401858,35.21924128
2015,2015-07-15 19:00,야,수,1,1,0,0,0,경남,고성군,차대차,측면충돌,측면충돌,운전자법규위반,교차로 통행방법 위반,교차로,교차로내,이륜차,소형,승용차,경형,1062992,1677518,128.1910695,35.09081904
2015,2015-07-15 21:30,야,수,1,1,0,0,0,경기,화성시,차량단독,공작물충돌,공작물충돌,운전자법규위반,안전운전 의무 불이행,교차로,교차로부근,승용차,소형,없음,없음,947875,1897894,126.91357,37.07820705
2015,2015-07-16 2:05,야,목,1,1,0,0,0,경기,파주시,차대사람,기타,기타,운전자법규위반,안전운전 의무 불이행,교차로,교차로부근,승용차,중형,보행자,보행자,932756,1968992,126.7370173,37.71805241
2015,2015-07-16 5:00,야,목,1,1,0,0,0,전남,목포시,차대사람,횡단중,횡단중,운전자법규위반,안전운전 의무 불이행,단일로,기타단일로,승합차,소형,보행자,보행자,901601,1646203,126.424234,34.80564979
2015,2015-07-16 7:00,주,목,1,1,0,0,0,경기,파주시,차대차,기타,기타,운전자법규위반,신호위반,교차로,교차로부근,이륜차,소형,승용차,소형,935287,1972770,126.7653967,37.75228423
2015,2015-07-16 9:38,주,목,1,1,0,0,0,충남,예산군,차대차,기타,기타,운전자법규위반,안전운전 의무 불이행,단일로,기타단일로,이륜차,소형,이륜차,소형,931880,1861142,126.7369389,36.74590717
2015,2015-07-16 12:40,주,목,1,1,0,0,0,부산,기장군,차대차,추돌,주정차중 추돌,운전자법규위반,안전거리 미확보,단일로,기타단일로,건설기계,건설기계,화물차,중형,1155501,1704932,129.2108575,35.32787632
2015,2015-07-16 17:55,주,목,1,1,0,0,0,경기,안양시,차대사람,횡단중,횡단중,운전자법규위반,안전운전 의무 불이행,단일로,기타단일로,화물차,대형,보행자,보행자,948233,1933139,126.9151483,37.39591121
2015,2015-07-16 20:00,야,목,1,1,0,0,0,충북,청주시,차량단독,전도전복,전도전복,운전자법규위반,안전운전 의무 불이행,단일로,기타단일로,농기계,농기계,없음,없음,1006831,1852791,127.5764474,36.67304598
2015,2015-07-16 22:15,야,목,1,1,0,0,0,경기,포천시,차대차,정면충돌,정면충돌,운전자법규위반,중앙선 침범,단일로,기타단일로,승용차,중형,원동기장치자전거,원동기장치자전거,972565,1990184,127.1878957,37.91111489
2015,2015-07-16 22:19,야,목,1,1,0,0,0,충북,청주시,차대사람,횡단중,횡단중,운전자법규위반,안전운전 의무 불이행,단일로,횡단보도상,승용차,소형,보행자,보행자,995046,1848436,127.4445867,36.63379749
2015,2015-07-17 1:36,야,금,1,1,0,0,0,충북,청주시,차대차,측면충돌,측면충돌,운전자법규위반,안전운전 의무 불이행,단일로,기타단일로,화물차,중형,승용차,소형,993131,1851115,127.4231424,36.65793668
2015,2015-07-17 11:20,주,금,1,1,0,0,0,전남,나주시,차대사람,기타,기타,운전자법규위반,안전운전 의무 불이행,교차로,교차로부근,화물차,소형,보행자,보행자,930389,1664948,126.7373743,34.97704494
2015,2015-07-17 17:40,주,금,1,1,0,0,0,경기,이천시,차대사람,기타,기타,운전자법규위반,안전운전 의무 불이행,단일로,기타단일로,화물차,소형,보행자,보행자,1004158,1899648,127.5467902,37.09545867
2015,2015-07-18 7:20,주,토,1,1,0,0,0,충북,청주시,차량단독,공작물충돌,공작물충돌,운전자법규위반,안전운전 의무 불이행,단일로,기타단일로,농기계,농기계,없음,없음,987033,1842969,127.3550492,36.58443712
2015,2015-07-18 8:05,주,토,1,1,0,0,0,충남,계룡시,차대사람,차도통행중,차도통행중,운전자법규위반,안전운전 의무 불이행,교차로,교차로내,화물차,소형,보행자,보행자,980104,1806136,127.2785391,36.25225925
2015,2015-07-18 14:31,주,토,1,1,0,0,0,경기,김포시,차대사람,길가장자리구역통행중,길가장자리구역통행중,운전자법규위반,안전운전 의무 불이행,단일로,기타단일로,승용차,중형,보행자,보행자,923208,1970561,126.6285263,37.73144184
2015,2015-07-18 19:15,야,토,1,1,0,0,0,대전,유성구,차량단독,전도전복,전도전복,운전자법규위반,안전운전 의무 불이행,단일로,기타단일로,원동기장치자전거,원동기장치자전거,없음,없음,982921,1819269,127.3096071,36.37071276
2015,2015-07-18 20:27,야,토,1,1,0,0,0,전남,목포시,차대차,측면충돌,측면충돌,운전자법규위반,중앙선 침범,교차로,교차로내,승용차,중형,원동기장치자전거,원동기장치자전거,899750,1646276,126.4039921,34.8061274
2015,2015-07-18 20:40,야,토,1,1,0,0,0,제주,제주시,차대사람,기타,기타,운전자법규위반,보행자 보호의무 위반,교차로,교차로내,승용차,중형,보행자,보행자,898061.4,1499541.5,126.4027761,33.48285158
2015,2015-07-19 0:10,야,일,1,1,0,0,0,경기,성남시,차량단독,기타,기타,운전자법규위반,안전운전 의무 불이행,기타/불명,기타/불명,자전거,자전거,없음,없음,967742,1937436,127.1353634,37.43552743
2015,2015-07-19 3:03,야,일,1,1,0,0,0,경남,창원시(통합),차대사람,기타,기타,운전자법규위반,안전운전 의무 불이행,단일로,기타단일로,승용차,중형,보행자,보행자,1099008,1693764,128.5880894,35.23439071
2015,2015-07-19 17:05,주,일,1,1,0,0,0,강원,강릉시,차대사람,횡단중,횡단중,운전자법규위반,안전운전 의무 불이행,교차로,교차로부근,승용차,소형,보행자,보행자,1125915,1976014,128.9297631,37.77513754
2015,2015-07-19 20:00,야,일,1,1,0,0,0,경북,안동시,차대사람,횡단중,횡단중,운전자법규위반,안전운전 의무 불이행,단일로,기타단일로,승용차,소형,보행자,보행자,1110614,1840980,128.7360772,36.56018637
2015,2015-07-19 21:05,야,일,1,1,0,0,0,전북,김제시,차대차,추돌,진행중 추돌,운전자법규위반,안전운전 의무 불이행,단일로,기타단일로,화물차,소형,자전거,자전거,955421,1745690,127.0072008,35.70647583
2015,2015-07-19 21:37,야,일,1,1,0,0,0,울산,남구,차대차,측면충돌,측면충돌,운전자법규위반,신호위반,교차로,교차로내,승합차,대형,원동기장치자전거,원동기장치자전거,1165173,1728194,129.3219422,35.5359666
2015,2015-07-20 1:10,야,월,1,1,0,0,0,경북,칠곡군,차대사람,기타,기타,운전자법규위반,안전운전 의무 불이행,단일로,기타단일로,승용차,중형,보행자,보행자,1081004,1776554,128.3985588,35.98239503
2015,2015-07-20 4:20,야,월,1,1,0,0,0,경북,구미시,차대차,기타,기타,운전자법규위반,안전운전 의무 불이행,단일로,기타단일로,승합차,소형,자전거,자전거,1075938,1792549,128.3439065,36.12699576
2015,2015-07-20 8:00,주,월,1,1,0,0,0,전북,전주시,차대사람,보도통행중,보도통행중,운전자법규위반,안전운전 의무 불이행,단일로,기타단일로,승용차,대형,보행자,보행자,962083,1763309,127.0800092,35.86560814
2015,2015-07-20 10:04,주,월,1,1,0,0,0,경북,성주군,차량단독,공작물충돌,공작물충돌,운전자법규위반,안전운전 의무 불이행,단일로,기타단일로,승용차,소형,없음,없음,1071861,1762212,128.2958506,35.8538158
2015,2015-07-20 11:30,주,월,1,1,0,0,0,충남,부여군,차대사람,길가장자리구역통행중,길가장자리구역통행중,운전자법규위반,교차로 통행방법 위반,단일로,기타단일로,화물차,소형,보행자,보행자,944932,1808351,126.8868999,36.27086221
2015,2015-07-20 11:40,주,월,1,1,0,0,0,경북,구미시,차량단독,전도전복,전도전복,운전자법규위반,안전운전 의무 불이행,단일로,기타단일로,자전거,자전거,없음,없음,1074265,1801624,128.3261743,36.20893417
2015,2015-07-20 17:10,주,월,1,1,0,0,0,경기,성남시,차대사람,기타,기타,운전자법규위반,안전운전 의무 불이행,단일로,기타단일로,화물차,중형,보행자,보행자,965626,1930056,127.1117885,37.36893079
2015,2015-07-20 17:35,주,월,1,1,0,0,0,전북,정읍시,차량단독,전도전복,전도전복,운전자법규위반,안전운전 의무 불이행,단일로,기타단일로,화물차,소형,없음,없음,941880,1727444,126.8588337,35.541265
2015,2015-07-20 21:40,야,월,1,1,0,0,0,서울,종로구,차대사람,횡단중,횡단중,운전자법규위반,안전운전 의무 불이행,단일로,횡단보도상,이륜차,중형,보행자,보행자,954914,1952442,126.9894432,37.57024484
2015,2015-07-20 22:12,야,월,1,1,0,0,0,경기,고양시,차대사람,기타,기타,운전자법규위반,보행자 보호의무 위반,단일로,횡단보도상,승합차,대형,보행자,보행자,935675,1965220,126.7704684,37.68426647
2015,2015-07-20 22:07,야,월,1,1,0,0,0,전남,여수시,차대사람,횡단중,횡단중,운전자법규위반,안전운전 의무 불이행,단일로,횡단보도상,승용차,중형,보행자,보행자,1020530,1638249,127.7242708,34.73847106
2015,2015-07-21 3:15,야,화,1,1,0,0,0,서울,영등포구,차대사람,횡단중,횡단중,운전자법규위반,신호위반,단일로,기타단일로,승용차,중형,보행자,보행자,946688,1948510,126.8965816,37.53436579
2015,2015-07-21 7:30,주,화,1,1,0,0,0,강원,동해시,차대차,정면충돌,정면충돌,운전자법규위반,중앙선 침범,단일로,기타단일로,승용차,대형,건설기계,건설기계,1142200,1946097,129.1087914,37.50320056
2015,2015-07-21 9:50,주,화,1,1,0,0,0,전북,정읍시,차대사람,차도통행중,차도통행중,운전자법규위반,부당한 회전,단일로,기타단일로,건설기계,건설기계,보행자,보행자,939995,1728451,126.8379654,35.55023179
2015,2015-07-21 13:03,주,화,1,1,0,0,0,충남,서산시,차대차,측면충돌,측면충돌,운전자법규위반,신호위반,교차로,교차로내,화물차,소형,이륜차,소형,907443,1864742,126.462801,36.7762852
2015,2015-07-21 14:35,주,화,1,1,0,0,0,충남,천안시,차대차,기타,기타,운전자법규위반,안전운전 의무 불이행,교차로,교차로부근,화물차,소형,이륜차,소형,968122,1864078,127.1427777,36.77428481
2015,2015-07-21 16:55,주,화,1,1,0,0,0,충북,보은군,차량단독,전도전복,전도전복,운전자법규위반,안전운전 의무 불이행,단일로,기타단일로,농기계,농기계,없음,없음,1018343,1835388,127.7048653,36.51600576
2015,2015-07-21 20:25,야,화,1,1,0,0,0,전북,부안군,차량단독,기타,기타,운전자법규위반,안전운전 의무 불이행,단일로,기타단일로,화물차,소형,없음,없음,908380,1738367,126.4880731,35.63720665
2015,2015-07-21 20:40,야,화,1,1,0,0,0,경북,영천시,차대사람,횡단중,횡단중,운전자법규위반,안전운전 의무 불이행,단일로,기타단일로,화물차,소형,보행자,보행자,1117381,1782142,128.8028298,36.02906296
2015,2015-07-21 20:57,야,화,1,1,0,0,0,경북,고령군,차대차,추돌,진행중 추돌,운전자법규위반,안전운전 의무 불이행,단일로,교량위,승용차,소형,자전거,자전거,1080302,1750973,128.3881952,35.75183898
2015,2015-07-21 20:55,야,화,1,1,0,0,0,대구,달성군,차량단독,공작물충돌,공작물충돌,운전자법규위반,안전운전 의무 불이행,단일로,기타단일로,이륜차,소형,없음,없음,1083618,1740320,128.4237596,35.65552354
2015,2015-07-21 23:35,야,화,1,1,0,0,0,부산,해운대구,차대차,측면충돌,측면충돌,운전자법규위반,신호위반,교차로,교차로내,승용차,소형,승용차,중형,1151905,1686977,129.1679901,35.16659705
2015,2015-07-22 2:37,야,수,1,1,0,0,0,대구,달서구,차대사람,기타,기타,운전자법규위반,안전운전 의무 불이행,단일로,기타단일로,승용차,소형,보행자,보행자,1089572,1762970,128.4920589,35.85918987
2015,2015-07-22 11:41,주,수,1,1,0,0,0,경기,하남시,차대차,추돌,주정차중 추돌,운전자법규위반,안전운전 의무 불이행,교차로,교차로부근,건설기계,건설기계,이륜차,소형,973823,1951250,127.2036089,37.56023266
2015,2015-07-22 11:27,주,수,1,1,0,0,0,충남,보령시,차대차,측면충돌,측면충돌,운전자법규위반,안전운전 의무 불이행,단일로,기타단일로,승용차,중형,자전거,자전거,917709,1816084,126.5830257,36.33863241
2015,2015-07-22 13:15,주,수,1,1,0,0,0,전북,정읍시,차대차,측면충돌,측면충돌,운전자법규위반,직진 및 우회전차의 통행방해,교차로,교차로내,농기계,농기계,원동기장치자전거,원동기장치자전거,950130,1738835,126.9491385,35.64441737
2015,2015-07-22 16:15,주,수,1,1,0,0,0,서울,광진구,차대차,측면충돌,측면충돌,운전자법규위반,안전운전 의무 불이행,교차로,교차로내,승용차,중형,자전거,자전거,962642,1951071,127.077023,37.5582336
2015,2015-07-22 22:05,야,수,1,1,0,0,0,충남,부여군,차대차,기타,기타,운전자법규위반,중앙선 침범,단일로,기타단일로,이륜차,소형,승용차,중형,936463,1803679,126.7929957,36.22822419
2015,2015-07-22 23:15,야,수,1,1,0,0,0,경기,안양시,차대사람,횡단중,횡단중,운전자법규위반,안전운전 의무 불이행,교차로,교차로내,승합차,대형,보행자,보행자,951400,1932565,126.9509645,37.39090906
2015,2015-07-23 3:00,야,목,1,1,0,0,0,인천,서구,차대사람,차도통행중,차도통행중,운전자법규위반,안전운전 의무 불이행,단일로,기타단일로,화물차,소형,보행자,보행자,927470,1950625,126.678869,37.55211589
2015,2015-07-23 6:40,주,목,1,1,0,0,0,경기,부천시,차대차,측면충돌,측면충돌,운전자법규위반,안전거리 미확보,단일로,기타단일로,승용차,대형,자전거,자전거,936249,1944154,126.7788123,37.49444266
2015,2015-07-23 7:05,주,목,1,1,0,0,0,경북,안동시,차량단독,공작물충돌,공작물충돌,운전자법규위반,안전운전 의무 불이행,단일로,기타단일로,승용차,경형,없음,없음,1110751,1839635,128.7374145,36.548048
2015,2015-07-23 9:57,주,목,1,1,0,0,0,강원,태백시,차대사람,횡단중,횡단중,운전자법규위반,안전운전 의무 불이행,단일로,기타단일로,승용차,소형,보행자,보행자,1130280,1910314,128.967686,37.18252209
2015,2015-07-23 11:47,주,목,1,1,0,0,0,전북,전주시,차대차,정면충돌,정면충돌,운전자법규위반,중앙선 침범,단일로,기타단일로,승용차,대형,원동기장치자전거,원동기장치자전거,966173,1767065,127.125152,35.89962179
2015,2015-07-23 15:51,주,목,1,1,0,0,0,충북,제천시,차량단독,전도전복,전도전복,운전자법규위반,안전운전 의무 불이행,단일로,기타단일로,자전거,자전거,없음,없음,1065931.5,1885368.6,128.2406521,36.96443791
2015,2015-07-23 15:30,주,목,1,1,0,0,0,경북,김천시,차량단독,전도전복,전도전복,운전자법규위반,안전운전 의무 불이행,단일로,기타단일로,화물차,소형,없음,없음,1067846,1787288,128.2535337,36.08016759
2015,2015-07-23 16:01,주,목,1,1,0,0,0,경북,문경시,차대사람,기타,기타,운전자법규위반,안전운전 의무 불이행,단일로,기타단일로,승용차,중형,보행자,보행자,1058433,1861627,128.1545941,36.75092538
2015,2015-07-23 18:00,야,목,1,1,0,0,0,전남,무안군,차량단독,공작물충돌,공작물충돌,운전자법규위반,안전운전 의무 불이행,단일로,기타단일로,농기계,농기계,없음,없음,890345,1677217,126.2971212,35.08410775
2015,2015-07-23 23:10,야,목,1,1,0,0,0,경기,오산시,차대사람,횡단중,횡단중,운전자법규위반,안전운전 의무 불이행,교차로,교차로부근,승용차,소형,보행자,보행자,961911,1903509,127.0711914,37.1294964
2015,2015-07-24 0:25,야,금,1,1,0,0,0,서울,용산구,차대사람,기타,기타,운전자법규위반,안전운전 의무 불이행,단일로,기타단일로,승용차,소형,보행자,보행자,956429,1948179,127.0068518,37.53189428
2015,2015-07-24 0:05,야,금,1,1,0,0,0,충남,서산시,차대사람,차도통행중,차도통행중,운전자법규위반,안전운전 의무 불이행,단일로,기타단일로,승용차,대형,보행자,보행자,904060,1884582,126.4223883,36.95476737
2015,2015-07-24 1:10,야,금,1,1,0,0,0,서울,중랑구,차대사람,횡단중,횡단중,운전자법규위반,안전운전 의무 불이행,단일로,횡단보도상,승용차,중형,보행자,보행자,962707,1957062,127.0774538,37.61223486
2015,2015-07-24 8:50,주,금,1,1,0,0,0,경기,화성시,차대차,측면충돌,측면충돌,운전자법규위반,안전운전 의무 불이행,단일로,기타단일로,화물차,소형,화물차,중형,945254,1916514,126.8827207,37.24589193