발생년,발생년월일시분,주야,요일,사망자수,사상자수,중상자수,경상자수,부상신고자수,발생지시도,발생지시군구,사고유형_대분류,사고유형_중분류,사고유형,법규위반_대분류,법규위반,도로형태_대분류,도로형태,가해자_당사자종별_대분류,가해자_당사자종별,피해자_당사자종별_대분류,피해자_당사자종별,발생위치X_UTMK,발생위치Y_UTMK,경도,위도
2015,2015-07-24 10:55,주,금,1,1,0,0,0,부산,해운대구,차대차,측면충돌,측면충돌,운전자법규위반,부당한 회전,교차로,교차로내,자전거,자전거,승용차,중형,1150212,1686023,129.1492334,35.15825273
2015,2015-07-24 18:00,야,금,1,1,0,0,0,충북,괴산군,차량단독,도로이탈,도로이탈 추락,운전자법규위반,안전운전 의무 불이행,단일로,기타단일로,농기계,농기계,없음,없음,1027552,1881247,127.8093692,36.92919085
2015,2015-07-24 19:50,야,금,1,1,0,0,0,부산,강서구,차대사람,기타,기타,운전자법규위반,안전운전 의무 불이행,단일로,횡단보도부근,화물차,중형,보행자,보행자,1132117,1684084,128.9503119,35.14331541
2015,2015-07-24 19:48,야,금,1,1,0,0,0,경북,영천시,차대사람,보도통행중,보도통행중,운전자법규위반,안전운전 의무 불이행,단일로,횡단보도상,승용차,소형,보행자,보행자,1129310,1772636,128.933645,35.94187274
2015,2015-07-24 20:00,야,금,1,1,0,0,0,광주,북구,차대차,기타,기타,운전자법규위반,중앙선 침범,단일로,기타단일로,원동기장치자전거,원동기장치자전거,승용차,중형,940157,1686969,126.8427909,35.17622735
2015,2015-07-24 21:05,야,금,1,1,0,0,0,충남,논산시,차량단독,공작물충돌,공작물충돌,운전자법규위반,안전운전 의무 불이행,단일로,기타단일로,승용차,중형,없음,없음,973618,1796502,127.206669,36.16524838
2015,2015-07-25 0:10,야,토,1,1,0,0,0,경남,창원시(통합),차대차,측면충돌,측면충돌,운전자법규위반,신호위반,교차로,교차로내,화물차,소형,이륜차,중형,1107257,1692889,128.6786147,35.2256536
2015,2015-07-25 0:04,야,토,1,1,0,0,0,대구,북구,차대사람,횡단중,횡단중,운전자법규위반,신호위반,단일로,횡단보도상,승용차,중형,보행자,보행자,1099745,1766533,128.6051586,35.89032529
2015,2015-07-25 1:30,야,토,1,1,0,0,0,대구,북구,차대차,추돌,주정차중 추돌,운전자법규위반,안전운전 의무 불이행,단일로,기타단일로,이륜차,소형,승용차,중형,1096818,1766247,128.5726983,35.88804115
2015,2015-07-25 2:42,야,토,1,1,0,0,0,부산,부산진구,차대사람,횡단중,횡단중,운전자법규위반,과속,단일로,기타단일로,승용차,중형,보행자,보행자,1142243,1686214,129.0618014,35.16113372
2015,2015-07-25 2:34,야,토,1,1,0,0,0,충남,홍성군,차량단독,공작물충돌,공작물충돌,운전자법규위반,안전운전 의무 불이행,교차로,교차로내,승용차,중형,없음,없음,922693,1835052,126.6366659,36.51002846
2015,2015-07-25 5:50,야,토,1,1,0,0,0,서울,광진구,차대사람,횡단중,횡단중,운전자법규위반,안전운전 의무 불이행,단일로,횡단보도부근,승용차,소형,보행자,보행자,963155,1951778,127.0827957,37.56462669
2015,2015-07-25 6:40,주,토,1,1,0,0,0,전북,고창군,차량단독,전도전복,전도전복,운전자법규위반,안전운전 의무 불이행,단일로,기타단일로,농기계,농기계,없음,없음,909240,1717348,126.4999258,35.44779451
2015,2015-07-25 6:45,주,토,1,1,0,0,0,전남,순천시,차대차,기타,기타,운전자법규위반,안전운전 의무 불이행,단일로,기타단일로,화물차,소형,이륜차,소형,986800,1652147,127.3555838,34.86392028
2015,2015-07-25 17:00,주,토,1,1,0,0,0,세종,세종,차대차,기타,기타,운전자법규위반,안전운전 의무 불이행,교차로,교차로내,승합차,대형,자전거,자전거,982433,1831566,127.3038884,36.48156447
2015,2015-07-25 17:40,주,토,1,1,0,0,0,경북,칠곡군,차량단독,공작물충돌,공작물충돌,운전자법규위반,안전운전 의무 불이행,단일로,기타단일로,승용차,중형,없음,없음,1086817,1774795,128.4628405,35.96603794
2015,2015-07-25 20:48,야,토,1,1,0,0,0,강원,철원군,차대사람,기타,기타,운전자법규위반,안전운전 의무 불이행,단일로,기타단일로,승용차,대형,보행자,보행자,991820,2016428,127.4066429,38.14802495
2015,2015-07-26 5:35,야,일,1,1,0,0,0,인천,부평구,차대사람,기타,기타,운전자법규위반,안전운전 의무 불이행,단일로,기타단일로,승합차,대형,보행자,보행자,931173,1945341,126.7212833,37.50477641
2015,2015-07-26 6:50,주,일,1,1,0,0,0,충남,논산시,차대사람,차도통행중,차도통행중,운전자법규위반,중앙선 침범,교차로,교차로부근,승용차,소형,보행자,보행자,955919,1795289,127.009954,36.15366896
2015,2015-07-26 6:08,주,일,1,1,0,0,0,경북,김천시,차대차,정면충돌,정면충돌,운전자법규위반,중앙선 침범,단일로,기타단일로,화물차,소형,이륜차,소형,1059517,1794647,128.1615895,36.14705613
2015,2015-07-26 14:25,주,일,1,1,0,0,0,전북,임실군,차량단독,전도전복,전도전복,운전자법규위반,안전운전 의무 불이행,단일로,기타단일로,이륜차,소형,없음,없음,978843,1734047,127.2664225,35.60227963
2015,2015-07-26 15:50,주,일,1,1,0,0,0,전남,광양시,차량단독,공작물충돌,공작물충돌,운전자법규위반,안전운전 의무 불이행,단일로,기타단일로,이륜차,소형,없음,없음,1005685,1663335,127.5622736,34.96487863
2015,2015-07-26 16:20,주,일,1,1,0,0,0,경기,고양시,차대차,측면충돌,측면충돌,운전자법규위반,안전운전 의무 불이행,교차로,교차로내,승용차,중형,자전거,자전거,936013,1964160,126.7743946,37.6747367
2015,2015-07-26 20:43,야,일,1,1,0,0,0,강원,춘천시,차대사람,횡단중,횡단중,운전자법규위반,안전운전 의무 불이행,교차로,교차로내,화물차,소형,보행자,보행자,1022498,1991946,127.7559959,37.92713121
2015,2015-07-26 21:10,야,일,1,1,0,0,0,강원,인제군,차대사람,차도통행중,차도통행중,운전자법규위반,안전운전 의무 불이행,교차로,교차로부근,승용차,중형,보행자,보행자,1058759,2007409,128.169844,38.0648675
2015,2015-07-26 23:40,야,일,1,1,0,0,0,전북,군산시,차대차,추돌,주정차중 추돌,운전자법규위반,안전운전 의무 불이행,단일로,기타단일로,원동기장치자전거,원동기장치자전거,화물차,대형,932036,1776808,126.7460568,35.98568098
2015,2015-07-27 5:50,야,월,1,1,0,0,0,충북,청주시,차량단독,전도전복,전도전복,운전자법규위반,안전운전 의무 불이행,교차로,교차로부근,이륜차,소형,없음,없음,994173,1846926,127.4348332,36.62017992
2015,2015-07-27 10:50,주,월,1,1,0,0,0,경기,고양시,차대차,기타,기타,운전자법규위반,안전운전 의무 불이행,교차로,교차로내,승용차,중형,이륜차,중형,947391,1966922,126.9032133,37.7003535
2015,2015-07-27 11:45,주,월,1,1,0,0,0,경북,영천시,차량단독,전도전복,전도전복,운전자법규위반,안전운전 의무 불이행,단일로,기타단일로,화물차,소형,없음,없음,1137756,1774706,129.027615,35.95937448
2015,2015-07-27 21:55,야,월,1,1,0,0,0,인천,서구,차대사람,횡단중,횡단중,운전자법규위반,안전운전 의무 불이행,교차로,교차로내,승용차,소형,보행자,보행자,922419,1947798,126.6219901,37.52622592
2015,2015-07-27 23:55,야,월,1,1,0,0,0,경기,남양주시,차대사람,횡단중,횡단중,운전자법규위반,신호위반,단일로,횡단보도상,승용차,대형,보행자,보행자,974219,1954329,127.2079843,37.5879962
2015,2015-07-28 0:40,야,화,1,1,0,0,0,강원,삼척시,차량단독,공작물충돌,공작물충돌,운전자법규위반,안전운전 의무 불이행,단일로,기타단일로,승용차,중형,없음,없음,1148798,1939071,129.1819901,37.43885754
2015,2015-07-28 2:12,야,화,1,1,0,0,0,경북,청도군,차대사람,기타,기타,운전자법규위반,안전운전 의무 불이행,단일로,기타단일로,승용차,소형,보행자,보행자,1112663,1743091,128.7449595,35.6776139
2015,2015-07-28 7:40,주,화,1,1,0,0,0,경기,파주시,차대사람,횡단중,횡단중,운전자법규위반,안전운전 의무 불이행,단일로,기타단일로,승용차,소형,보행자,보행자,936797,1979135,126.7819818,37.80975455
2015,2015-07-28 9:50,주,화,1,1,0,0,0,전남,영광군,차대차,측면충돌,측면충돌,운전자법규위반,교차로 통행방법 위반,교차로,교차로내,이륜차,소형,승용차,중형,897796,1698174,126.3762441,35.27382747
2015,2015-07-28 10:10,주,화,1,1,0,0,0,대구,달서구,차대사람,기타,기타,운전자법규위반,안전운전 의무 불이행,교차로,교차로내,승용차,중형,보행자,보행자,1094270,1758154,128.5435155,35.81533426
2015,2015-07-28 11:30,주,화,1,1,0,0,0,충북,충주시,차대차,추돌,진행중 추돌,운전자법규위반,안전거리 미확보,단일로,기타단일로,원동기장치자전거,원동기장치자전거,승용차,중형,1024077,1890619,127.7706494,37.01376876
2015,2015-07-28 12:07,주,화,1,1,0,0,0,경기,부천시,차대사람,기타,기타,운전자법규위반,안전운전 의무 불이행,교차로,교차로내,건설기계,건설기계,보행자,보행자,934972,1946447,126.7641644,37.5150202
2015,2015-07-28 13:42,주,화,1,1,0,0,0,인천,계양구,차대사람,기타,기타,운전자법규위반,안전운전 의무 불이행,단일로,기타단일로,자전거,자전거,보행자,보행자,932872,1950061,126.7400729,37.54744213
2015,2015-07-28 14:35,주,화,1,1,0,0,0,부산,수영구,차량단독,공작물충돌,공작물충돌,운전자법규위반,안전운전 의무 불이행,단일로,기타단일로,승용차,중형,없음,없음,1146192,1686519,129.1051998,35.16331623
2015,2015-07-28 16:40,주,화,1,1,0,0,0,전남,담양군,차대차,기타,기타,운전자법규위반,과속,교차로,교차로부근,화물차,소형,자전거,자전거,947641,1700076,126.9241432,35.29482642
2015,2015-07-28 17:45,주,화,1,1,0,0,0,경북,경산시,차대차,기타,기타,운전자법규위반,안전운전 의무 불이행,단일로,기타단일로,이륜차,소형,화물차,중형,1119883,1758397,128.8270124,35.81472942
2015,2015-07-28 20:30,야,화,1,1,0,0,0,경북,구미시,차대사람,기타,기타,운전자법규위반,안전운전 의무 불이행,단일로,기타단일로,화물차,소형,보행자,보행자,1072546,1806704,128.3075234,36.25485931
2015,2015-07-28 22:33,야,화,1,1,0,0,0,경기,용인시,차대차,추돌,주정차중 추돌,운전자법규위반,안전운전 의무 불이행,교차로,교차로부근,원동기장치자전거,원동기장치자전거,화물차,대형,976543,1922839,127.2353093,37.30421847
2015,2015-07-29 10:00,주,수,1,1,0,0,0,서울,강북구,차대사람,기타,기타,운전자법규위반,안전운전 의무 불이행,단일로,기타단일로,화물차,소형,보행자,보행자,958858,1957291,127.0338313,37.61413467
2015,2015-07-29 12:00,주,수,1,1,0,0,0,대구,달성군,차량단독,도로이탈,도로이탈 추락,운전자법규위반,안전운전 의무 불이행,교차로,교차로부근,이륜차,소형,없음,없음,1081334,1763366,128.4008695,35.86347852
2015,2015-07-29 18:20,야,수,1,1,0,0,0,전남,나주시,차대사람,횡단중,횡단중,운전자법규위반,안전운전 의무 불이행,단일로,기타단일로,승용차,중형,보행자,보행자,921499,1676078,126.638937,35.07674657
2015,2015-07-29 21:15,야,수,1,1,0,0,0,전남,목포시,차대사람,기타,기타,운전자법규위반,안전운전 의무 불이행,교차로,교차로부근,승합차,경형,보행자,보행자,902255,1645635,126.431449,34.8005916
2015,2015-07-30 1:45,야,목,1,1,0,0,0,충남,서산시,차량단독,전도전복,전도전복,운전자법규위반,안전운전 의무 불이행,단일로,기타단일로,승용차,소형,없음,없음,913872,1866585,126.5346267,36.79350331
2015,2015-07-30 2:57,야,목,1,1,0,0,0,경북,경주시,차대사람,기타,기타,운전자법규위반,안전운전 의무 불이행,단일로,기타단일로,승합차,중형,보행자,보행자,1155816.1,1762616.6,129.2254443,35.84770909
2015,2015-07-30 4:30,야,목,1,1,0,0,0,전남,고흥군,차대차,추돌,진행중 추돌,운전자법규위반,안전운전 의무 불이행,단일로,기타단일로,승용차,대형,자전거,자전거,988015,1631404,127.3691722,34.67687996
2015,2015-07-30 12:57,주,목,1,1,0,0,0,인천,동구,차대사람,기타,기타,운전자법규위반,안전운전 의무 불이행,교차로,교차로부근,화물차,대형,보행자,보행자,923370,1942314,126.6333233,37.47688018
2015,2015-07-30 20:50,야,목,1,1,0,0,0,경기,파주시,차대사람,기타,기타,운전자법규위반,안전운전 의무 불이행,단일로,기타단일로,승용차,대형,보행자,보행자,943696,1978120,126.8604321,37.80105836
2015,2015-07-31 16:08,주,금,1,1,0,0,0,경북,상주시,차대차,추돌,주정차중 추돌,운전자법규위반,안전운전 의무 불이행,단일로,기타단일로,화물차,중형,특수차,대형,1064396.5,1819196.1,128.2178483,36.36805063
2015,2015-07-31 17:14,주,금,1,1,0,0,0,부산,부산진구,차대차,측면충돌,측면충돌,운전자법규위반,중앙선 침범,단일로,기타단일로,이륜차,중형,승합차,대형,1141337,1685046,129.051657,35.15073331
2015,2015-07-31 17:10,주,금,1,1,0,0,0,경남,합천군,차대사람,길가장자리구역통행중,길가장자리구역통행중,운전자법규위반,안전운전 의무 불이행,단일로,기타단일로,화물차,중형,보행자,보행자,1071439,1729611,128.2882783,35.5599315
2015,2015-07-31 20:15,야,금,1,1,0,0,0,충남,아산시,차대사람,길가장자리구역통행중,길가장자리구역통행중,운전자법규위반,안전운전 의무 불이행,기타/불명,기타/불명,화물차,중형,보행자,보행자,945054,1873892,126.8835812,36.86169303
2015,2015-07-31 22:30,야,금,1,1,0,0,0,인천,남구,차대사람,횡단중,횡단중,운전자법규위반,안전운전 의무 불이행,단일로,기타단일로,승용차,중형,보행자,보행자,924654,1940471,126.6480322,37.46037536
2015,2015-07-31 23:35,야,금,1,1,0,0,0,충북,청주시,차량단독,기타,기타,운전자법규위반,안전운전 의무 불이행,단일로,기타단일로,승용차,중형,없음,없음,1001126,1849585,127.5125966,36.64416793
2015,2015-08-01 0:20,야,토,1,1,0,0,0,경기,포천시,차대차,추돌,진행중 추돌,운전자법규위반,안전운전 의무 불이행,단일로,기타단일로,승용차,중형,특수차,대형,981446,1984081,127.2890833,37.856333
2015,2015-08-01 3:00,야,토,1,1,0,0,0,충북,단양군,차량단독,공작물충돌,공작물충돌,운전자법규위반,안전운전 의무 불이행,단일로,기타단일로,승용차,소형,없음,없음,1068712,1898019,128.2730392,37.07826432
2015,2015-08-01 4:22,야,토,1,1,0,0,0,광주,북구,차대사람,횡단중,횡단중,운전자법규위반,안전운전 의무 불이행,단일로,횡단보도상,화물차,소형,보행자,보행자,948497,1687457,126.9343479,35.18108983
2015,2015-08-01 5:47,야,토,1,1,0,0,0,전남,순천시,차량단독,기타,기타,운전자법규위반,안전운전 의무 불이행,단일로,기타단일로,이륜차,소형,없음,없음,985636,1652519,127.3428426,34.86725904
2015,2015-08-01 15:43,주,토,1,1,0,0,0,서울,중랑구,차량단독,기타,기타,운전자법규위반,안전운전 의무 불이행,단일로,터널안,이륜차,중형,없음,없음,964163,1953530,127.0941235,37.58045782
2015,2015-08-01 15:50,주,토,1,1,0,0,0,경기,포천시,차량단독,공작물충돌,공작물충돌,운전자법규위반,과속,단일로,기타단일로,승합차,소형,없음,없음,978326,2002518,127.2530609,38.02243514
2015,2015-08-01 19:00,야,토,1,1,0,0,0,전남,영암군,차대차,추돌,진행중 추돌,운전자법규위반,안전운전 의무 불이행,단일로,기타단일로,화물차,소형,이륜차,소형,918632,1649009,126.6101347,34.83245389
2015,2015-08-01 20:15,야,토,1,1,0,0,0,전북,완주군,차대차,추돌,진행중 추돌,운전자법규위반,안전운전 의무 불이행,단일로,기타단일로,승용차,중형,농기계,농기계,966168,1769650,127.1249866,35.92292768
2015,2015-08-01 22:25,야,토,1,1,0,0,0,제주,제주시,차량단독,공작물충돌,공작물충돌,운전자법규위반,안전운전 의무 불이행,단일로,기타단일로,이륜차,소형,없음,없음,945227,1499859,126.9103937,33.48917002
2015,2015-08-02 3:30,야,일,1,1,0,0,0,경북,경주시,차량단독,공작물충돌,공작물충돌,운전자법규위반,안전운전 의무 불이행,교차로,교차로내,승용차,중형,없음,없음,1179885,1756168,129.4903874,35.78548053
2015,2015-08-02 4:05,야,일,1,1,0,0,0,경기,고양시,차량단독,공작물충돌,공작물충돌,운전자법규위반,중앙선 침범,단일로,기타단일로,승용차,중형,없음,없음,944099,1963988,126.8660966,37.67371495
2015,2015-08-02 4:25,야,일,1,1,0,0,0,전남,목포시,차대사람,기타,기타,운전자법규위반,안전운전 의무 불이행,단일로,기타단일로,승용차,소형,보행자,보행자,902158,1646516,126.4302861,34.80852552
2015,2015-08-02 7:14,주,일,1,1,0,0,0,울산,울주군,차량단독,기타,기타,운전자법규위반,안전운전 의무 불이행,단일로,기타단일로,이륜차,소형,없음,없음,1165450,1716928,129.3227016,35.43438969
2015,2015-08-02 9:00,주,일,1,1,0,0,0,강원,홍천군,차량단독,전도전복,전도전복,운전자법규위반,안전운전 의무 불이행,단일로,기타단일로,농기계,농기계,없음,없음,1050021,1962044,128.0670955,37.65653325
2015,2015-08-02 11:00,주,일,1,1,0,0,0,강원,춘천시,차량단독,공작물충돌,공작물충돌,운전자법규위반,안전운전 의무 불이행,단일로,기타단일로,승용차,중형,없음,없음,1024721.9,1980506,127.7809087,37.82396493
2015,2015-08-02 18:00,야,일,1,1,0,0,0,세종,세종,차대차,측면충돌,측면충돌,운전자법규위반,신호위반,교차로,교차로내,승용차,중형,원동기장치자전거,원동기장치자전거,981658,1836907,127.2951098,36.52969971
2015,2015-08-03 3:35,야,월,1,1,0,0,0,강원,원주시,차대사람,기타,기타,운전자법규위반,안전운전 의무 불이행,단일로,기타단일로,화물차,소형,보행자,보행자,1040573,1934551,127.9584662,37.40919619
2015,2015-08-03 5:24,야,월,1,1,0,0,0,경남,창원시(통합),차대사람,횡단중,횡단중,운전자법규위반,안전운전 의무 불이행,단일로,기타단일로,승용차,소형,보행자,보행자,1098154,1693624,128.5786888,35.23321254
2015,2015-08-03 8:55,주,월,1,1,0,0,0,경북,포항시,차대차,기타,기타,운전자법규위반,안전운전 의무 불이행,교차로,교차로내,자전거,자전거,승용차,중형,1168539,1783466,129.3706917,36.03348253
2015,2015-08-03 9:26,주,월,1,1,0,0,0,인천,중구,차대사람,차도통행중,차도통행중,운전자법규위반,안전운전 의무 불이행,교차로,교차로내,승용차,소형,보행자,보행자,900401,1939132,126.3740172,37.44601323
2015,2015-08-03 9:55,주,월,1,1,0,0,0,인천,옹진군,차대사람,횡단중,횡단중,운전자법규위반,안전운전 의무 불이행,교차로,교차로내,승용차,중형,보행자,보행자,750342,1995365,124.6596472,37.92392947
2015,2015-08-03 12:05,주,월,1,1,0,0,0,전남,나주시,차대차,추돌,진행중 추돌,운전자법규위반,중앙선 침범,단일로,기타단일로,이륜차,소형,화물차,소형,918322,1673320,126.6043645,35.05162737
2015,2015-08-03 17:23,주,월,1,1,0,0,0,경기,파주시,차대차,기타,기타,운전자법규위반,안전운전 의무 불이행,단일로,기타단일로,원동기장치자전거,원동기장치자전거,화물차,소형,938833,1970730,126.8058188,37.73414247
2015,2015-08-03 17:05,주,월,1,1,0,0,0,강원,강릉시,차량단독,공작물충돌,공작물충돌,운전자법규위반,안전운전 의무 불이행,단일로,기타단일로,승용차,중형,없음,없음,1122786,1973181,128.8937639,37.75003624
2015,2015-08-03 17:13,주,월,1,1,0,0,0,충북,제천시,차대차,측면충돌,측면충돌,운전자법규위반,과속,단일로,기타단일로,승용차,중형,원동기장치자전거,원동기장치자전거,1061052.3,1903744.1,128.1873364,37.13039854
2015,2015-08-03 19:55,야,월,1,1,0,0,0,충남,당진시,차대차,정면충돌,정면충돌,운전자법규위반,중앙선 침범,단일로,기타단일로,이륜차,소형,승용차,중형,918963,1887832,126.589411,36.9854617
2015,2015-08-03 21:30,야,월,1,1,0,0,0,경기,남양주시,차대사람,횡단중,횡단중,운전자법규위반,안전운전 의무 불이행,단일로,기타단일로,승용차,중형,보행자,보행자,966968,1966576,127.1253012,37.69814977
2015,2015-08-04 1:16,야,화,1,1,0,0,0,부산,금정구,차량단독,기타,기타,운전자법규위반,안전운전 의무 불이행,단일로,기타단일로,이륜차,중형,없음,없음,1144483,1694934,129.0879173,35.23941343
2015,2015-08-04 4:50,야,화,1,1,0,0,0,경남,창원시(통합),차대차,측면충돌,측면충돌,운전자법규위반,신호위반,교차로,교차로부근,자전거,자전거,승용차,중형,1108189,1692555,128.6888103,35.22254239
2015,2015-08-04 5:50,야,화,1,1,0,0,0,강원,속초시,차량단독,공작물충돌,공작물충돌,운전자법규위반,안전운전 의무 불이행,단일로,기타단일로,이륜차,소형,없음,없음,1094424,2021491,128.5782311,38.1887421
2015,2015-08-04 6:40,주,화,1,1,0,0,0,충남,부여군,차량단독,공작물충돌,공작물충돌,운전자법규위반,안전운전 의무 불이행,교차로,교차로내,승용차,중형,없음,없음,932928,1801059,126.7538875,36.2043664
2015,2015-08-04 8:50,주,화,1,1,0,0,0,전북,전주시,차대사람,횡단중,횡단중,운전자법규위반,안전운전 의무 불이행,단일로,기타단일로,화물차,소형,보행자,보행자,969450,1761317,127.1616853,35.84790581
2015,2015-08-04 18:29,야,화,1,1,0,0,0,부산,금정구,차대사람,보도통행중,보도통행중,운전자법규위반,보행자 보호의무 위반,교차로,교차로부근,승합차,소형,보행자,보행자,1144689,1696481,129.0904529,35.25332773
2015,2015-08-04 19:50,야,화,1,1,0,0,0,서울,용산구,차대사람,기타,기타,운전자법규위반,안전운전 의무 불이행,단일로,횡단보도상,승용차,중형,보행자,보행자,953323.5,1950141.9,126.9715794,37.54943433
2015,2015-08-04 19:54,야,화,1,1,0,0,0,경북,포항시,차대사람,기타,기타,운전자법규위반,중앙선 침범,단일로,기타단일로,승용차,중형,보행자,보행자,1166878,1780875,129.3517177,36.01042071
2015,2015-08-04 23:00,야,화,1,1,0,0,0,경기,남양주시,차대사람,횡단중,횡단중,운전자법규위반,안전운전 의무 불이행,교차로,교차로부근,화물차,소형,보행자,보행자,972758,1958700,127.1912733,37.62735154
2015,2015-08-04 23:40,야,화,1,1,0,0,0,강원,태백시,차대사람,보도통행중,보도통행중,운전자법규위반,보행자 보호의무 위반,단일로,기타단일로,화물차,소형,보행자,보행자,1129688,1912045,128.9613193,37.19820289
2015,2015-08-05 0:39,야,수,1,1,0,0,0,경기,수원시,차대사람,횡단중,횡단중,운전자법규위반,안전운전 의무 불이행,교차로,교차로부근,승용차,중형,보행자,보행자,953316,1919703,126.9734186,37.27507543
2015,2015-08-05 3:34,야,수,1,1,0,0,0,인천,남구,차대사람,횡단중,횡단중,운전자법규위반,안전운전 의무 불이행,단일로,기타단일로,승용차,중형,보행자,보행자,927379,1940235.6,126.6788652,37.45847187
2015,2015-08-05 4:30,야,수,1,1,0,0,0,경기,양평군,차대차,추돌,진행중 추돌,운전자법규위반,안전운전 의무 불이행,단일로,기타단일로,승용차,중형,원동기장치자전거,원동기장치자전거,1009611,1935357,127.6086142,37.41730032
2015,2015-08-05 5:59,야,수,1,1,0,0,0,경기,화성시,차량단독,공작물충돌,공작물충돌,운전자법규위반,안전운전 의무 불이행,단일로,기타단일로,승용차,소형,없음,없음,962966,1913204,127.0825879,37.21692878
2015,2015-08-05 9:35,주,수,1,1,0,0,0,경남,양산시,차대사람,기타,기타,운전자법규위반,안전운전 의무 불이행,기타/불명,기타/불명,승용차,중형,보행자,보행자,1139946,1706509,129.0400458,35.34439137
2015,2015-08-05 11:00,주,수,1,1,0,0,0,전남,광양시,차대차,추돌,주정차중 추돌,운전자법규위반,안전운전 의무 불이행,단일로,기타단일로,승용차,중형,농기계,농기계,1010184,1663139,127.6115533,34.96307594
2015,2015-08-05 11:45,주,수,1,1,0,0,0,경남,김해시,차대차,기타,기타,운전자법규위반,중앙선 침범,단일로,기타단일로,승용차,중형,승용차,경형,1118602,1687302,128.8024497,35.17401002
2015,2015-08-05 15:40,주,수,1,1,0,0,0,충남,예산군,차량단독,기타,기타,운전자법규위반,안전운전 의무 불이행,단일로,기타단일로,원동기장치자전거,원동기장치자전거,없음,없음,939211,1858240,126.8192841,36.7202462
2015,2015-08-05 15:25,주,수,1,1,0,0,0,광주,서구,차대차,측면충돌,측면충돌,운전자법규위반,신호위반,교차로,교차로내,이륜차,소형,승용차,중형,941330,1685027,126.8558104,35.15878628
2015,2015-08-05 17:00,주,수,1,1,0,0,0,경북,경주시,차량단독,공작물충돌,공작물충돌,운전자법규위반,안전운전 의무 불이행,단일로,기타단일로,이륜차,소형,없음,없음,1135612,1756368,129.0007257,35.79439395
2015,2015-08-05 18:20,야,수,1,1,0,0,0,서울,강동구,차대차,측면충돌,측면충돌,운전자법규위반,신호위반,교차로,교차로내,화물차,소형,이륜차,중형,971166,1949775,127.1735833,37.54685848
2015,2015-08-05 18:55,야,수,1,1,0,0,0,경기,고양시,차대차,추돌,진행중 추돌,운전자법규위반,신호위반,교차로,교차로내,승용차,중형,이륜차,소형,945460,1959169,126.8818893,37.63036369
2015,2015-08-05 21:00,야,수,1,1,0,0,0,전북,정읍시,차량단독,공작물충돌,공작물충돌,운전자법규위반,안전운전 의무 불이행,단일로,기타단일로,원동기장치자전거,원동기장치자전거,없음,없음,929343,1735425,126.7198414,35.61240505
2015,2015-08-05 22:50,야,수,1,1,0,0,0,충북,증평군,차량단독,도로이탈,도로이탈 추락,운전자법규위반,안전운전 의무 불이행,단일로,기타단일로,화물차,소형,없음,없음,1010080,1869408,127.6130272,36.82281594
2015,2015-08-06 4:24,야,목,1,1,0,0,0,경남,밀양시,차대사람,횡단중,횡단중,운전자법규위반,보행자 보호의무 위반,교차로,교차로내,화물차,대형,보행자,보행자,1114482,1719932,128.7617773,35.4686402
2015,2015-08-06 5:20,야,목,1,1,0,0,0,충남,아산시,차대사람,횡단중,횡단중,운전자법규위반,보행자 보호의무 위반,단일로,횡단보도상,승용차,중형,보행자,보행자,956036.8,1865953.9,127.0072476,36.79071126
2015,2015-08-06 6:35,주,목,1,1,0,0,0,충북,음성군,차대차,측면충돌,측면충돌,운전자법규위반,신호위반,교차로,교차로내,이륜차,소형,승용차,중형,1017628,1881173,127.6979361,36.92876173
2015,2015-08-06 7:30,주,목,1,1,0,0,0,경기,안성시,차량단독,도로이탈,도로이탈 추락,운전자법규위반,안전운전 의무 불이행,단일로,기타단일로,특수차,중형,없음,없음,983835,1882663,127.3184593,36.94221955
2015,2015-08-06 7:15,주,목,1,1,0,0,0,경북,경주시,차량단독,전도전복,전도전복,운전자법규위반,안전운전 의무 불이행,단일로,기타단일로,이륜차,소형,없음,없음,1146352,1763229,129.1207939,35.8546874
2015,2015-08-06 9:40,주,목,1,1,0,0,0,경기,안성시,차대차,추돌,진행중 추돌,운전자법규위반,안전운전 의무 불이행,단일로,기타단일로,이륜차,소형,승용차,경형,977632,1897500,127.2483566,37.07583824
2015,2015-08-06 11:15,주,목,1,1,0,0,0,강원,춘천시,차량단독,전도전복,전도전복,운전자법규위반,안전운전 의무 불이행,단일로,기타단일로,원동기장치자전거,원동기장치자전거,없음,없음,1043978,1990929,128.0003399,37.91717985
2015,2015-08-06 16:56,주,목,1,1,0,0,0,경기,시흥시,차대사람,길가장자리구역통행중,길가장자리구역통행중,운전자법규위반,안전운전 의무 불이행,교차로,교차로부근,화물차,경형,보행자,보행자,939421,1934916,126.8154526,37.41139331
2015,2015-08-06 17:05,주,목,1,1,0,0,0,경기,안산시,차대차,기타,기타,운전자법규위반,안전거리 미확보,단일로,기타단일로,자전거,자전거,화물차,소형,936246,1922809,126.7806197,37.30205766
2015,2015-08-06 18:30,야,목,1,1,0,0,0,서울,성동구,차량단독,공작물충돌,공작물충돌,운전자법규위반,안전운전 의무 불이행,단일로,지하차도(도로)내,이륜차,중형,없음,없음,959932,1952508,127.046262,37.57107178