발생년,발생년월일시분,주야,요일,사망자수,사상자수,중상자수,경상자수,부상신고자수,발생지시도,발생지시군구,사고유형_대분류,사고유형_중분류,사고유형,법규위반_대분류,법규위반,도로형태_대분류,도로형태,가해자_당사자종별_대분류,가해자_당사자종별,피해자_당사자종별_대분류,피해자_당사자종별,발생위치X_UTMK,발생위치Y_UTMK,경도,위도
2015,2015-08-06 22:40,야,목,1,1,0,0,0,경기,가평군,차량단독,기타,기타,운전자법규위반,신호위반,교차로,교차로부근,이륜차,대형,없음,없음,998247,1977430,127.4800884,37.79657364
2015,2015-08-07 3:05,야,금,1,1,0,0,0,충북,충주시,차량단독,공작물충돌,공작물충돌,운전자법규위반,안전운전 의무 불이행,단일로,기타단일로,승용차,소형,없음,없음,1028468.6,1886254.3,127.8198499,36.97430121
2015,2015-08-07 9:20,주,금,1,1,0,0,0,경북,경주시,차대사람,기타,기타,운전자법규위반,보행자 보호의무 위반,교차로,교차로부근,화물차,소형,보행자,보행자,1154422,1762856,129.2100592,35.85008725
2015,2015-08-07 12:15,주,금,1,1,0,0,0,전남,여수시,차대사람,횡단중,횡단중,운전자법규위반,안전운전 의무 불이행,교차로,교차로부근,화물차,대형,보행자,보행자,1012638,1642061,127.6381157,34.77297506
2015,2015-08-07 14:05,주,금,1,1,0,0,0,대전,대덕구,차대사람,기타,기타,운전자법규위반,안전운전 의무 불이행,단일로,횡단보도상,화물차,대형,보행자,보행자,993614.6,1828283.6,127.4287426,36.45211273
2015,2015-08-07 16:15,주,금,1,1,0,0,0,충북,충주시,차량단독,도로이탈,도로이탈 기타,운전자법규위반,안전운전 의무 불이행,단일로,기타단일로,화물차,소형,없음,없음,1018050,1893851,127.7029779,37.04303824
2015,2015-08-07 21:20,야,금,1,1,0,0,0,경북,포항시,차대사람,횡단중,횡단중,운전자법규위반,안전운전 의무 불이행,단일로,횡단보도상,승용차,소형,보행자,보행자,1167274,1780875,129.3561097,36.0103528
2015,2015-08-08 0:28,야,토,1,1,0,0,0,전남,목포시,차대사람,횡단중,횡단중,운전자법규위반,안전운전 의무 불이행,기타/불명,기타/불명,승용차,중형,보행자,보행자,899124,1644874,126.3973177,34.79342505
2015,2015-08-08 11:09,주,토,1,1,0,0,0,대전,동구,차대차,측면충돌,측면충돌,운전자법규위반,안전운전 의무 불이행,교차로,교차로내,원동기장치자전거,원동기장치자전거,승용차,중형,994367,1817428,127.4372178,36.35425063
2015,2015-08-08 14:58,주,토,1,1,0,0,0,경북,영천시,차대차,기타,기타,운전자법규위반,안전운전 의무 불이행,단일로,기타단일로,화물차,대형,특수차,소형,1129788,1769873,128.9384917,35.91690586
2015,2015-08-08 15:10,주,토,1,1,0,0,0,충남,천안시,차량단독,공작물충돌,공작물충돌,운전자법규위반,안전운전 의무 불이행,단일로,기타단일로,화물차,소형,없음,없음,978383,1879657,127.2573171,36.91501272
2015,2015-08-08 15:00,주,토,1,1,0,0,0,전북,임실군,차량단독,전도전복,전도전복,운전자법규위반,안전운전 의무 불이행,단일로,교량위,자전거,자전거,없음,없음,968356,1722088,127.1511129,35.49417182
2015,2015-08-08 18:17,야,토,1,1,0,0,0,경기,안양시,차대사람,기타,기타,운전자법규위반,안전운전 의무 불이행,교차로,교차로부근,승용차,중형,보행자,보행자,949877,1935657,126.9335501,37.41869727
2015,2015-08-08 19:58,야,토,1,1,0,0,0,경북,경주시,차대사람,기타,기타,운전자법규위반,보행자 보호의무 위반,교차로,교차로내,승용차,중형,보행자,보행자,1163854,1754357,129.3127209,35.7719652
2015,2015-08-08 20:55,야,토,1,1,0,0,0,충북,청주시,차대사람,횡단중,횡단중,운전자법규위반,안전운전 의무 불이행,단일로,횡단보도상,화물차,소형,보행자,보행자,1010402,1844595,127.6163001,36.59912697
2015,2015-08-09 1:25,야,일,1,1,0,0,0,충남,홍성군,차량단독,공작물충돌,공작물충돌,운전자법규위반,안전운전 의무 불이행,단일로,기타단일로,승용차,소형,없음,없음,922347,1843436,126.6319577,36.58557448
2015,2015-08-09 3:35,야,일,1,1,0,0,0,경기,남양주시,차량단독,공작물충돌,공작물충돌,운전자법규위반,안전운전 의무 불이행,단일로,기타단일로,이륜차,소형,없음,없음,966502,1962970,127.120181,37.6656313
2015,2015-08-09 5:15,야,일,1,1,0,0,0,전북,군산시,차대사람,보도통행중,보도통행중,운전자법규위반,안전운전 의무 불이행,교차로,교차로부근,승용차,대형,보행자,보행자,929693,1776205,126.7201209,35.98007871
2015,2015-08-09 5:14,야,일,1,1,0,0,0,경남,사천시,차대차,추돌,진행중 추돌,운전자법규위반,안전운전 의무 불이행,단일로,기타단일로,화물차,소형,농기계,농기계,1038720,1679103,127.9248701,35.10633628
2015,2015-08-09 12:00,주,일,1,1,0,0,0,강원,춘천시,차량단독,공작물충돌,공작물충돌,운전자법규위반,안전운전 의무 불이행,단일로,기타단일로,이륜차,중형,없음,없음,1032399,1983015,127.8682526,37.84633812
2015,2015-08-09 15:25,주,일,1,1,0,0,0,경북,영주시,차대차,측면충돌,측면충돌,운전자법규위반,안전운전 의무 불이행,단일로,기타단일로,이륜차,대형,승용차,중형,1099817,1869784,128.6192025,36.82099174
2015,2015-08-09 18:30,야,일,1,1,0,0,0,경북,영천시,차대차,추돌,진행중 추돌,운전자법규위반,안전운전 의무 불이행,단일로,기타단일로,승용차,소형,자전거,자전거,1127465,1790809,128.9161239,36.1059113
2015,2015-08-09 19:20,야,일,1,1,0,0,0,경기,동두천시,차대차,추돌,진행중 추돌,운전자법규위반,안전운전 의무 불이행,단일로,기타단일로,승용차,중형,자전거,자전거,961327,1993930,127.0598524,37.9444682
2015,2015-08-09 20:22,야,일,1,1,0,0,0,강원,원주시,차대사람,차도통행중,차도통행중,운전자법규위반,안전운전 의무 불이행,단일로,기타단일로,승용차,중형,보행자,보행자,1042196,1937477,127.9769725,37.43549707
2015,2015-08-09 21:50,야,일,1,1,0,0,0,경기,고양시,차대사람,횡단중,횡단중,운전자법규위반,안전운전 의무 불이행,단일로,기타단일로,승용차,중형,보행자,보행자,935934,1965152,126.7734116,37.68367175
2015,2015-08-09 21:15,야,일,1,1,0,0,0,경남,창원시(통합),차대차,측면충돌,측면충돌,운전자법규위반,안전운전 의무 불이행,교차로,교차로내,승합차,대형,원동기장치자전거,원동기장치자전거,1093055,1696609,128.5229982,35.26061059
2015,2015-08-09 21:54,야,일,1,1,0,0,0,인천,남구,차대차,측면충돌,측면충돌,운전자법규위반,안전운전 의무 불이행,단일로,기타단일로,승용차,중형,이륜차,중형,927973,1939399,126.6856627,37.45097821
2015,2015-08-09 22:30,야,일,1,1,0,0,0,대전,중구,차대차,기타,기타,운전자법규위반,안전운전 의무 불이행,단일로,기타단일로,승용차,중형,자전거,자전거,990153,1812574,127.3903123,36.31045584
2015,2015-08-10 4:55,야,월,1,1,0,0,0,경기,부천시,차대차,기타,기타,운전자법규위반,중앙선 침범,단일로,횡단보도부근,자전거,자전거,승용차,중형,933801,1943539,126.7511766,37.48872743
2015,2015-08-10 8:20,주,월,1,1,0,0,0,경남,함양군,차량단독,전도전복,전도전복,운전자법규위반,안전운전 의무 불이행,단일로,기타단일로,이륜차,사발이,없음,없음,1024627,1730343,127.7717738,35.5688023
2015,2015-08-10 8:40,주,월,1,1,0,0,0,인천,동구,차대차,측면충돌,측면충돌,운전자법규위반,안전운전 의무 불이행,단일로,기타단일로,자전거,자전거,화물차,대형,924036,1942921,126.6407922,37.48240588
2015,2015-08-10 9:15,주,월,1,1,0,0,0,부산,사하구,차대차,측면충돌,측면충돌,운전자법규위반,부당한 회전,교차로,교차로내,승용차,중형,원동기장치자전거,원동기장치자전거,1132975,1678863,128.9588884,35.09613851
2015,2015-08-10 10:50,주,월,1,1,0,0,0,서울,성동구,차량단독,공작물충돌,공작물충돌,운전자법규위반,안전운전 의무 불이행,단일로,기타단일로,이륜차,소형,없음,없음,960135,1952375,127.048568,37.56988183
2015,2015-08-10 14:00,주,월,1,1,0,0,0,경기,평택시,차대차,측면충돌,측면충돌,운전자법규위반,안전운전 의무 불이행,교차로,교차로내,화물차,중형,원동기장치자전거,원동기장치자전거,961861,1888599,127.0713853,36.99509441
2015,2015-08-10 14:00,주,월,1,1,0,0,0,제주,제주시,차대사람,횡단중,횡단중,운전자법규위반,안전운전 의무 불이행,단일로,기타단일로,화물차,소형,보행자,보행자,907307,1501852,126.502039,33.50452938
2015,2015-08-10 18:10,야,월,1,1,0,0,0,경기,수원시,차대차,측면충돌,측면충돌,운전자법규위반,신호위반,교차로,교차로내,승용차,중형,이륜차,대형,954953,1923624,126.991645,37.31049856
2015,2015-08-10 18:14,야,월,1,1,0,0,0,경기,의왕시,차량단독,공작물충돌,공작물충돌,운전자법규위반,안전운전 의무 불이행,단일로,기타단일로,화물차,중형,없음,없음,957377,1932904,127.0184649,37.39425886
2015,2015-08-10 19:17,야,월,1,1,0,0,0,경기,광명시,차대사람,횡단중,횡단중,운전자법규위반,신호위반,교차로,교차로부근,승합차,대형,보행자,보행자,944023,1941524,126.866951,37.47124222
2015,2015-08-10 20:15,야,월,1,1,0,0,0,전북,정읍시,차대사람,기타,기타,운전자법규위반,안전운전 의무 불이행,교차로,교차로부근,승용차,중형,보행자,보행자,945378,1743418,126.8963397,35.68548596
2015,2015-08-11 0:00,야,화,1,1,0,0,0,경기,안산시,차대차,기타,기타,운전자법규위반,안전운전 의무 불이행,단일로,기타단일로,승용차,중형,이륜차,소형,942751,1923371,126.8539722,37.30754657
2015,2015-08-11 5:00,야,화,1,1,0,0,0,경남,함안군,차대차,추돌,주정차중 추돌,운전자법규위반,안전운전 의무 불이행,단일로,기타단일로,화물차,대형,화물차,대형,1082263,1699432,128.4046536,35.28700734
2015,2015-08-11 13:50,주,화,1,1,0,0,0,경북,의성군,차대차,측면충돌,측면충돌,운전자법규위반,안전운전 의무 불이행,단일로,기타단일로,이륜차,소형,승용차,소형,1082626,1835410,128.4227661,36.51281082
2015,2015-08-11 15:50,주,화,1,1,0,0,0,강원,삼척시,차대사람,횡단중,횡단중,운전자법규위반,안전운전 의무 불이행,교차로,교차로내,건설기계,건설기계,보행자,보행자,1148601,1938149,129.1795784,37.43058209
2015,2015-08-11 16:40,주,화,1,1,0,0,0,경기,파주시,차대사람,횡단중,횡단중,운전자법규위반,보행자 보호의무 위반,교차로,교차로내,건설기계,건설기계,보행자,보행자,938126,1971155,126.7977595,37.73792531
2015,2015-08-11 18:35,야,화,1,1,0,0,0,경북,성주군,차대사람,기타,기타,운전자법규위반,안전운전 의무 불이행,교차로,교차로내,승용차,소형,보행자,보행자,1071276,1769477,128.2900227,35.91935437
2015,2015-08-11 19:30,야,화,1,1,0,0,0,경남,창원시(통합),차대사람,횡단중,횡단중,운전자법규위반,안전운전 의무 불이행,단일로,기타단일로,승합차,대형,보행자,보행자,1110133,1704408,128.711758,35.32918568
2015,2015-08-12 0:16,야,수,1,1,0,0,0,경남,창원시(통합),차대사람,길가장자리구역통행중,길가장자리구역통행중,운전자법규위반,보행자 보호의무 위반,교차로,교차로내,화물차,소형,보행자,보행자,1091402,1693706,128.5045056,35.23459033
2015,2015-08-12 3:10,야,수,1,1,0,0,0,전북,김제시,차량단독,도로이탈,도로이탈 추락,운전자법규위반,안전운전 의무 불이행,단일로,기타단일로,원동기장치자전거,원동기장치자전거,없음,없음,939806,1764449,126.8331823,35.87476989
2015,2015-08-12 7:01,주,수,1,1,0,0,0,전남,광양시,차량단독,전도전복,전도전복,운전자법규위반,안전운전 의무 불이행,단일로,기타단일로,승용차,중형,없음,없음,1019009,1660794,127.7081666,34.94180275
2015,2015-08-12 11:40,주,수,1,1,0,0,0,경기,군포시,차대사람,횡단중,횡단중,운전자법규위반,안전운전 의무 불이행,교차로,교차로내,화물차,소형,보행자,보행자,950815,1928106,126.9446524,37.35068727
2015,2015-08-12 15:13,주,수,1,1,0,0,0,경남,고성군,차대사람,길가장자리구역통행중,길가장자리구역통행중,운전자법규위반,안전운전 의무 불이행,단일로,기타단일로,승용차,소형,보행자,보행자,1087541,1672583,128.4598404,35.04449086
2015,2015-08-12 22:25,야,수,1,1,0,0,0,전북,김제시,차대차,추돌,진행중 추돌,운전자법규위반,안전운전 의무 불이행,단일로,기타단일로,승용차,소형,화물차,중형,940245.5,1759244.7,126.8384405,35.82787711
2015,2015-08-12 22:05,야,수,1,1,0,0,0,울산,남구,차대차,정면충돌,정면충돌,운전자법규위반,신호위반,교차로,교차로내,이륜차,소형,승용차,중형,1166969,1726116,129.3413159,35.51693883
2015,2015-08-13 2:40,야,목,1,1,0,0,0,전북,임실군,차량단독,도로이탈,도로이탈 기타,운전자법규위반,안전운전 의무 불이행,단일로,기타단일로,승용차,중형,없음,없음,982825,1730236,127.3104653,35.56799487
2015,2015-08-13 11:25,주,목,1,1,0,0,0,부산,강서구,차량단독,도로이탈,도로이탈 추락,운전자법규위반,안전운전 의무 불이행,단일로,기타단일로,승용차,중형,없음,없음,1126039,1680410,128.8830484,35.11097584
2015,2015-08-13 12:40,주,목,1,1,0,0,0,경기,양평군,차대차,기타,기타,운전자법규위반,중앙선 침범,단일로,기타단일로,자전거,자전거,승용차,중형,993928,1960031,127.4311761,37.63973227
2015,2015-08-13 12:45,주,목,1,1,0,0,0,전남,장흥군,차량단독,전도전복,전도전복,운전자법규위반,안전운전 의무 불이행,단일로,기타단일로,이륜차,사발이,없음,없음,945936,1620030,126.9105781,34.57295636
2015,2015-08-13 16:25,주,목,1,1,0,0,0,대전,유성구,차대차,측면충돌,측면충돌,운전자법규위반,신호위반,교차로,교차로부근,승용차,소형,자전거,자전거,983676,1811838,127.3181794,36.30373252
2015,2015-08-13 19:30,야,목,1,1,0,0,0,경남,김해시,차대사람,기타,기타,운전자법규위반,안전운전 의무 불이행,단일로,기타단일로,승용차,중형,보행자,보행자,1111886,1701780,128.7306827,35.30529973
2015,2015-08-14 1:50,야,금,1,1,0,0,0,경기,군포시,차대사람,횡단중,횡단중,운전자법규위반,안전운전 의무 불이행,단일로,기타단일로,승용차,중형,보행자,보행자,949148,1928031,126.9258363,37.3499214
2015,2015-08-14 9:30,주,금,1,1,0,0,0,경기,여주시,차대차,측면충돌,측면충돌,운전자법규위반,교차로 통행방법 위반,교차로,교차로내,승용차,중형,원동기장치자전거,원동기장치자전거,1004008,1919699,127.5452099,37.27620192
2015,2015-08-14 9:32,주,금,1,1,0,0,0,경기,하남시,차대사람,횡단중,횡단중,운전자법규위반,안전운전 의무 불이행,단일로,횡단보도상,승용차,중형,보행자,보행자,973014,1949783,127.1945031,37.54698657
2015,2015-08-14 15:35,주,금,1,1,0,0,0,전남,장성군,차대차,기타,기타,운전자법규위반,안전운전 의무 불이행,단일로,기타단일로,화물차,소형,농기계,농기계,938596,1693119,126.8251901,35.23158467
2015,2015-08-14 16:20,주,금,1,1,0,0,0,부산,연제구,차대사람,길가장자리구역통행중,길가장자리구역통행중,운전자법규위반,안전운전 의무 불이행,단일로,기타단일로,승용차,중형,보행자,보행자,1144390,1688769,129.0858143,35.18385762
2015,2015-08-14 20:00,야,금,1,1,0,0,0,부산,북구,차대사람,기타,기타,운전자법규위반,안전운전 의무 불이행,단일로,기타단일로,승용차,중형,보행자,보행자,1137737,1694137,129.0136666,35.23317924
2015,2015-08-14 20:30,야,금,1,1,0,0,0,충남,청양군,차량단독,도로이탈,도로이탈 추락,운전자법규위반,안전운전 의무 불이행,단일로,기타단일로,화물차,소형,없음,없음,949837,1822693,126.9405835,36.40042291
2015,2015-08-15 3:05,야,토,1,1,0,0,0,경남,김해시,차대차,추돌,진행중 추돌,운전자법규위반,안전운전 의무 불이행,교차로,교차로부근,이륜차,소형,승합차,소형,1125974,1694033,128.8844158,35.23378918
2015,2015-08-15 8:15,주,토,1,1,0,0,0,경기,동두천시,차대사람,횡단중,횡단중,운전자법규위반,보행자 보호의무 위반,교차로,교차로내,승용차,중형,보행자,보행자,961354,1989655,127.0603891,37.90593984
2015,2015-08-15 10:05,주,토,1,1,0,0,0,전북,남원시,차대차,기타,기타,운전자법규위반,안전운전 의무 불이행,교차로,교차로내,승용차,소형,자전거,자전거,984814,1709049,127.3328108,35.37699061
2015,2015-08-15 23:20,야,토,1,1,0,0,0,경기,용인시,차량단독,공작물충돌,공작물충돌,운전자법규위반,안전운전 의무 불이행,단일로,터널안,원동기장치자전거,원동기장치자전거,없음,없음,963790,1925775,127.0912629,37.33027341
2015,2015-08-16 5:30,야,일,1,1,0,0,0,충북,청주시,차대차,추돌,진행중 추돌,운전자법규위반,안전운전 의무 불이행,단일로,기타단일로,승용차,중형,자전거,자전거,999114,1858911,127.4900775,36.7282412
2015,2015-08-16 17:23,주,일,1,1,0,0,0,전북,완주군,차량단독,전도전복,전도전복,운전자법규위반,안전운전 의무 불이행,단일로,교량위,자전거,자전거,없음,없음,974601,1777963,127.2181955,35.99813238
2015,2015-08-16 17:55,주,일,1,1,0,0,0,전남,강진군,차량단독,기타,기타,운전자법규위반,안전운전 의무 불이행,단일로,기타단일로,승용차,소형,없음,없음,926339,1614518,126.6974192,34.52203483
2015,2015-08-16 18:50,야,일,1,1,0,0,0,경북,상주시,차대사람,보도통행중,보도통행중,운전자법규위반,중앙선 침범,단일로,기타단일로,화물차,중형,보행자,보행자,1061289,1841664,128.18499,36.57079266
2015,2015-08-16 20:50,야,일,1,1,0,0,0,경기,부천시,차대사람,횡단중,횡단중,운전자법규위반,안전운전 의무 불이행,교차로,교차로내,승용차,경형,보행자,보행자,939272,1946922,126.8127792,37.51959447
2015,2015-08-16 20:10,야,일,1,1,0,0,0,전북,군산시,차대사람,기타,기타,운전자법규위반,안전운전 의무 불이행,기타/불명,기타/불명,화물차,소형,보행자,보행자,928582,1777303,126.7076993,35.98989656
2015,2015-08-16 23:35,야,일,1,1,0,0,0,서울,강동구,차대사람,횡단중,횡단중,운전자법규위반,안전운전 의무 불이행,단일로,기타단일로,승용차,경형,보행자,보행자,967189,1950468,127.1285313,37.55297173
2015,2015-08-16 23:25,야,일,1,1,0,0,0,세종,세종,차대차,정면충돌,정면충돌,운전자법규위반,기타(운전자법규위반),단일로,기타단일로,원동기장치자전거,원동기장치자전거,승용차,소형,976043,1833596,127.2324904,36.49972658
2015,2015-08-17 2:25,야,월,1,1,0,0,0,충남,태안군,차대차,추돌,진행중 추돌,운전자법규위반,안전운전 의무 불이행,교차로,교차로부근,이륜차,중형,승용차,대형,878944,1866004,126.1433107,36.78444604
2015,2015-08-17 4:43,야,월,1,1,0,0,0,서울,관악구,차대사람,횡단중,횡단중,운전자법규위반,과속,단일로,기타단일로,승용차,중형,보행자,보행자,951093,1942654,126.9468275,37.48182853
2015,2015-08-17 5:23,야,월,1,1,0,0,0,부산,사상구,차대차,기타,기타,운전자법규위반,신호위반,단일로,기타단일로,승용차,중형,이륜차,소형,1135901,1689617,128.9927497,35.19268633
2015,2015-08-17 16:25,주,월,1,1,0,0,0,경기,파주시,차대차,측면충돌,측면충돌,운전자법규위반,안전운전 의무 불이행,단일로,기타단일로,원동기장치자전거,원동기장치자전거,화물차,중형,938639,1977138,126.8030756,37.7918822
2015,2015-08-17 16:50,주,월,1,1,0,0,0,제주,서귀포시,차대사람,횡단중,횡단중,운전자법규위반,안전운전 의무 불이행,단일로,기타단일로,승용차,중형,보행자,보행자,921118,1476408,126.6529458,33.27616299
2015,2015-08-17 17:08,주,월,1,1,0,0,0,경북,영천시,차대사람,보도통행중,보도통행중,운전자법규위반,기타(운전자법규위반),단일로,기타단일로,화물차,소형,보행자,보행자,1129284,1774893,128.9337244,35.96221894
2015,2015-08-17 18:15,야,월,1,1,0,0,0,경기,양주시,차대차,기타,기타,운전자법규위반,과속,단일로,기타단일로,화물차,소형,자전거,자전거,964952,1981041,127.1017347,37.8284486
2015,2015-08-17 23:58,야,월,1,1,0,0,0,충남,서산시,차대사람,횡단중,횡단중,운전자법규위반,안전운전 의무 불이행,교차로,교차로내,승용차,대형,보행자,보행자,908077,1864205,126.4699693,36.77150678
2015,2015-08-18 4:40,야,화,1,1,0,0,0,전북,전주시,차대사람,차도통행중,차도통행중,운전자법규위반,안전운전 의무 불이행,교차로,교차로내,승용차,중형,보행자,보행자,965299,1759792,127.1157837,35.83401823
2015,2015-08-18 5:20,야,화,1,1,0,0,0,세종,세종,차대차,추돌,진행중 추돌,운전자법규위반,안전운전 의무 불이행,단일로,교량위,승합차,소형,이륜차,소형,976563,1851728,127.2377445,36.66319891
2015,2015-08-18 7:20,주,화,1,1,0,0,0,충북,충주시,차량단독,공작물충돌,공작물충돌,운전자법규위반,안전운전 의무 불이행,단일로,기타단일로,이륜차,중형,없음,없음,1042597,1873472,127.9778614,36.85854474
2015,2015-08-18 7:10,주,화,1,1,0,0,0,충남,천안시,차량단독,공작물충돌,공작물충돌,운전자법규위반,안전운전 의무 불이행,단일로,기타단일로,승용차,중형,없음,없음,972752,1864995,127.1946276,36.78269571
2015,2015-08-18 9:00,주,화,1,1,0,0,0,울산,남구,차대차,측면충돌,측면충돌,운전자법규위반,안전운전 의무 불이행,교차로,교차로내,승용차,경형,이륜차,소형,1163865,1729544,129.3077938,35.54835005
2015,2015-08-18 13:50,주,화,1,1,0,0,0,충남,예산군,차대차,정면충돌,정면충돌,운전자법규위반,중앙선 침범,단일로,기타단일로,승용차,소형,이륜차,소형,939043,1845016,126.8184547,36.60103026
2015,2015-08-18 17:50,주,화,1,1,0,0,0,충남,태안군,차대차,측면충돌,측면충돌,운전자법규위반,서행 및 일시정지위반,교차로,교차로내,화물차,소형,원동기장치자전거,원동기장치자전거,900702,1825786,126.3923051,36.42447899
2015,2015-08-19 2:20,야,수,1,1,0,0,0,전북,군산시,차대차,추돌,주정차중 추돌,운전자법규위반,안전운전 의무 불이행,단일로,기타단일로,승용차,중형,화물차,대형,930827,1776347,126.7326864,35.98143996
2015,2015-08-19 6:00,주,수,1,1,0,0,0,서울,성동구,차대사람,횡단중,횡단중,운전자법규위반,안전운전 의무 불이행,교차로,교차로부근,화물차,소형,보행자,보행자,958014,1951017,127.0246283,37.55754754
2015,2015-08-19 6:46,주,수,1,1,0,0,0,인천,연수구,차대차,측면충돌,측면충돌,운전자법규위반,신호위반,교차로,교차로내,화물차,소형,원동기장치자전거,원동기장치자전거,924077,1936314,126.6419365,37.42286218
2015,2015-08-19 8:30,주,수,1,1,0,0,0,세종,세종,차대차,기타,기타,운전자법규위반,앞지르기 금지위반,교차로,교차로내,승용차,중형,자전거,자전거,978813,1843372,127.263152,36.587923
2015,2015-08-19 11:57,주,수,1,1,0,0,0,경기,고양시,차대사람,횡단중,횡단중,운전자법규위반,신호위반,단일로,횡단보도상,화물차,소형,보행자,보행자,938446,1963288,126.8020562,37.6670441
2015,2015-08-19 18:45,야,수,1,1,0,0,0,전북,익산시,차대사람,횡단중,횡단중,운전자법규위반,안전운전 의무 불이행,기타/불명,기타/불명,승용차,중형,보행자,보행자,949811.5,1771706.6,126.9435582,35.94076603
2015,2015-08-19 23:40,야,수,1,1,0,0,0,경기,시흥시,차대사람,횡단중,횡단중,운전자법규위반,안전운전 의무 불이행,단일로,기타단일로,승용차,대형,보행자,보행자,935861,1938173,126.7749442,37.44050908
2015,2015-08-20 2:40,야,목,1,1,0,0,0,경남,창원시(통합),차량단독,공작물충돌,공작물충돌,운전자법규위반,안전운전 의무 불이행,교차로,교차로부근,승용차,대형,없음,없음,1108233,1693523,128.689421,35.23126432
2015,2015-08-20 8:30,주,목,1,1,0,0,0,경남,합천군,차량단독,전도전복,전도전복,운전자법규위반,안전운전 의무 불이행,단일로,기타단일로,농기계,농기계,없음,없음,1056438,1729763,128.1227735,35.56227052
2015,2015-08-20 10:00,주,목,1,1,0,0,0,경북,영천시,차량단독,공작물충돌,공작물충돌,운전자법규위반,안전운전 의무 불이행,단일로,기타단일로,화물차,소형,없음,없음,1128268,1777206,128.9228345,35.98320054
2015,2015-08-20 18:10,야,목,1,1,0,0,0,충남,금산군,차대차,측면충돌,측면충돌,운전자법규위반,직진 및 우회전차의 통행방해,교차로,교차로내,이륜차,소형,승용차,대형,1005922,1790393,127.5657987,36.11051248
2015,2015-08-20 19:30,야,목,1,1,0,0,0,충북,영동군,차대사람,횡단중,횡단중,운전자법규위반,안전운전 의무 불이행,교차로,교차로내,승용차,중형,보행자,보행자,1025253,1798867.7,127.7808544,36.18660661
2015,2015-08-20 20:28,야,목,1,1,0,0,0,대구,달성군,차대차,추돌,진행중 추돌,운전자법규위반,안전운전 의무 불이행,단일로,기타단일로,승용차,중형,이륜차,소형,1086485.5,1749339.9,128.4564046,35.73659209
2015,2015-08-21 5:55,야,금,1,1,0,0,0,경기,안성시,차대차,측면충돌,측면충돌,운전자법규위반,교차로 통행방법 위반,교차로,교차로내,승용차,중형,화물차,중형,993711,1901544,127.4292136,37.11253782
2015,2015-08-21 8:00,주,금,1,1,0,0,0,전북,남원시,차량단독,도로이탈,도로이탈 기타,운전자법규위반,안전운전 의무 불이행,교차로,교차로부근,승용차,중형,없음,없음,977763,1713196,127.2550707,35.41425081
2015,2015-08-21 9:00,주,금,1,1,0,0,0,전북,고창군,차대사람,횡단중,횡단중,운전자법규위반,보행자 보호의무 위반,교차로,교차로부근,화물차,대형,보행자,보행자,924951,1711818,126.6735352,35.39924667
2015,2015-08-21 11:09,주,금,1,1,0,0,0,충남,홍성군,차대사람,기타,기타,운전자법규위반,안전운전 의무 불이행,단일로,기타단일로,승합차,대형,보행자,보행자,923625,1840172,126.6465661,36.5562557
2015,2015-08-21 16:44,주,금,1,1,0,0,0,서울,강남구,차량단독,공작물충돌,공작물충돌,운전자법규위반,안전운전 의무 불이행,단일로,기타단일로,이륜차,중형,없음,없음,965179,1941957,127.1061789,37.47618464
2015,2015-08-21 17:05,주,금,1,1,0,0,0,경북,의성군,차대차,측면충돌,측면충돌,운전자법규위반,안전운전 의무 불이행,교차로,교차로내,이륜차,소형,승용차,중형,1093617,1817667,128.5433533,36.35186655
2015,2015-08-21 18:00,야,금,1,1,0,0,0,충남,당진시,차대차,정면충돌,정면충돌,운전자법규위반,안전운전 의무 불이행,단일로,기타단일로,이륜차,소형,승용차,대형,916286,1889872,126.5591075,37.00361414
2015,2015-08-21 22:27,야,금,1,1,0,0,0,부산,강서구,차대사람,기타,기타,운전자법규위반,안전운전 의무 불이행,단일로,기타단일로,승용차,소형,보행자,보행자,1127240,1683059,128.8966313,35.13470439
2015,2015-08-21 22:50,야,금,1,1,0,0,0,경기,평택시,차대사람,기타,기타,운전자법규위반,안전운전 의무 불이행,단일로,기타단일로,화물차,대형,보행자,보행자,942442,1886719,126.8533042,36.97715975
2015,2015-08-21 22:51,야,금,1,1,0,0,0,강원,원주시,차대차,추돌,진행중 추돌,운전자법규위반,신호위반,교차로,교차로내,이륜차,소형,승용차,소형,1038663,1925313,127.9364017,37.32601021
2015,2015-08-21 23:15,야,금,1,1,0,0,0,부산,사하구,차대사람,횡단중,횡단중,운전자법규위반,안전운전 의무 불이행,단일로,기타단일로,승용차,중형,보행자,보행자,1134144,1673940,128.9709132,35.05160589
2015,2015-08-22 2:10,야,토,1,1,0,0,0,경기,화성시,차량단독,공작물충돌,공작물충돌,운전자법규위반,안전운전 의무 불이행,단일로,기타단일로,승용차,중형,없음,없음,960440,1913667,127.0540934,37.22099843
2015,2015-08-22 3:00,야,토,1,1,0,0,0,경남,함안군,차대사람,기타,기타,운전자법규위반,안전운전 의무 불이행,교차로,교차로내,승용차,소형,보행자,보행자,1082270,1698358,128.4046228,35.27732369
2015,2015-08-22 4:25,야,토,1,1,0,0,0,경기,고양시,차대사람,기타,기타,운전자법규위반,안전운전 의무 불이행,단일로,교량위,승용차,중형,보행자,보행자,939160,1955734,126.8107807,37.59900897