발생년,발생년월일시분,주야,요일,사망자수,사상자수,중상자수,경상자수,부상신고자수,발생지시도,발생지시군구,사고유형_대분류,사고유형_중분류,사고유형,법규위반_대분류,법규위반,도로형태_대분류,도로형태,가해자_당사자종별_대분류,가해자_당사자종별,피해자_당사자종별_대분류,피해자_당사자종별,발생위치X_UTMK,발생위치Y_UTMK,경도,위도
2015,2015-08-22 5:25,야,토,1,1,0,0,0,서울,강서구,차대사람,기타,기타,운전자법규위반,신호위반,단일로,기타단일로,승용차,대형,보행자,보행자,940556,1950700,126.8270025,37.55372919
2015,2015-08-22 7:20,주,토,1,1,0,0,0,서울,은평구,차대사람,횡단중,횡단중,운전자법규위반,안전운전 의무 불이행,단일로,기타단일로,승용차,중형,보행자,보행자,948438,1954280,126.9159824,37.58647095
2015,2015-08-22 9:30,주,토,1,1,0,0,0,강원,영월군,차량단독,도로이탈,도로이탈 추락,운전자법규위반,안전운전 의무 불이행,단일로,기타단일로,화물차,중형,없음,없음,1116189,1904731,128.8081148,37.13406898
2015,2015-08-22 10:00,주,토,1,1,0,0,0,강원,춘천시,차대차,측면충돌,측면충돌,운전자법규위반,안전운전 의무 불이행,교차로,교차로부근,자전거,자전거,승용차,중형,1021884,1987114,127.7488628,37.88359558
2015,2015-08-22 11:38,주,토,1,1,0,0,0,충남,부여군,차대차,기타,기타,운전자법규위반,안전운전 의무 불이행,단일로,기타단일로,승용차,중형,이륜차,소형,937133,1804339,126.8003976,36.23421785
2015,2015-08-22 12:05,주,토,1,1,0,0,0,경기,김포시,차대사람,횡단중,횡단중,운전자법규위반,안전운전 의무 불이행,교차로,교차로내,화물차,소형,보행자,보행자,920895,1965697,126.6028088,37.68740935
2015,2015-08-22 14:45,주,토,1,1,0,0,0,경남,함안군,차대사람,횡단중,횡단중,운전자법규위반,보행자 보호의무 위반,교차로,교차로내,건설기계,건설기계,보행자,보행자,1082597,1698421,128.4082244,35.27786476
2015,2015-08-22 15:05,주,토,1,1,0,0,0,전북,순창군,차대차,측면충돌,측면충돌,운전자법규위반,차로위반(진로변경 위반),단일로,기타단일로,이륜차,중형,승용차,소형,963623,1707888,127.0995652,35.36597424
2015,2015-08-22 18:10,야,토,1,1,0,0,0,경기,평택시,차량단독,공작물충돌,공작물충돌,운전자법규위반,안전운전 의무 불이행,단일로,기타단일로,화물차,경형,없음,없음,963639.2,1896992.7,127.090963,37.07082695
2015,2015-08-22 19:10,야,토,1,1,0,0,0,경남,함안군,차량단독,도로이탈,도로이탈 기타,운전자법규위반,안전운전 의무 불이행,단일로,기타단일로,승용차,중형,없음,없음,1078036,1700086,128.3582359,35.2932425
2015,2015-08-22 21:28,야,토,1,1,0,0,0,서울,영등포구,차대사람,횡단중,횡단중,운전자법규위반,안전운전 의무 불이행,단일로,기타단일로,승용차,중형,보행자,보행자,948422,1946679,126.9163357,37.51796135
2015,2015-08-22 22:05,야,토,1,1,0,0,0,전북,익산시,차대사람,횡단중,횡단중,운전자법규위반,보행자 보호의무 위반,단일로,횡단보도상,승용차,대형,보행자,보행자,949925,1771389,126.9448366,35.9379085
2015,2015-08-22 23:05,야,토,1,1,0,0,0,전남,순천시,차대사람,차도통행중,차도통행중,운전자법규위반,안전운전 의무 불이행,단일로,기타단일로,승용차,중형,보행자,보행자,1000530,1667191,127.5058081,34.99966581
2015,2015-08-23 0:50,야,일,1,1,0,0,0,경기,안산시,차대사람,횡단중,횡단중,운전자법규위반,과속,교차로,교차로부근,승용차,중형,보행자,보행자,940578,1923626,126.829432,37.30970858
2015,2015-08-23 2:20,야,일,1,1,0,0,0,서울,송파구,차대사람,횡단중,횡단중,운전자법규위반,안전운전 의무 불이행,단일로,기타단일로,승용차,중형,보행자,보행자,964919,1944574,127.1031136,37.49976305
2015,2015-08-23 2:25,야,일,1,1,0,0,0,경남,거제시,차량단독,공작물충돌,공작물충돌,운전자법규위반,안전운전 의무 불이행,교차로,교차로부근,승용차,중형,없음,없음,1106484,1658050,128.6656472,34.91164637
2015,2015-08-23 4:15,야,일,1,1,0,0,0,경기,평택시,차량단독,공작물충돌,공작물충돌,운전자법규위반,안전운전 의무 불이행,단일로,기타단일로,승용차,소형,없음,없음,943285,1886547,126.8627881,36.97566057
2015,2015-08-23 5:28,야,일,1,1,0,0,0,경남,사천시,차대차,추돌,진행중 추돌,운전자법규위반,안전운전 의무 불이행,단일로,기타단일로,승용차,소형,자전거,자전거,1051654,1671874,128.0663375,35.04057275
2015,2015-08-23 6:23,주,일,1,1,0,0,0,인천,서구,차대차,기타,기타,운전자법규위반,과속,교차로,교차로내,승용차,중형,자전거,자전거,926463,1955313,126.6669991,37.59428712
2015,2015-08-23 7:35,주,일,1,1,0,0,0,경기,남양주시,차대차,정면충돌,정면충돌,운전자법규위반,신호위반,교차로,교차로내,승용차,중형,이륜차,소형,973126,1969109,127.19506,37.72118153
2015,2015-08-23 7:05,주,일,1,1,0,0,0,충남,논산시,차대사람,기타,기타,운전자법규위반,안전운전 의무 불이행,단일로,기타단일로,화물차,소형,보행자,보행자,975540,1799548,127.2279438,36.19276026
2015,2015-08-23 10:35,주,일,1,1,0,0,0,전북,부안군,차량단독,전도전복,전도전복,운전자법규위반,과속,단일로,기타단일로,이륜차,중형,없음,없음,929521,1748291,126.7206799,35.72841253
2015,2015-08-23 11:15,주,일,1,1,0,0,0,충북,괴산군,차량단독,기타,기타,운전자법규위반,안전운전 의무 불이행,단일로,기타단일로,농기계,농기계,없음,없음,1020979,1858636,127.7349406,36.72553066
2015,2015-08-23 11:21,주,일,1,1,0,0,0,충북,청주시,차대차,측면충돌,측면충돌,운전자법규위반,직진 및 우회전차의 통행방해,교차로,교차로부근,이륜차,소형,승용차,중형,996766,1849674,127.4638207,36.64496543
2015,2015-08-23 14:43,주,일,1,1,0,0,0,대구,달성군,차대차,추돌,진행중 추돌,운전자법규위반,안전운전 의무 불이행,단일로,기타단일로,이륜차,소형,승용차,소형,1085657.6,1743309,128.4466073,35.68229507
2015,2015-08-23 16:00,주,일,1,1,0,0,0,전남,보성군,차량단독,기타,기타,운전자법규위반,안전운전 의무 불이행,기타/불명,기타/불명,농기계,농기계,없음,없음,967080,1658284,127.1395959,34.91881262
2015,2015-08-23 20:30,야,일,1,1,0,0,0,충남,천안시,차대차,추돌,진행중 추돌,운전자법규위반,안전운전 의무 불이행,단일로,기타단일로,승용차,소형,자전거,자전거,967424,1881024.8,127.134229,36.92702754
2015,2015-08-23 21:10,야,일,1,1,0,0,0,강원,양양군,차대사람,차도통행중,차도통행중,운전자법규위반,안전운전 의무 불이행,교차로,교차로내,승용차,소형,보행자,보행자,1105843,2004170,128.7060305,38.03139764
2015,2015-08-23 21:20,야,일,1,1,0,0,0,대구,북구,차대사람,횡단중,횡단중,운전자법규위반,과속,교차로,교차로내,승용차,중형,보행자,보행자,1095658,1766442,128.5598714,35.88991308
2015,2015-08-24 9:40,주,월,1,1,0,0,0,경북,경주시,차대사람,기타,기타,운전자법규위반,안전운전 의무 불이행,교차로,교차로내,화물차,소형,보행자,보행자,1154580,1762362,129.2117125,35.84561034
2015,2015-08-24 10:52,주,월,1,1,0,0,0,부산,기장군,차량단독,공작물충돌,공작물충돌,운전자법규위반,안전운전 의무 불이행,단일로,기타단일로,화물차,경형,없음,없음,1158752,1710638,129.247719,35.37879148
2015,2015-08-24 16:10,주,월,1,1,0,0,0,서울,중구,차대사람,기타,기타,운전자법규위반,안전운전 의무 불이행,교차로,교차로부근,승합차,중형,보행자,보행자,955660,1952258,126.9979018,37.56862263
2015,2015-08-24 17:15,주,월,1,1,0,0,0,경남,진주시,차대사람,길가장자리구역통행중,길가장자리구역통행중,운전자법규위반,안전운전 의무 불이행,단일로,기타단일로,화물차,중형,보행자,보행자,1075475,1686971,128.328869,35.17519233
2015,2015-08-24 19:00,야,월,1,1,0,0,0,경기,의정부시,차대사람,횡단중,횡단중,운전자법규위반,신호위반,교차로,교차로부근,이륜차,소형,보행자,보행자,959712.1,1971070.9,127.0427471,37.73837225
2015,2015-08-24 19:35,야,월,1,1,0,0,0,경남,창녕군,차량단독,공작물충돌,공작물충돌,운전자법규위반,안전운전 의무 불이행,단일로,기타단일로,원동기장치자전거,원동기장치자전거,없음,없음,1091464,1721367,128.5082826,35.48396268
2015,2015-08-25 0:45,야,화,1,1,0,0,0,충남,당진시,차대사람,횡단중,횡단중,운전자법규위반,안전운전 의무 불이행,단일로,기타단일로,승용차,중형,보행자,보행자,927077,1878603,126.6814671,36.90293959
2015,2015-08-25 1:55,야,화,1,1,0,0,0,부산,수영구,차대사람,기타,기타,운전자법규위반,안전운전 의무 불이행,단일로,기타단일로,화물차,소형,보행자,보행자,1146514,1684221,129.1083264,35.14255597
2015,2015-08-25 5:59,야,화,1,1,0,0,0,인천,연수구,차량단독,공작물충돌,공작물충돌,운전자법규위반,안전운전 의무 불이행,단일로,기타단일로,이륜차,소형,없음,없음,925003,1932663,126.6527715,37.39003187
2015,2015-08-25 16:49,주,화,1,1,0,0,0,인천,동구,차대차,기타,기타,운전자법규위반,안전운전 의무 불이행,교차로,교차로내,화물차,중형,자전거,자전거,924513,1943504,126.6461271,37.48769939
2015,2015-08-25 19:15,야,화,1,1,0,0,0,경남,진주시,차대사람,기타,기타,운전자법규위반,안전운전 의무 불이행,교차로,교차로부근,승합차,소형,보행자,보행자,1058956,1691125,128.1477658,35.21375269
2015,2015-08-25 22:20,야,화,1,1,0,0,0,대구,달서구,차대사람,기타,기타,운전자법규위반,안전운전 의무 불이행,교차로,교차로부근,승용차,대형,보행자,보행자,1093574,1757240,128.5357053,35.8071614
2015,2015-08-25 23:40,야,화,1,1,0,0,0,대전,중구,차대사람,횡단중,횡단중,운전자법규위반,신호위반,교차로,교차로내,승용차,중형,보행자,보행자,990354,1812640,127.3925505,36.3110529
2015,2015-08-26 0:02,야,수,1,1,0,0,0,강원,속초시,차대사람,횡단중,횡단중,운전자법규위반,신호위반,교차로,교차로내,승용차,대형,보행자,보행자,1094003,2021602,128.5734392,38.18978636
2015,2015-08-26 0:09,야,수,1,1,0,0,0,울산,중구,차대사람,기타,기타,운전자법규위반,안전운전 의무 불이행,교차로,교차로부근,승용차,소형,보행자,보행자,1160994,1730324,129.2762891,35.55585026
2015,2015-08-26 2:30,야,수,1,1,0,0,0,경북,영천시,차량단독,공작물충돌,공작물충돌,운전자법규위반,안전운전 의무 불이행,단일로,기타단일로,승용차,중형,없음,없음,1126934,1788434,128.9098436,36.08457485
2015,2015-08-26 3:50,야,수,1,1,0,0,0,서울,강서구,차대차,기타,기타,운전자법규위반,신호위반,교차로,교차로내,자전거,자전거,승용차,중형,940479,1950704,126.8261305,37.55376027
2015,2015-08-26 3:10,야,수,1,1,0,0,0,인천,남구,차대차,추돌,주정차중 추돌,운전자법규위반,안전운전 의무 불이행,교차로,교차로부근,승용차,중형,특수차,중형,925882,1941763,126.6617863,37.47211912
2015,2015-08-26 5:00,야,수,1,1,0,0,0,세종,세종,차대차,기타,기타,운전자법규위반,부당한 회전,교차로,교차로내,자전거,자전거,화물차,소형,981516,1845746,127.2933114,36.60938078
2015,2015-08-26 10:56,주,수,1,1,0,0,0,경기,파주시,차량단독,공작물충돌,공작물충돌,운전자법규위반,안전운전 의무 불이행,단일로,기타단일로,건설기계,건설기계,없음,없음,947615,1983576,126.9045515,37.8504648
2015,2015-08-26 14:00,주,수,1,1,0,0,0,경북,구미시,차대사람,기타,기타,운전자법규위반,안전운전 의무 불이행,기타/불명,기타/불명,화물차,중형,보행자,보행자,1075748,1802919,128.3427958,36.22049311
2015,2015-08-26 16:53,주,수,1,1,0,0,0,전남,영암군,차량단독,도로이탈,도로이탈 추락,운전자법규위반,안전운전 의무 불이행,교차로,교차로부근,화물차,소형,없음,없음,926703.6,1647076.4,126.6985689,34.81564164
2015,2015-08-26 16:40,주,수,1,1,0,0,0,전남,진도군,차량단독,전도전복,전도전복,운전자법규위반,안전운전 의무 불이행,단일로,기타단일로,이륜차,사발이,없음,없음,877029,1609056,126.1610483,34.46808002
2015,2015-08-26 16:08,주,수,1,1,0,0,0,경북,경산시,차대차,기타,기타,운전자법규위반,중앙선 침범,단일로,기타단일로,이륜차,소형,승용차,중형,1120347,1757286,128.83198,35.8046583
2015,2015-08-26 17:45,주,수,1,1,0,0,0,전남,담양군,차량단독,전도전복,전도전복,운전자법규위반,안전운전 의무 불이행,단일로,기타단일로,농기계,농기계,없음,없음,956245,1708535,127.0183165,35.37151156
2015,2015-08-26 18:20,야,수,1,1,0,0,0,경북,예천군,차량단독,도로이탈,도로이탈 기타,운전자법규위반,기타(운전자법규위반),단일로,기타단일로,화물차,소형,없음,없음,1069145,1838449,128.2724964,36.54127495
2015,2015-08-26 19:20,야,수,1,1,0,0,0,충남,청양군,차대사람,횡단중,횡단중,운전자법규위반,안전운전 의무 불이행,단일로,기타단일로,승용차,중형,보행자,보행자,952609,1822951,126.9714798,36.40288956
2015,2015-08-26 19:36,야,수,1,1,0,0,0,전북,진안군,차대사람,길가장자리구역통행중,길가장자리구역통행중,운전자법규위반,안전운전 의무 불이행,단일로,기타단일로,승합차,소형,보행자,보행자,1004374,1763416,127.5484501,35.8672972
2015,2015-08-26 22:00,야,수,1,1,0,0,0,경기,가평군,차대사람,횡단중,횡단중,운전자법규위반,보행자 보호의무 위반,단일로,기타단일로,승용차,중형,보행자,보행자,1000732,1981935,127.508319,37.83717941
2015,2015-08-26 22:00,야,수,1,1,0,0,0,충북,충주시,차대사람,횡단중,횡단중,운전자법규위반,안전운전 의무 불이행,교차로,교차로부근,승합차,대형,보행자,보행자,1036739,1887070,127.9128071,36.98136744
2015,2015-08-27 1:05,야,목,1,1,0,0,0,경기,의왕시,차대차,측면충돌,측면충돌,운전자법규위반,안전운전 의무 불이행,단일로,기타단일로,승용차,소형,화물차,소형,952024,1925234,126.9584885,37.32486376
2015,2015-08-27 5:55,야,목,1,1,0,0,0,충남,천안시,차대사람,횡단중,횡단중,운전자법규위반,안전운전 의무 불이행,단일로,기타단일로,화물차,경형,보행자,보행자,967479,1880224,127.134881,36.91981074
2015,2015-08-27 10:10,주,목,1,1,0,0,0,경기,수원시,차대차,추돌,진행중 추돌,운전자법규위반,안전운전 의무 불이행,교차로,교차로내,승용차,소형,자전거,자전거,956731,1922898,127.0117514,37.30403915
2015,2015-08-27 10:30,주,목,1,1,0,0,0,제주,서귀포시,차대사람,기타,기타,운전자법규위반,안전운전 의무 불이행,교차로,교차로부근,건설기계,건설기계,보행자,보행자,945412,1495160,126.912671,33.44679815
2015,2015-08-27 19:29,야,목,1,1,0,0,0,경북,칠곡군,차대사람,길가장자리구역통행중,길가장자리구역통행중,운전자법규위반,안전운전 의무 불이행,단일로,기타단일로,화물차,소형,보행자,보행자,1094883,1778559,128.5527338,35.99921728
2015,2015-08-27 20:50,야,목,1,1,0,0,0,경북,경주시,차대사람,기타,기타,운전자법규위반,안전운전 의무 불이행,교차로,교차로내,승용차,소형,보행자,보행자,1164015,1752750,129.3141723,35.75745644
2015,2015-08-27 23:30,야,목,1,1,0,0,0,제주,서귀포시,차대차,추돌,주정차중 추돌,운전자법규위반,안전운전 의무 불이행,교차로,교차로부근,승용차,중형,화물차,대형,907362,1474312,126.5054627,33.25616578
2015,2015-08-28 0:24,야,금,1,1,0,0,0,경기,안양시,차대사람,횡단중,횡단중,운전자법규위반,안전운전 의무 불이행,단일로,기타단일로,원동기장치자전거,원동기장치자전거,보행자,보행자,947963,1933884,126.9120455,37.40261102
2015,2015-08-28 8:45,주,금,1,1,0,0,0,경남,창원시(통합),차량단독,공작물충돌,공작물충돌,운전자법규위반,안전운전 의무 불이행,단일로,기타단일로,원동기장치자전거,원동기장치자전거,없음,없음,1103229,1692495,128.6343106,35.22252439
2015,2015-08-28 10:15,주,금,1,1,0,0,0,경기,파주시,차대차,측면충돌,측면충돌,운전자법규위반,안전운전 의무 불이행,단일로,횡단보도부근,자전거,자전거,화물차,소형,937492,1983231,126.7895229,37.84671748
2015,2015-08-28 11:37,주,금,1,1,0,0,0,전남,순천시,차량단독,도로이탈,도로이탈 추락,운전자법규위반,안전운전 의무 불이행,단일로,기타단일로,화물차,소형,없음,없음,987752,1672154,127.3657053,35.04434503
2015,2015-08-28 12:50,주,금,1,1,0,0,0,경기,안성시,차대사람,차도통행중,차도통행중,운전자법규위반,안전운전 의무 불이행,교차로,교차로내,승용차,중형,보행자,보행자,973089,1890017,127.1975155,37.00826524
2015,2015-08-28 12:00,주,금,1,1,0,0,0,충남,천안시,차량단독,전도전복,전도전복,운전자법규위반,안전운전 의무 불이행,단일로,기타단일로,농기계,농기계,없음,없음,978060,1863630,127.2541539,36.77052849
2015,2015-08-28 14:07,주,금,1,1,0,0,0,전북,전주시,차대사람,기타,기타,운전자법규위반,안전운전 의무 불이행,단일로,기타단일로,화물차,소형,보행자,보행자,962477,1756470,127.0846947,35.8039632
2015,2015-08-28 15:00,주,금,1,1,0,0,0,경기,평택시,차대사람,횡단중,횡단중,운전자법규위반,안전운전 의무 불이행,단일로,횡단보도부근,승용차,중형,보행자,보행자,960635.8648,1895527.364,127.057255,37.057497
2015,2015-08-28 17:00,주,금,1,1,0,0,0,경기,용인시,차량단독,공작물충돌,공작물충돌,운전자법규위반,안전운전 의무 불이행,단일로,기타단일로,승용차,대형,없음,없음,963695,1914342,127.0907489,37.22721523
2015,2015-08-28 18:45,야,금,1,1,0,0,0,경기,양평군,차량단독,공작물충돌,공작물충돌,운전자법규위반,안전운전 의무 불이행,단일로,기타단일로,화물차,소형,없음,없음,998922,1939292,127.4878117,37.45281875
2015,2015-08-28 19:30,야,금,1,1,0,0,0,경북,구미시,차대차,기타,기타,운전자법규위반,안전운전 의무 불이행,교차로,교차로부근,원동기장치자전거,원동기장치자전거,승용차,중형,1078512,1789797,128.3722343,36.10198231
2015,2015-08-28 20:30,야,금,1,1,0,0,0,광주,북구,차대사람,횡단중,횡단중,운전자법규위반,안전운전 의무 불이행,단일로,기타단일로,화물차,소형,보행자,보행자,947753,1695016,126.9256971,35.24920838
2015,2015-08-29 8:55,주,토,1,1,0,0,0,전북,고창군,차량단독,기타,기타,운전자법규위반,안전운전 의무 불이행,단일로,기타단일로,승합차,중형,없음,없음,925284,1715957,126.6768225,35.43658845
2015,2015-08-29 15:20,주,토,1,1,0,0,0,경북,김천시,차대차,측면충돌,측면충돌,운전자법규위반,차로위반(진로변경 위반),단일로,횡단보도상,자전거,자전거,승용차,중형,1056109,1791552,128.1234876,36.11935734
2015,2015-08-29 18:10,야,토,1,1,0,0,0,경남,진주시,차대차,기타,기타,운전자법규위반,안전운전 의무 불이행,기타/불명,기타/불명,화물차,대형,자전거,자전거,1051269,1686274,128.0630087,35.170435
2015,2015-08-30 1:50,야,일,1,1,0,0,0,경기,평택시,차량단독,공작물충돌,공작물충돌,운전자법규위반,안전운전 의무 불이행,교차로,교차로내,승용차,중형,없음,없음,960402,1886829,127.0550821,36.97907898
2015,2015-08-30 2:30,야,일,1,1,0,0,0,전남,나주시,차대사람,기타,기타,운전자법규위반,안전운전 의무 불이행,단일로,기타단일로,승용차,중형,보행자,보행자,940099,1672097.6,126.8432307,35.04213318
2015,2015-08-30 2:15,야,일,1,1,0,0,0,대구,달성군,차대사람,기타,기타,운전자법규위반,안전운전 의무 불이행,단일로,기타단일로,승용차,대형,보행자,보행자,1087001,1749028,128.4620708,35.73373484
2015,2015-08-30 5:25,야,일,1,1,0,0,0,경기,안산시,차대차,기타,기타,운전자법규위반,신호위반,단일로,횡단보도상,특수차,중형,자전거,자전거,938803,1925620,126.8092383,37.32756588
2015,2015-08-30 6:10,주,일,1,1,0,0,0,전북,전주시,차대차,측면충돌,측면충돌,운전자법규위반,과속,단일로,기타단일로,승용차,소형,승용차,경형,963724,1763905,127.0981583,35.87104379
2015,2015-08-30 19:50,야,일,1,1,0,0,0,서울,송파구,차대차,측면충돌,측면충돌,운전자법규위반,신호위반,교차로,교차로내,승용차,대형,이륜차,중형,963797,1945454,127.0903769,37.50765154
2015,2015-08-30 20:25,야,일,1,1,0,0,0,충남,예산군,차대사람,횡단중,횡단중,운전자법규위반,안전운전 의무 불이행,교차로,교차로내,승용차,중형,보행자,보행자,942326,1853168,126.8545462,36.67471995
2015,2015-08-30 20:27,야,일,1,1,0,0,0,경남,창원시(통합),차대사람,차도통행중,차도통행중,운전자법규위반,안전운전 의무 불이행,단일로,기타단일로,승용차,중형,보행자,보행자,1092004,1683831,128.5100182,35.14550469
2015,2015-08-30 20:50,야,일,1,1,0,0,0,대구,달서구,차대차,추돌,주정차중 추돌,운전자법규위반,신호위반,교차로,교차로내,이륜차,소형,승용차,대형,1094738,1757368,128.548602,35.80820361
2015,2015-08-30 22:45,야,일,1,1,0,0,0,경남,창원시(통합),차량단독,기타,기타,운전자법규위반,안전운전 의무 불이행,단일로,기타단일로,승용차,소형,없음,없음,1100675,1690864,128.6060518,35.20807991
2015,2015-08-31 2:15,야,월,1,1,0,0,0,부산,동구,차량단독,기타,기타,운전자법규위반,안전운전 의무 불이행,단일로,기타단일로,이륜차,소형,없음,없음,1140138,1681389,129.037878,35.11793702
2015,2015-08-31 3:00,야,월,1,1,0,0,0,경기,파주시,차량단독,공작물충돌,공작물충돌,운전자법규위반,안전운전 의무 불이행,단일로,기타단일로,승용차,대형,없음,없음,935435,1975637,126.7668216,37.77813358
2015,2015-08-31 5:35,야,월,1,1,0,0,0,부산,남구,차대사람,횡단중,횡단중,운전자법규위반,안전운전 의무 불이행,단일로,기타단일로,승용차,중형,보행자,보행자,1142382,1684552,129.0630405,35.14613302
2015,2015-08-31 5:20,야,월,1,1,0,0,0,인천,동구,차대차,정면충돌,정면충돌,운전자법규위반,안전운전 의무 불이행,교차로,교차로부근,화물차,소형,자전거,자전거,924827,1941760,126.6498567,37.47200685
2015,2015-08-31 7:30,주,월,1,1,0,0,0,전남,진도군,차대차,추돌,주정차중 추돌,운전자법규위반,안전운전 의무 불이행,교차로,교차로부근,이륜차,소형,승합차,대형,889832,1613650,126.2998301,34.51094798
2015,2015-08-31 12:50,주,월,1,1,0,0,0,부산,사상구,차대사람,횡단중,횡단중,운전자법규위반,보행자 보호의무 위반,단일로,횡단보도상,건설기계,건설기계,보행자,보행자,1134688,1687393,128.9790667,35.17280234
2015,2015-08-31 12:40,주,월,1,1,0,0,0,전북,익산시,차대사람,기타,기타,운전자법규위반,안전운전 의무 불이행,단일로,기타단일로,화물차,소형,보행자,보행자,949703,1772199,126.9423241,35.94519973
2015,2015-08-31 12:30,주,월,1,1,0,0,0,전남,구례군,차량단독,전도전복,전도전복,운전자법규위반,안전운전 의무 불이행,교차로,교차로내,자전거,자전거,없음,없음,998415,1688590,127.4825896,35.19262587
2015,2015-08-31 13:00,주,월,1,1,0,0,0,경기,화성시,차대사람,횡단중,횡단중,운전자법규위반,안전운전 의무 불이행,교차로,교차로내,건설기계,건설기계,보행자,보행자,962336,1913721,127.0754612,37.22156371
2015,2015-08-31 14:20,주,월,1,1,0,0,0,충남,천안시,차대차,측면충돌,측면충돌,운전자법규위반,중앙선 침범,단일로,기타단일로,원동기장치자전거,원동기장치자전거,화물차,소형,968571,1875090,127.1473538,36.87356778
2015,2015-08-31 23:27,야,월,1,1,0,0,0,경기,광주시,차량단독,공작물충돌,공작물충돌,운전자법규위반,안전운전 의무 불이행,단일로,기타단일로,승용차,소형,없음,없음,976588,1932291,127.2355184,37.38941809
2015,2015-09-01 3:50,야,화,1,1,0,0,0,인천,연수구,차대사람,기타,기타,운전자법규위반,안전운전 의무 불이행,단일로,기타단일로,화물차,중형,보행자,보행자,925471,1933637,126.6579597,37.39884814
2015,2015-09-01 4:50,야,화,1,1,0,0,0,서울,강북구,차대사람,횡단중,횡단중,운전자법규위반,신호위반,교차로,교차로내,원동기장치자전거,원동기장치자전거,보행자,보행자,957478,1958994,127.0180964,37.62942128
2015,2015-09-01 4:15,야,화,1,1,0,0,0,경북,성주군,차대차,추돌,진행중 추돌,운전자법규위반,안전운전 의무 불이행,단일로,기타단일로,화물차,소형,화물차,대형,1067403,1769660,128.2471133,35.92127895
2015,2015-09-01 5:25,야,화,1,1,0,0,0,인천,남동구,차량단독,공작물충돌,공작물충돌,운전자법규위반,안전운전 의무 불이행,단일로,기타단일로,승용차,소형,없음,없음,932693,1937689,126.7391787,37.4359217
2015,2015-09-01 6:20,주,화,1,1,0,0,0,인천,서구,차량단독,공작물충돌,공작물충돌,운전자법규위반,안전운전 의무 불이행,단일로,횡단보도부근,승용차,중형,없음,없음,929551,1950360,126.7024519,37.549889
2015,2015-09-01 10:30,주,화,1,1,0,0,0,제주,제주시,차대사람,횡단중,횡단중,운전자법규위반,안전운전 의무 불이행,교차로,교차로내,승용차,소형,보행자,보행자,938459,1504557,126.8372203,33.53117341
2015,2015-09-01 11:30,주,화,1,1,0,0,0,전남,영광군,차대차,추돌,진행중 추돌,운전자법규위반,과속,단일로,기타단일로,승용차,중형,이륜차,소형,902077,1693711,126.4238391,35.23401948
2015,2015-09-01 15:32,주,화,1,1,0,0,0,서울,서대문구,차대차,기타,기타,운전자법규위반,차로위반(진로변경 위반),단일로,기타단일로,원동기장치자전거,원동기장치자전거,승합차,대형,948409,1952322,126.9157919,37.56882172
2015,2015-09-01 16:50,주,화,1,1,0,0,0,경남,사천시,차대사람,횡단중,횡단중,운전자법규위반,중앙선 침범,단일로,기타단일로,승합차,소형,보행자,보행자,1053619,1676557,128.0881837,35.0826963
2015,2015-09-01 17:00,주,화,1,1,0,0,0,전북,순창군,차량단독,기타,기타,운전자법규위반,안전운전 의무 불이행,교차로,교차로부근,이륜차,사발이,없음,없음,951989,1720864,126.9707386,35.48247916
2015,2015-09-01 19:25,야,화,1,1,0,0,0,전남,여수시,차대사람,횡단중,횡단중,운전자법규위반,안전운전 의무 불이행,단일로,횡단보도상,승용차,중형,보행자,보행자,1020907,1638920,127.7284058,34.74451432
2015,2015-09-01 19:15,야,화,1,1,0,0,0,경북,영천시,차대사람,횡단중,횡단중,운전자법규위반,안전운전 의무 불이행,단일로,기타단일로,화물차,소형,보행자,보행자,1136357,1779053,129.0128537,35.99874968
2015,2015-09-01 20:21,야,화,1,1,0,0,0,경남,진주시,차대사람,횡단중,횡단중,운전자법규위반,안전운전 의무 불이행,단일로,기타단일로,승용차,중형,보행자,보행자,1054190,1686350,128.095089,35.17096694
2015,2015-09-01 21:51,야,화,1,1,0,0,0,전북,고창군,차대사람,횡단중,횡단중,운전자법규위반,안전운전 의무 불이행,단일로,기타단일로,승용차,대형,보행자,보행자,928287,1715740,126.709924,35.43485301
2015,2015-09-01 22:32,야,화,1,1,0,0,0,서울,용산구,차대사람,횡단중,횡단중,운전자법규위반,안전운전 의무 불이행,단일로,횡단보도상,승용차,중형,보행자,보행자,953225,1948205,126.9705878,37.53197163
2015,2015-09-02 5:20,야,수,1,1,0,0,0,경남,창원시(통합),차대사람,횡단중,횡단중,운전자법규위반,안전운전 의무 불이행,기타/불명,기타/불명,승합차,중형,보행자,보행자,1108917,1684744,128.695776,35.15204592
2015,2015-09-02 7:36,주,수,1,1,0,0,0,인천,계양구,차대차,측면충돌,측면충돌,운전자법규위반,신호위반,교차로,교차로내,원동기장치자전거,원동기장치자전거,화물차,소형,932601,1949587,126.7370489,37.54315028
2015,2015-09-02 13:55,주,수,1,1,0,0,0,경남,거제시,차대차,정면충돌,정면충돌,운전자법규위반,중앙선 침범,단일로,기타단일로,이륜차,소형,승합차,대형,1096779,1649478,128.5584354,34.83533299