발생년,발생년월일시분,주야,요일,사망자수,사상자수,중상자수,경상자수,부상신고자수,발생지시도,발생지시군구,사고유형_대분류,사고유형_중분류,사고유형,법규위반_대분류,법규위반,도로형태_대분류,도로형태,가해자_당사자종별_대분류,가해자_당사자종별,피해자_당사자종별_대분류,피해자_당사자종별,발생위치X_UTMK,발생위치Y_UTMK,경도,위도
2015,2015-09-02 14:10,주,수,1,1,0,0,0,경북,경주시,차량단독,기타,기타,운전자법규위반,안전운전 의무 불이행,단일로,기타단일로,승용차,경형,없음,없음,1141592,1740057,129.0640042,35.64653898
2015,2015-09-02 16:25,주,수,1,1,0,0,0,강원,인제군,차대차,측면충돌,측면충돌,운전자법규위반,신호위반,교차로,교차로내,건설기계,건설기계,화물차,소형,1072409,2021907,128.3269113,38.1945303
2015,2015-09-02 17:00,주,수,1,1,0,0,0,경남,김해시,차대차,추돌,진행중 추돌,운전자법규위반,안전운전 의무 불이행,단일로,기타단일로,승용차,소형,이륜차,소형,1113586,1695467,128.748504,35.24819707
2015,2015-09-02 21:20,야,수,1,1,0,0,0,충남,천안시,차대사람,횡단중,횡단중,운전자법규위반,안전운전 의무 불이행,단일로,기타단일로,승용차,중형,보행자,보행자,969079,1871693,127.1531921,36.84296236
2015,2015-09-03 0:25,야,목,1,1,0,0,0,서울,용산구,차대사람,기타,기타,운전자법규위반,안전운전 의무 불이행,단일로,기타단일로,화물차,중형,보행자,보행자,952879,1948447,126.9666563,37.53413521
2015,2015-09-03 0:01,야,목,1,1,0,0,0,경기,평택시,차량단독,공작물충돌,공작물충돌,운전자법규위반,안전운전 의무 불이행,단일로,기타단일로,화물차,경형,없음,없음,960574,1885476,127.0570853,36.96688999
2015,2015-09-03 0:15,야,목,1,1,0,0,0,경남,창원시(통합),차대사람,기타,기타,운전자법규위반,안전운전 의무 불이행,단일로,기타단일로,승용차,경형,보행자,보행자,1100394,1696416,128.6036429,35.25816167
2015,2015-09-03 5:00,야,목,1,1,0,0,0,부산,동래구,차대사람,횡단중,횡단중,운전자법규위반,안전운전 의무 불이행,단일로,기타단일로,승용차,소형,보행자,보행자,1144090,1692414,129.0831582,35.21675562
2015,2015-09-03 8:30,주,목,1,1,0,0,0,부산,사상구,차대차,측면충돌,측면충돌,운전자법규위반,안전운전 의무 불이행,단일로,기타단일로,화물차,소형,이륜차,소형,1134223,1684139,128.9734327,35.14353232
2015,2015-09-03 8:40,주,목,1,1,0,0,0,전남,강진군,차대차,기타,기타,운전자법규위반,안전운전 의무 불이행,단일로,기타단일로,원동기장치자전거,원동기장치자전거,승용차,중형,927478,1634804,126.708093,34.70503771
2015,2015-09-03 12:55,주,목,1,1,0,0,0,충북,청주시,차대사람,기타,기타,운전자법규위반,신호위반,교차로,교차로내,승합차,대형,보행자,보행자,993777,1847513,127.4303997,36.62546921
2015,2015-09-03 17:25,주,목,1,1,0,0,0,경남,하동군,차대차,정면충돌,정면충돌,운전자법규위반,안전운전 의무 불이행,단일로,기타단일로,승용차,중형,이륜차,소형,1025518,1677701,127.7799648,35.09411532
2015,2015-09-04 0:30,야,금,1,1,0,0,0,전북,전주시,차량단독,공작물충돌,공작물충돌,운전자법규위반,안전운전 의무 불이행,단일로,기타단일로,이륜차,소형,없음,없음,964628,1756873,127.1084837,35.80767654
2015,2015-09-04 4:45,야,금,1,1,0,0,0,부산,연제구,차대사람,횡단중,횡단중,운전자법규위반,신호위반,단일로,기타단일로,승용차,중형,보행자,보행자,1143686,1688488,129.078036,35.18142574
2015,2015-09-04 4:40,야,금,1,1,0,0,0,전남,순천시,차대사람,기타,기타,운전자법규위반,보행자 보호의무 위반,단일로,횡단보도상,승용차,중형,보행자,보행자,999065,1661312,127.4897603,34.94665175
2015,2015-09-04 10:15,주,금,1,1,0,0,0,경남,거제시,차대차,기타,기타,운전자법규위반,안전운전 의무 불이행,단일로,기타단일로,승용차,중형,승용차,중형,1098830,1657878,128.5818547,34.91087034
2015,2015-09-04 16:42,주,금,1,1,0,0,0,경기,연천군,차대차,추돌,진행중 추돌,운전자법규위반,안전운전 의무 불이행,단일로,기타단일로,화물차,소형,원동기장치자전거,원동기장치자전거,962088,2001364,127.0681209,38.01150052
2015,2015-09-04 18:58,야,금,1,1,0,0,0,경기,부천시,차대사람,기타,기타,운전자법규위반,안전운전 의무 불이행,교차로,교차로내,화물차,소형,보행자,보행자,938030,1945943,126.7988078,37.51068817
2015,2015-09-04 18:00,야,금,1,1,0,0,0,충북,제천시,차대차,측면충돌,측면충돌,운전자법규위반,중앙선 침범,단일로,기타단일로,자전거,자전거,승용차,대형,1059550,1906703,128.1706598,37.15716571
2015,2015-09-04 18:00,야,금,1,1,0,0,0,전북,남원시,차량단독,전도전복,전도전복,운전자법규위반,안전운전 의무 불이행,단일로,기타단일로,농기계,농기계,없음,없음,996042.2,1720697.8,127.4563702,35.48213329
2015,2015-09-04 19:50,야,금,1,1,0,0,0,강원,홍천군,차대사람,횡단중,횡단중,운전자법규위반,안전운전 의무 불이행,단일로,기타단일로,승용차,경형,보행자,보행자,1029284,1962296,127.8320121,37.65970053
2015,2015-09-04 20:38,야,금,1,1,0,0,0,경기,포천시,차대사람,횡단중,횡단중,운전자법규위반,안전운전 의무 불이행,교차로,교차로내,승용차,중형,보행자,보행자,975902,1974228,127.2263892,37.76739731
2015,2015-09-04 20:30,야,금,1,1,0,0,0,경기,수원시,차대차,측면충돌,측면충돌,운전자법규위반,차로위반(진로변경 위반),단일로,기타단일로,승용차,중형,원동기장치자전거,원동기장치자전거,955117,1918954,126.9937778,37.26841281
2015,2015-09-04 22:20,야,금,1,1,0,0,0,충남,홍성군,차대차,추돌,주정차중 추돌,운전자법규위반,안전운전 의무 불이행,교차로,교차로부근,이륜차,소형,화물차,소형,925057,1844491,126.6621456,36.59530109
2015,2015-09-05 0:15,야,토,1,1,0,0,0,서울,중구,차대사람,횡단중,횡단중,운전자법규위반,안전운전 의무 불이행,교차로,교차로부근,승용차,중형,보행자,보행자,954620,1951987,126.9861422,37.56612938
2015,2015-09-05 8:20,주,토,1,1,0,0,0,충남,예산군,차대차,추돌,진행중 추돌,운전자법규위반,안전운전 의무 불이행,교차로,교차로내,화물차,경형,원동기장치자전거,원동기장치자전거,928430,1860766,126.6983316,36.74226387
2015,2015-09-05 12:08,주,토,1,1,0,0,0,전남,해남군,차대차,측면충돌,측면충돌,운전자법규위반,안전운전 의무 불이행,단일로,기타단일로,이륜차,소형,승합차,대형,909661,1597622,126.5175093,34.36835567
2015,2015-09-05 14:35,주,토,1,1,0,0,0,서울,성북구,차량단독,전도전복,전도전복,운전자법규위반,안전운전 의무 불이행,단일로,기타단일로,자전거,자전거,없음,없음,962119,1957219,127.0707836,37.61362589
2015,2015-09-05 18:45,야,토,1,1,0,0,0,충남,천안시,차대차,정면충돌,정면충돌,운전자법규위반,중앙선 침범,단일로,기타단일로,승용차,중형,승합차,중형,972571,1879284,127.192083,36.91149913
2015,2015-09-05 18:25,야,토,1,1,0,0,0,경북,예천군,차량단독,공작물충돌,공작물충돌,운전자법규위반,안전운전 의무 불이행,단일로,기타단일로,원동기장치자전거,원동기장치자전거,없음,없음,1081536,1849063,128.4120406,36.63597158
2015,2015-09-05 21:45,야,토,1,1,0,0,0,경남,합천군,차량단독,도로이탈,도로이탈 기타,운전자법규위반,안전운전 의무 불이행,단일로,기타단일로,승용차,중형,없음,없음,1046322,1725848,128.0109275,35.52749676
2015,2015-09-05 23:10,야,토,1,1,0,0,0,대구,달서구,차대사람,횡단중,횡단중,운전자법규위반,안전운전 의무 불이행,교차로,교차로부근,승용차,중형,보행자,보행자,1096325,1761687,128.5666859,35.84698334
2015,2015-09-06 10:25,주,일,1,1,0,0,0,서울,광진구,차대차,기타,기타,운전자법규위반,신호위반,교차로,교차로내,승용차,중형,원동기장치자전거,원동기장치자전거,963519,1951647,127.0869237,37.56346044
2015,2015-09-06 16:10,주,일,1,1,0,0,0,경기,평택시,차량단독,공작물충돌,공작물충돌,운전자법규위반,기타(운전자법규위반),단일로,기타단일로,원동기장치자전거,원동기장치자전거,없음,없음,960754,1895366,127.0585921,37.05604741
2015,2015-09-06 23:27,야,일,1,1,0,0,0,대전,서구,차량단독,전도전복,전도전복,운전자법규위반,안전운전 의무 불이행,교차로,교차로부근,이륜차,중형,없음,없음,990575,1817816,127.3949496,36.35771892
2015,2015-09-07 5:20,야,월,1,1,0,0,0,강원,강릉시,차대사람,보도통행중,보도통행중,운전자법규위반,안전운전 의무 불이행,단일로,기타단일로,화물차,소형,보행자,보행자,1123866,1974127,128.9061812,37.75841463
2015,2015-09-07 5:30,야,월,1,1,0,0,0,전북,전주시,차대사람,횡단중,횡단중,운전자법규위반,과속,단일로,기타단일로,승용차,대형,보행자,보행자,969047,1762202,127.1571881,35.85587233
2015,2015-09-07 5:05,야,월,1,1,0,0,0,경북,경산시,차대사람,차도통행중,차도통행중,운전자법규위반,안전운전 의무 불이행,단일로,기타단일로,화물차,중형,보행자,보행자,1111128,1755399,128.7297055,35.78873567
2015,2015-09-07 12:50,주,월,1,1,0,0,0,경기,포천시,차대차,기타,기타,운전자법규위반,서행 및 일시정지위반,교차로,교차로내,화물차,소형,원동기장치자전거,원동기장치자전거,980582,1987219,127.2791773,37.88459789
2015,2015-09-07 12:15,주,월,1,1,0,0,0,울산,동구,차대차,측면충돌,측면충돌,운전자법규위반,안전운전 의무 불이행,교차로,교차로내,승용차,중형,자전거,자전거,1174565,1724743,129.424747,35.50325841
2015,2015-09-07 16:55,주,월,1,1,0,0,0,강원,영월군,차대사람,횡단중,횡단중,운전자법규위반,보행자 보호의무 위반,단일로,횡단보도상,승용차,경형,보행자,보행자,1085821,1909859,128.4668571,37.18356697
2015,2015-09-07 16:53,주,월,1,1,0,0,0,대구,달서구,차대사람,횡단중,횡단중,운전자법규위반,안전운전 의무 불이행,교차로,교차로내,화물차,소형,보행자,보행자,1094878,1757176,128.5501286,35.80645926
2015,2015-09-07 19:20,야,월,1,1,0,0,0,경북,김천시,차대차,추돌,진행중 추돌,운전자법규위반,안전운전 의무 불이행,단일로,기타단일로,화물차,소형,이륜차,소형,1064373,1795807,128.2156601,36.15720319
2015,2015-09-07 21:24,야,월,1,1,0,0,0,제주,제주시,차대사람,횡단중,횡단중,운전자법규위반,안전운전 의무 불이행,단일로,기타단일로,승합차,대형,보행자,보행자,913662.2,1503408.8,126.5703027,33.51910151
2015,2015-09-08 0:05,야,화,1,1,0,0,0,전북,완주군,차대사람,차도통행중,차도통행중,운전자법규위반,안전운전 의무 불이행,단일로,기타단일로,승용차,중형,보행자,보행자,955122,1758250,127.003192,35.81970272
2015,2015-09-08 4:25,야,화,1,1,0,0,0,서울,성북구,차량단독,공작물충돌,공작물충돌,운전자법규위반,안전운전 의무 불이행,단일로,기타단일로,승합차,중형,없음,없음,956076,1956560,127.0023542,37.60741732
2015,2015-09-08 5:43,야,화,1,1,0,0,0,경기,안양시,차대차,측면충돌,측면충돌,운전자법규위반,신호위반,교차로,교차로내,원동기장치자전거,원동기장치자전거,화물차,소형,950838,1933447,126.9445572,37.39882923
2015,2015-09-08 10:05,주,화,1,1,0,0,0,경남,함안군,차대차,추돌,진행중 추돌,운전자법규위반,안전운전 의무 불이행,단일로,터널안,화물차,중형,이륜차,중형,1093026,1703778,128.5234928,35.32524585
2015,2015-09-08 15:00,주,화,1,1,0,0,0,경남,합천군,차대차,추돌,주정차중 추돌,운전자법규위반,안전운전 의무 불이행,단일로,기타단일로,이륜차,소형,화물차,소형,1074349,1737275,128.3210906,35.62881306
2015,2015-09-08 17:50,주,화,1,1,0,0,0,대전,서구,차대차,측면충돌,측면충돌,운전자법규위반,신호위반,교차로,교차로내,승용차,소형,자전거,자전거,991195,1817313,127.4018658,36.35319005
2015,2015-09-08 18:20,야,화,1,1,0,0,0,강원,횡성군,차량단독,전도전복,전도전복,운전자법규위반,안전운전 의무 불이행,단일로,기타단일로,화물차,중형,없음,없음,1056114,1945420,128.1348954,37.50634907
2015,2015-09-08 19:35,야,화,1,1,0,0,0,부산,강서구,차대차,정면충돌,정면충돌,운전자법규위반,안전운전 의무 불이행,교차로,교차로내,승합차,대형,이륜차,소형,1127586,1677472,128.8995666,35.08429611
2015,2015-09-08 19:30,야,화,1,1,0,0,0,경북,상주시,차대차,추돌,진행중 추돌,운전자법규위반,안전운전 의무 불이행,교차로,교차로내,원동기장치자전거,원동기장치자전거,승용차,중형,1053112,1809404,128.0913957,36.2804647
2015,2015-09-09 8:55,주,수,1,1,0,0,0,경남,고성군,차량단독,공작물충돌,공작물충돌,운전자법규위반,안전운전 의무 불이행,단일로,기타단일로,원동기장치자전거,원동기장치자전거,없음,없음,1081063,1664086,128.3879922,34.96842009
2015,2015-09-09 10:25,주,수,1,1,0,0,0,경기,김포시,차대차,추돌,진행중 추돌,운전자법규위반,안전운전 의무 불이행,단일로,기타단일로,원동기장치자전거,원동기장치자전거,화물차,대형,922404,1962337,126.6202792,37.65725685
2015,2015-09-09 12:35,주,수,1,1,0,0,0,전남,구례군,차량단독,전도전복,전도전복,운전자법규위반,안전운전 의무 불이행,단일로,기타단일로,승용차,경형,없음,없음,994517,1703609,127.4396717,35.3280392
2015,2015-09-09 16:27,주,수,1,1,0,0,0,전북,고창군,차량단독,도로이탈,도로이탈 추락,운전자법규위반,안전운전 의무 불이행,단일로,기타단일로,이륜차,소형,없음,없음,922036,1715788,126.6410576,35.43481553
2015,2015-09-09 18:27,야,수,1,1,0,0,0,경기,화성시,차대차,추돌,진행중 추돌,운전자법규위반,안전운전 의무 불이행,교차로,교차로내,자전거,자전거,승용차,중형,946174,1902854,126.8940779,37.12281919
2015,2015-09-09 19:00,야,수,1,1,0,0,0,경기,용인시,차대사람,횡단중,횡단중,운전자법규위반,신호위반,교차로,교차로내,승용차,중형,보행자,보행자,969010,1921707,127.1503548,37.29379421
2015,2015-09-09 20:00,야,수,1,1,0,0,0,경남,창원시(통합),차량단독,기타,기타,운전자법규위반,안전운전 의무 불이행,교차로,교차로내,자전거,자전거,없음,없음,1102085,1697076,128.6223111,35.26394081
2015,2015-09-09 22:20,야,수,1,1,0,0,0,경기,김포시,차대사람,횡단중,횡단중,운전자법규위반,안전운전 의무 불이행,단일로,기타단일로,승용차,중형,보행자,보행자,919920,1961919,126.5921667,37.65327634
2015,2015-09-10 8:45,주,목,1,1,0,0,0,경기,화성시,차량단독,공작물충돌,공작물충돌,운전자법규위반,안전운전 의무 불이행,교차로,교차로내,승용차,중형,없음,없음,929107,1914593,126.7008551,37.22748862
2015,2015-09-10 10:37,주,목,1,1,0,0,0,경기,광주시,차대차,추돌,진행중 추돌,운전자법규위반,안전운전 의무 불이행,단일로,기타단일로,승용차,대형,자전거,자전거,980454,1941229,127.2789549,37.47007222
2015,2015-09-10 10:30,주,목,1,1,0,0,0,경북,군위군,차대사람,길가장자리구역통행중,길가장자리구역통행중,운전자법규위반,안전운전 의무 불이행,단일로,기타단일로,승용차,경형,보행자,보행자,1089427,1809095,128.4956795,36.27499623
2015,2015-09-10 13:40,주,목,1,1,0,0,0,경기,안성시,차대차,측면충돌,측면충돌,운전자법규위반,안전거리 미확보,단일로,기타단일로,자전거,자전거,승용차,대형,977662,1890487,127.2489024,37.01262184
2015,2015-09-10 13:40,주,목,1,1,0,0,0,경북,안동시,차대차,기타,기타,운전자법규위반,중앙선 침범,단일로,기타단일로,불명,불명,이륜차,사발이,1106849,1847261,128.6948853,36.61722631
2015,2015-09-10 15:00,주,목,1,1,0,0,0,서울,노원구,차대차,기타,기타,운전자법규위반,안전운전 의무 불이행,교차로,교차로내,자전거,자전거,승용차,중형,962215,1962233,127.0716119,37.65882206
2015,2015-09-10 17:20,주,목,1,1,0,0,0,경북,상주시,차대사람,횡단중,횡단중,운전자법규위반,안전운전 의무 불이행,단일로,기타단일로,특수차,소형,보행자,보행자,1044032,1827762,127.991334,36.44642049
2015,2015-09-10 19:52,야,목,1,1,0,0,0,울산,울주군,차대차,추돌,진행중 추돌,운전자법규위반,중앙선 침범,단일로,기타단일로,특수차,중형,화물차,소형,1160403,1716431,129.2670268,35.43073689
2015,2015-09-11 1:11,야,금,1,1,0,0,0,충북,단양군,차량단독,공작물충돌,공작물충돌,운전자법규위반,안전운전 의무 불이행,단일로,기타단일로,화물차,경형,없음,없음,1073876,1882993,128.3296575,36.94243512
2015,2015-09-11 5:36,야,금,1,1,0,0,0,대구,동구,차대차,측면충돌,측면충돌,운전자법규위반,안전운전 의무 불이행,교차로,교차로내,자전거,자전거,승용차,중형,1108023,1764076,128.6965271,35.86729861
2015,2015-09-11 6:50,주,금,1,1,0,0,0,부산,부산진구,차대차,정면충돌,정면충돌,운전자법규위반,신호위반,교차로,교차로내,화물차,소형,원동기장치자전거,원동기장치자전거,1142570,1686450,129.0654314,35.16321465
2015,2015-09-11 10:40,주,금,1,1,0,0,0,경남,산청군,차대사람,길가장자리구역통행중,길가장자리구역통행중,운전자법규위반,안전운전 의무 불이행,단일로,기타단일로,화물차,소형,보행자,보행자,1031184,1706421,127.8432157,35.35292257
2015,2015-09-11 12:50,주,금,1,1,0,0,0,충북,충주시,차대차,기타,기타,운전자법규위반,안전운전 의무 불이행,교차로,교차로내,화물차,소형,자전거,자전거,1019427,1894740,127.7184855,37.05102444
2015,2015-09-11 12:35,주,금,1,1,0,0,0,전북,남원시,차대사람,횡단중,횡단중,운전자법규위반,안전운전 의무 불이행,단일로,기타단일로,승용차,경형,보행자,보행자,990055,1713739,127.3904539,35.4193456
2015,2015-09-11 12:20,주,금,1,1,0,0,0,경남,산청군,차량단독,공작물충돌,공작물충돌,운전자법규위반,안전운전 의무 불이행,단일로,기타단일로,이륜차,소형,없음,없음,1031674,1715348,127.8489552,35.4333991
2015,2015-09-11 13:20,주,금,1,1,0,0,0,경남,고성군,차대차,기타,기타,운전자법규위반,안전운전 의무 불이행,단일로,기타단일로,자전거,자전거,승용차,중형,1075500,1666312,128.3272608,34.98892117
2015,2015-09-11 16:30,주,금,1,1,0,0,0,경기,하남시,차대차,측면충돌,측면충돌,운전자법규위반,교차로 통행방법 위반,교차로,교차로내,원동기장치자전거,원동기장치자전거,화물차,소형,973852,1945482,127.2041427,37.50824365
2015,2015-09-11 18:10,야,금,1,1,0,0,0,경남,진주시,차대차,측면충돌,측면충돌,운전자법규위반,신호위반,교차로,교차로부근,자전거,자전거,승용차,중형,1052026,1687056,128.0713706,35.17744716
2015,2015-09-11 19:40,야,금,1,1,0,0,0,제주,제주시,차대차,추돌,진행중 추돌,운전자법규위반,안전운전 의무 불이행,단일로,기타단일로,승용차,중형,농기계,농기계,897218,1496321,126.3940686,33.45372837
2015,2015-09-11 21:20,야,금,1,1,0,0,0,인천,부평구,차대사람,기타,기타,운전자법규위반,안전운전 의무 불이행,단일로,횡단보도상,승용차,소형,보행자,보행자,931299,1946133,126.7226347,37.51192395
2015,2015-09-11 22:20,야,금,1,1,0,0,0,경기,용인시,차대차,기타,기타,운전자법규위반,안전운전 의무 불이행,단일로,기타단일로,승용차,대형,승용차,대형,962582,1918775,127.07798,37.26712942
2015,2015-09-12 5:50,야,토,1,1,0,0,0,대구,수성구,차대사람,횡단중,횡단중,운전자법규위반,안전운전 의무 불이행,단일로,횡단보도상,승용차,대형,보행자,보행자,1100268,1761070,128.6102652,35.8410259
2015,2015-09-12 6:35,주,토,1,1,0,0,0,경남,사천시,차대사람,횡단중,횡단중,운전자법규위반,안전운전 의무 불이행,단일로,기타단일로,승용차,중형,보행자,보행자,1051843,1659582,128.0676441,34.92972586
2015,2015-09-12 11:00,주,토,1,1,0,0,0,충남,당진시,차량단독,기타,기타,운전자법규위반,안전운전 의무 불이행,교차로,교차로내,원동기장치자전거,원동기장치자전거,없음,없음,918637,1888043,126.5857255,36.98733536
2015,2015-09-12 12:20,주,토,1,1,0,0,0,경기,안산시,차대차,기타,기타,운전자법규위반,중앙선 침범,단일로,기타단일로,원동기장치자전거,원동기장치자전거,승용차,대형,917858,1918040,126.5736841,37.25763257
2015,2015-09-12 14:34,주,토,1,1,0,0,0,경남,창원시(통합),차대사람,횡단중,횡단중,운전자법규위반,안전운전 의무 불이행,교차로,교차로내,승합차,대형,보행자,보행자,1105758,1684046,128.6610111,35.14609049
2015,2015-09-12 18:48,야,토,1,1,0,0,0,서울,노원구,차량단독,전도전복,전도전복,운전자법규위반,안전운전 의무 불이행,단일로,기타단일로,자전거,자전거,없음,없음,961501,1959358,127.0636687,37.63287949
2015,2015-09-12 19:30,야,토,1,1,0,0,0,경남,고성군,차대사람,기타,기타,운전자법규위반,안전운전 의무 불이행,단일로,기타단일로,승용차,중형,보행자,보행자,1078972,1673167,128.3659515,35.05046329
2015,2015-09-12 20:45,야,토,1,1,0,0,0,서울,강동구,차대사람,기타,기타,운전자법규위반,과속,단일로,기타단일로,승용차,소형,보행자,보행자,966316,1949137,127.1187089,37.5409434
2015,2015-09-12 22:45,야,토,1,1,0,0,0,경기,동두천시,차대사람,횡단중,횡단중,운전자법규위반,안전운전 의무 불이행,교차로,교차로부근,승용차,중형,보행자,보행자,961148,1990636,127.057993,37.91477259
2015,2015-09-12 22:10,야,토,1,1,0,0,0,전북,군산시,차대사람,횡단중,횡단중,운전자법규위반,안전운전 의무 불이행,교차로,교차로부근,승용차,중형,보행자,보행자,924023,1773982,126.6574454,35.95961307
2015,2015-09-12 23:20,야,토,1,1,0,0,0,경남,밀양시,차량단독,공작물충돌,공작물충돌,운전자법규위반,안전운전 의무 불이행,단일로,기타단일로,승용차,중형,없음,없음,1135110,1733076,128.9912586,35.58452443
2015,2015-09-13 4:27,야,일,1,1,0,0,0,서울,용산구,차량단독,전도전복,전도전복,운전자법규위반,안전운전 의무 불이행,단일로,터널안,원동기장치자전거,원동기장치자전거,없음,없음,955278,1950681,126.9936724,37.55439031
2015,2015-09-13 5:25,야,일,1,1,0,0,0,경남,통영시,차대사람,횡단중,횡단중,운전자법규위반,보행자 보호의무 위반,교차로,교차로부근,승용차,소형,보행자,보행자,1085166,1650994,128.4315983,34.8500407
2015,2015-09-13 6:10,주,일,1,1,0,0,0,경기,광주시,차대차,측면충돌,측면충돌,운전자법규위반,신호위반,교차로,교차로내,이륜차,중형,승합차,대형,977796,1932792,127.2491498,37.39396371
2015,2015-09-13 13:00,주,일,1,1,0,0,0,경기,평택시,차대사람,차도통행중,차도통행중,운전자법규위반,안전운전 의무 불이행,단일로,기타단일로,화물차,소형,보행자,보행자,959971,1897242,127.0496858,37.07292467
2015,2015-09-13 13:15,주,일,1,1,0,0,0,경북,상주시,차량단독,공작물충돌,공작물충돌,운전자법규위반,안전운전 의무 불이행,단일로,기타단일로,이륜차,사발이,없음,없음,1036205,1830946,127.904147,36.47545184
2015,2015-09-13 17:50,주,일,1,1,0,0,0,서울,중랑구,차대차,측면충돌,측면충돌,운전자법규위반,교차로 통행방법 위반,교차로,교차로내,원동기장치자전거,원동기장치자전거,화물차,소형,963630,1957804,127.0878747,37.61895967
2015,2015-09-13 17:10,주,일,1,1,0,0,0,경기,평택시,차대사람,기타,기타,운전자법규위반,안전운전 의무 불이행,단일로,기타단일로,화물차,소형,보행자,보행자,948568,1880588,126.9225471,36.92224959
2015,2015-09-13 18:20,야,일,1,1,0,0,0,경기,화성시,차대사람,횡단중,횡단중,운전자법규위반,안전운전 의무 불이행,단일로,기타단일로,이륜차,소형,보행자,보행자,947762,1903762,126.9118899,37.1310937
2015,2015-09-13 20:35,야,일,1,1,0,0,0,전북,군산시,차대차,기타,기타,운전자법규위반,안전운전 의무 불이행,단일로,기타단일로,승용차,소형,불명,불명,928083,1775554,126.7023226,35.97409247
2015,2015-09-13 22:10,야,일,1,1,0,0,0,광주,남구,차대사람,횡단중,횡단중,운전자법규위반,기타(운전자법규위반),단일로,기타단일로,승용차,중형,보행자,보행자,945183.9,1681762.1,126.8983403,35.12956516
2015,2015-09-14 0:30,야,월,1,1,0,0,0,울산,동구,차량단독,공작물충돌,공작물충돌,운전자법규위반,안전운전 의무 불이행,단일로,기타단일로,승용차,중형,없음,없음,1176895,1731088,129.4518091,35.56002325
2015,2015-09-14 2:45,야,월,1,1,0,0,0,제주,제주시,차대차,추돌,진행중 추돌,운전자법규위반,안전거리 미확보,단일로,횡단보도부근,이륜차,소형,화물차,소형,909156.6,1501300.2,126.5220058,33.49971186
2015,2015-09-14 10:20,주,월,1,1,0,0,0,경북,안동시,차대차,기타,기타,운전자법규위반,안전운전 의무 불이행,단일로,기타단일로,화물차,중형,농기계,농기계,1099011,1844331,128.6068715,36.59166388
2015,2015-09-14 12:12,주,월,1,1,0,0,0,경기,부천시,차대차,측면충돌,측면충돌,운전자법규위반,안전운전 의무 불이행,교차로,교차로내,승용차,중형,원동기장치자전거,원동기장치자전거,936066,1944865,126.7766804,37.50083821
2015,2015-09-14 13:10,주,월,1,1,0,0,0,경기,평택시,차대사람,기타,기타,운전자법규위반,안전운전 의무 불이행,교차로,교차로부근,승용차,중형,보행자,보행자,960319,1898399,127.0535395,37.08336871
2015,2015-09-14 14:20,주,월,1,1,0,0,0,충북,증평군,차대사람,횡단중,횡단중,운전자법규위반,안전운전 의무 불이행,교차로,교차로내,승용차,소형,보행자,보행자,1008050,1865294,127.5902213,36.78574886
2015,2015-09-14 19:45,야,월,1,1,0,0,0,충북,청주시,차대차,측면충돌,측면충돌,운전자법규위반,안전운전 의무 불이행,단일로,횡단보도상,승용차,소형,자전거,자전거,990645,1846827,127.3953787,36.61925932
2015,2015-09-14 19:08,야,월,1,1,0,0,0,경남,양산시,차대사람,횡단중,횡단중,운전자법규위반,보행자 보호의무 위반,단일로,기타단일로,승합차,대형,보행자,보행자,1137736,1704048,129.0153191,35.32251583
2015,2015-09-15 7:40,주,화,1,1,0,0,0,경기,고양시,차대차,기타,기타,운전자법규위반,안전거리 미확보,단일로,기타단일로,승합차,경형,화물차,소형,931073,1962483,126.7185386,37.65926469
2015,2015-09-15 7:15,주,화,1,1,0,0,0,광주,광산구,차대사람,횡단중,횡단중,운전자법규위반,보행자 보호의무 위반,교차로,교차로내,승합차,대형,보행자,보행자,937692,1689055,126.8155637,35.19488591
2015,2015-09-15 16:45,주,화,1,1,0,0,0,충북,괴산군,차대사람,기타,기타,운전자법규위반,안전운전 의무 불이행,단일로,기타단일로,화물차,소형,보행자,보행자,1040108.9,1873104.1,127.9499308,36.85533728
2015,2015-09-15 19:55,야,화,1,1,0,0,0,경기,고양시,차량단독,공작물충돌,공작물충돌,운전자법규위반,안전운전 의무 불이행,단일로,기타단일로,승용차,소형,없음,없음,940495,1956289,126.8258579,37.60409846
2015,2015-09-15 19:17,야,화,1,1,0,0,0,강원,철원군,차대사람,횡단중,횡단중,운전자법규위반,안전운전 의무 불이행,단일로,기타단일로,승용차,중형,보행자,보행자,975044,2023209,127.2149445,38.2088306
2015,2015-09-16 4:42,야,수,1,1,0,0,0,대전,중구,차대차,측면충돌,측면충돌,운전자법규위반,과속,단일로,기타단일로,승용차,중형,자전거,자전거,991278,1814776,127.4028192,36.3303187
2015,2015-09-16 9:20,주,수,1,1,0,0,0,경북,포항시,차량단독,공작물충돌,공작물충돌,운전자법규위반,안전운전 의무 불이행,단일로,기타단일로,승용차,대형,없음,없음,1183479,1787356,129.5373306,36.06583099
2015,2015-09-16 10:55,주,수,1,1,0,0,0,경기,고양시,차대차,기타,기타,운전자법규위반,신호위반,교차로,교차로내,이륜차,사발이,승용차,중형,937276,1964812,126.7886597,37.68070022