발생년,발생년월일시분,주야,요일,사망자수,사상자수,중상자수,경상자수,부상신고자수,발생지시도,발생지시군구,사고유형_대분류,사고유형_중분류,사고유형,법규위반_대분류,법규위반,도로형태_대분류,도로형태,가해자_당사자종별_대분류,가해자_당사자종별,피해자_당사자종별_대분류,피해자_당사자종별,발생위치X_UTMK,발생위치Y_UTMK,경도,위도
2015,2015-09-16 14:10,주,수,1,1,0,0,0,전남,무안군,차대차,측면충돌,측면충돌,운전자법규위반,신호위반,교차로,교차로내,이륜차,중형,승용차,중형,896213,1667584,126.3626839,34.9978819
2015,2015-09-17 12:00,주,목,1,1,0,0,0,충남,논산시,차량단독,도로이탈,도로이탈 기타,운전자법규위반,안전운전 의무 불이행,단일로,기타단일로,승용차,경형,없음,없음,971887,1803494,127.1871722,36.22823616
2015,2015-09-17 16:50,주,목,1,1,0,0,0,전북,전주시,차대사람,보도통행중,보도통행중,운전자법규위반,보행자 보호의무 위반,교차로,교차로부근,화물차,소형,보행자,보행자,965394,1757438,127.1169376,35.8127979
2015,2015-09-17 16:10,주,목,1,1,0,0,0,전북,군산시,차대사람,차도통행중,차도통행중,운전자법규위반,안전운전 의무 불이행,교차로,교차로부근,특수차,대형,보행자,보행자,930050,1776368,126.7240662,35.98157385
2015,2015-09-17 19:00,야,목,1,1,0,0,0,부산,중구,차대사람,횡단중,횡단중,운전자법규위반,안전운전 의무 불이행,단일로,기타단일로,화물차,소형,보행자,보행자,1139591,1680066,129.0316539,35.10608744
2015,2015-09-17 20:20,야,목,1,1,0,0,0,광주,북구,차대사람,횡단중,횡단중,운전자법규위반,안전운전 의무 불이행,단일로,기타단일로,승용차,중형,보행자,보행자,944480.4,1686158.6,126.8903235,35.16916854
2015,2015-09-17 23:40,야,목,1,1,0,0,0,경북,경주시,차대사람,기타,기타,운전자법규위반,안전운전 의무 불이행,단일로,기타단일로,특수차,대형,보행자,보행자,1154751,1765666,129.2142464,35.87535936
2015,2015-09-18 0:43,야,금,1,1,0,0,0,울산,북구,차대사람,횡단중,횡단중,운전자법규위반,안전운전 의무 불이행,교차로,교차로내,승용차,중형,보행자,보행자,1166492,1742212,129.339374,35.6620747
2015,2015-09-18 4:50,야,금,1,1,0,0,0,경기,부천시,차대차,측면충돌,측면충돌,운전자법규위반,안전운전 의무 불이행,교차로,교차로부근,화물차,소형,자전거,자전거,933159,1944994,126.7437828,37.50179493
2015,2015-09-18 4:50,야,금,1,1,0,0,0,대전,유성구,차량단독,기타,기타,운전자법규위반,안전운전 의무 불이행,교차로,교차로부근,승용차,중형,없음,없음,987781,1822771,127.36373,36.40235852
2015,2015-09-18 8:35,주,금,1,1,0,0,0,경남,하동군,차대차,정면충돌,정면충돌,운전자법규위반,중앙선 침범,단일로,기타단일로,이륜차,소형,건설기계,건설기계,1014297,1685276,127.6569878,35.16264248
2015,2015-09-18 10:20,주,금,1,1,0,0,0,전남,장흥군,차대차,측면충돌,측면충돌,운전자법규위반,직진 및 우회전차의 통행방해,교차로,교차로내,이륜차,소형,화물차,소형,940521,1607544,126.8524172,34.46006351
2015,2015-09-18 11:10,주,금,1,1,0,0,0,전남,영광군,차대사람,기타,기타,운전자법규위반,안전운전 의무 불이행,단일로,기타단일로,승용차,경형,보행자,보행자,914198,1700572,126.5563131,35.29698802
2015,2015-09-18 16:44,주,금,1,1,0,0,0,전남,신안군,차량단독,전도전복,전도전복,운전자법규위반,안전운전 의무 불이행,단일로,기타단일로,화물차,중형,없음,없음,866949,1652599,126.044474,34.85937039
2015,2015-09-18 19:30,야,금,1,1,0,0,0,경기,고양시,차대사람,횡단중,횡단중,운전자법규위반,기타(운전자법규위반),단일로,횡단보도상,승합차,대형,보행자,보행자,944079,1956487,126.8664442,37.60610797
2015,2015-09-18 20:32,야,금,1,1,0,0,0,광주,광산구,차대사람,횡단중,횡단중,운전자법규위반,안전운전 의무 불이행,교차로,교차로내,화물차,소형,보행자,보행자,935682,1681944,126.7940402,35.13064269
2015,2015-09-19 5:05,야,토,1,1,0,0,0,경북,안동시,차대차,측면충돌,측면충돌,운전자법규위반,안전운전 의무 불이행,교차로,교차로내,자전거,자전거,화물차,소형,1109252,1841295,128.7209051,36.56318228
2015,2015-09-19 7:20,주,토,1,1,0,0,0,경남,밀양시,차대차,기타,기타,운전자법규위반,안전운전 의무 불이행,단일로,기타단일로,승합차,대형,농기계,농기계,1101899,1728740,128.6242238,35.54941389
2015,2015-09-19 9:35,주,토,1,1,0,0,0,서울,강서구,차대사람,횡단중,횡단중,운전자법규위반,신호위반,단일로,횡단보도상,화물차,소형,보행자,보행자,943469,1948268,126.8601676,37.53199285
2015,2015-09-19 10:20,주,토,1,1,0,0,0,경북,문경시,차대사람,횡단중,횡단중,운전자법규위반,안전운전 의무 불이행,단일로,기타단일로,화물차,소형,보행자,보행자,1061804,1843542,128.1908963,36.58768852
2015,2015-09-19 13:00,주,토,1,1,0,0,0,경기,광명시,차대차,추돌,주정차중 추돌,운전자법규위반,중앙선 침범,단일로,기타단일로,승용차,중형,이륜차,중형,944580,1940133,126.8733545,37.45873847
2015,2015-09-19 16:45,주,토,1,1,0,0,0,경기,가평군,차대사람,기타,기타,운전자법규위반,안전운전 의무 불이행,단일로,기타단일로,건설기계,건설기계,보행자,보행자,1002181,1956057,127.524709,37.60393019
2015,2015-09-19 20:10,야,토,1,1,0,0,0,경기,평택시,차대사람,횡단중,횡단중,운전자법규위반,안전운전 의무 불이행,단일로,기타단일로,승용차,소형,보행자,보행자,959797,1890788,127.0480734,37.01474034
2015,2015-09-19 22:50,야,토,1,1,0,0,0,경북,포항시,차대사람,기타,기타,운전자법규위반,안전운전 의무 불이행,단일로,기타단일로,승용차,중형,보행자,보행자,1167182,1782926,129.3555227,36.02885051
2015,2015-09-19 23:05,야,토,1,1,0,0,0,전북,군산시,차대사람,기타,기타,운전자법규위반,안전운전 의무 불이행,단일로,기타단일로,승용차,대형,보행자,보행자,938662,1774245,126.8197542,35.96301402
2015,2015-09-20 1:06,야,일,1,1,0,0,0,강원,평창군,차대사람,차도통행중,차도통행중,운전자법규위반,안전운전 의무 불이행,단일로,기타단일로,승용차,대형,보행자,보행자,1096970,1963924,128.5995451,37.66971612
2015,2015-09-20 10:27,주,일,1,1,0,0,0,경기,이천시,차대사람,기타,기타,운전자법규위반,안전운전 의무 불이행,단일로,기타단일로,승용차,중형,보행자,보행자,1010501,1901793,127.6181983,37.11474459
2015,2015-09-20 11:10,주,일,1,1,0,0,0,서울,영등포구,차대사람,차도통행중,차도통행중,운전자법규위반,안전운전 의무 불이행,단일로,기타단일로,특수차,소형,보행자,보행자,947602,1945735,126.9071243,37.50940671
2015,2015-09-20 16:15,주,일,1,1,0,0,0,충남,보령시,차대차,기타,기타,운전자법규위반,안전운전 의무 불이행,교차로,교차로내,농기계,농기계,화물차,중형,920911,1818509,126.6184555,36.36076063
2015,2015-09-20 19:40,야,일,1,1,0,0,0,전남,장성군,차대차,추돌,진행중 추돌,운전자법규위반,안전운전 의무 불이행,단일로,기타단일로,승용차,소형,농기계,농기계,923586,1696222,126.6599609,35.25852971
2015,2015-09-20 21:15,야,일,1,1,0,0,0,제주,제주시,차대사람,횡단중,횡단중,운전자법규위반,보행자 보호의무 위반,단일로,횡단보도상,승용차,중형,보행자,보행자,916474.5,1503602.8,126.6005645,33.52107467
2015,2015-09-20 23:17,야,일,1,1,0,0,0,대구,달서구,차대사람,횡단중,횡단중,운전자법규위반,안전운전 의무 불이행,단일로,횡단보도상,승용차,중형,보행자,보행자,1090557,1762973,128.5029671,35.85912634
2015,2015-09-21 0:27,야,월,1,1,0,0,0,경기,하남시,차대차,측면충돌,측면충돌,운전자법규위반,신호위반,교차로,교차로내,원동기장치자전거,원동기장치자전거,승합차,소형,969573,1946211,127.1556976,37.51468329
2015,2015-09-21 1:18,야,월,1,1,0,0,0,경기,고양시,차량단독,공작물충돌,공작물충돌,운전자법규위반,안전운전 의무 불이행,교차로,교차로내,승용차,중형,없음,없음,936628,1966836,126.7811354,37.6988973
2015,2015-09-21 5:40,야,월,1,1,0,0,0,부산,수영구,차대차,측면충돌,측면충돌,운전자법규위반,신호위반,교차로,교차로내,화물차,중형,자전거,자전거,1148087,1685788,129.1258685,35.15644986
2015,2015-09-21 5:10,야,월,1,1,0,0,0,경기,화성시,차량단독,공작물충돌,공작물충돌,운전자법규위반,안전운전 의무 불이행,단일로,기타단일로,화물차,중형,없음,없음,955715,1903711,127.0014267,37.13104437
2015,2015-09-21 5:40,야,월,1,1,0,0,0,전북,정읍시,차대사람,기타,기타,운전자법규위반,안전운전 의무 불이행,교차로,교차로부근,승용차,소형,보행자,보행자,940197,1730781,126.8400218,35.57125129
2015,2015-09-21 5:50,야,월,1,1,0,0,0,대전,유성구,차대사람,횡단중,횡단중,운전자법규위반,안전운전 의무 불이행,교차로,교차로내,승용차,중형,보행자,보행자,983884,1820833,127.3203099,36.38482936
2015,2015-09-21 6:09,주,월,1,1,0,0,0,대구,서구,차대사람,길가장자리구역통행중,길가장자리구역통행중,운전자법규위반,과속,단일로,기타단일로,승용차,중형,보행자,보행자,1093731,1764299,128.5382717,35.87078121
2015,2015-09-21 8:30,주,월,1,1,0,0,0,충남,서천군,차량단독,도로이탈,도로이탈 추락,운전자법규위반,안전운전 의무 불이행,교차로,교차로부근,원동기장치자전거,원동기장치자전거,없음,없음,915046,1797056,126.5554223,36.16687635
2015,2015-09-21 11:35,주,월,1,1,0,0,0,서울,동작구,차량단독,공작물충돌,공작물충돌,운전자법규위반,안전운전 의무 불이행,단일로,기타단일로,이륜차,중형,없음,없음,952844,1943299,126.9665904,37.48773317
2015,2015-09-21 12:15,주,월,1,1,0,0,0,제주,제주시,차대차,측면충돌,측면충돌,운전자법규위반,신호위반,교차로,교차로내,원동기장치자전거,원동기장치자전거,승합차,대형,905915.2,1499030,126.4873528,33.47895828
2015,2015-09-21 16:55,주,월,1,1,0,0,0,서울,강서구,차대사람,차도통행중,차도통행중,운전자법규위반,안전운전 의무 불이행,단일로,기타단일로,승합차,중형,보행자,보행자,942488,1948443,126.8490513,37.53350945
2015,2015-09-21 16:45,주,월,1,1,0,0,0,경남,산청군,차대사람,차도통행중,차도통행중,운전자법규위반,안전운전 의무 불이행,단일로,기타단일로,농기계,농기계,보행자,보행자,1039875,1699585,127.938535,35.29097497
2015,2015-09-21 18:00,야,월,1,1,0,0,0,서울,금천구,차량단독,기타,기타,운전자법규위반,안전운전 의무 불이행,단일로,기타단일로,승합차,대형,없음,없음,948100,1939140,126.9132238,37.44999265
2015,2015-09-21 19:19,야,월,1,1,0,0,0,전북,임실군,차대사람,차도통행중,차도통행중,운전자법규위반,안전운전 의무 불이행,단일로,기타단일로,화물차,경형,보행자,보행자,981230,1735856,127.2927332,35.61863862
2015,2015-09-21 20:06,야,월,1,1,0,0,0,경남,김해시,차대사람,횡단중,횡단중,운전자법규위반,안전운전 의무 불이행,단일로,기타단일로,승용차,소형,보행자,보행자,1120024,1693021,128.8188953,35.22539647
2015,2015-09-21 21:50,야,월,1,1,0,0,0,대구,남구,차대사람,차도통행중,차도통행중,운전자법규위반,안전운전 의무 불이행,단일로,기타단일로,승용차,중형,보행자,보행자,1098787,1762781,128.5940807,35.85660013
2015,2015-09-21 22:34,야,월,1,1,0,0,0,인천,남동구,차대사람,차도통행중,차도통행중,운전자법규위반,안전운전 의무 불이행,단일로,기타단일로,승용차,경형,보행자,보행자,931962,1937402,126.7309428,37.43328151
2015,2015-09-22 1:05,야,화,1,1,0,0,0,충남,계룡시,차량단독,전도전복,전도전복,운전자법규위반,안전운전 의무 불이행,단일로,기타단일로,이륜차,소형,없음,없음,976290,1811356,127.2359277,36.29923368
2015,2015-09-22 3:20,야,화,1,1,0,0,0,광주,동구,차량단독,공작물충돌,공작물충돌,운전자법규위반,안전운전 의무 불이행,교차로,교차로내,승용차,중형,없음,없음,947924,1685384,126.9281858,35.16236858
2015,2015-09-22 4:11,야,화,1,1,0,0,0,서울,강남구,차대차,추돌,진행중 추돌,운전자법규위반,안전거리 미확보,단일로,기타단일로,특수차,대형,승용차,중형,964190,1944035,127.0948926,37.4948768
2015,2015-09-22 4:10,야,화,1,1,0,0,0,전남,여수시,차대사람,횡단중,횡단중,운전자법규위반,안전운전 의무 불이행,교차로,교차로내,승용차,중형,보행자,보행자,1020877,1638741,127.7280736,34.74290075
2015,2015-09-22 6:00,주,화,1,1,0,0,0,서울,광진구,차대사람,횡단중,횡단중,운전자법규위반,안전운전 의무 불이행,단일로,기타단일로,승용차,중형,보행자,보행자,961528,1949374,127.0644994,37.54289212
2015,2015-09-22 8:22,주,화,1,1,0,0,0,충남,논산시,차대차,추돌,진행중 추돌,운전자법규위반,안전운전 의무 불이행,교차로,교차로부근,승용차,소형,자전거,자전거,962986,1801345,127.0882298,36.20856217
2015,2015-09-22 12:10,주,화,1,1,0,0,0,경기,고양시,차대차,측면충돌,측면충돌,운전자법규위반,안전운전 의무 불이행,단일로,기타단일로,승용차,중형,자전거,자전거,933081,1964030,126.7411606,37.67335583
2015,2015-09-22 21:30,야,화,1,1,0,0,0,충남,부여군,차량단독,전도전복,전도전복,운전자법규위반,안전운전 의무 불이행,교차로,교차로내,특수차,소형,없음,없음,938448,1798547,126.8154852,36.18208773
2015,2015-09-22 22:25,야,화,1,1,0,0,0,경기,오산시,차대차,기타,기타,운전자법규위반,안전운전 의무 불이행,단일로,기타단일로,승용차,경형,승용차,중형,955387,1908823,126.9974292,37.17710758
2015,2015-09-23 5:30,야,수,1,1,0,0,0,경남,창원시(통합),차대차,추돌,진행중 추돌,운전자법규위반,안전운전 의무 불이행,단일로,기타단일로,화물차,대형,화물차,소형,1101231,1699321,128.6132009,35.28426694
2015,2015-09-23 14:00,주,수,1,1,0,0,0,경기,양주시,차량단독,공작물충돌,공작물충돌,운전자법규위반,안전운전 의무 불이행,단일로,기타단일로,자전거,자전거,없음,없음,951778,1976068,126.9523694,37.78302669
2015,2015-09-23 19:00,야,수,1,1,0,0,0,경기,이천시,차대차,측면충돌,측면충돌,운전자법규위반,신호위반,교차로,교차로내,이륜차,소형,화물차,중형,997284,1918330,127.4693688,37.2638664
2015,2015-09-24 1:55,야,목,1,1,0,0,0,서울,종로구,차대사람,차도통행중,차도통행중,운전자법규위반,안전운전 의무 불이행,단일로,기타단일로,승용차,대형,보행자,보행자,954495,1952447,126.9846983,37.57026929
2015,2015-09-24 7:50,주,목,1,1,0,0,0,경북,포항시,차량단독,공작물충돌,공작물충돌,운전자법규위반,안전운전 의무 불이행,단일로,기타단일로,승용차,소형,없음,없음,1166295,1787989,129.3467485,36.07462598
2015,2015-09-24 9:48,주,목,1,1,0,0,0,전남,광양시,차대사람,기타,기타,운전자법규위반,안전운전 의무 불이행,단일로,기타단일로,건설기계,건설기계,보행자,보행자,1019070,1666281,127.7089602,34.99128025
2015,2015-09-24 10:40,주,목,1,1,0,0,0,전남,나주시,차대사람,횡단중,횡단중,운전자법규위반,보행자 보호의무 위반,교차로,교차로내,건설기계,건설기계,보행자,보행자,934148,1669635,126.7781821,35.01955798
2015,2015-09-24 11:45,주,목,1,1,0,0,0,광주,광산구,차대차,측면충돌,측면충돌,운전자법규위반,안전운전 의무 불이행,단일로,기타단일로,화물차,대형,원동기장치자전거,원동기장치자전거,927029,1685609,126.698748,35.16309716
2015,2015-09-24 16:45,주,목,1,1,0,0,0,경남,함안군,차대차,기타,기타,운전자법규위반,안전운전 의무 불이행,단일로,기타단일로,화물차,중형,이륜차,중형,1077269,1696010,128.3494175,35.25655269
2015,2015-09-24 19:43,야,목,1,1,0,0,0,강원,속초시,차량단독,전도전복,전도전복,운전자법규위반,안전운전 의무 불이행,단일로,기타단일로,원동기장치자전거,원동기장치자전거,없음,없음,1092176,2023258,128.5527944,38.20489757
2015,2015-09-25 3:55,야,금,1,1,0,0,0,대전,유성구,차대사람,횡단중,횡단중,운전자법규위반,과속,단일로,기타단일로,승용차,대형,보행자,보행자,984962,1816813,127.3324071,36.34860512
2015,2015-09-25 5:47,야,금,1,1,0,0,0,울산,남구,차대사람,기타,기타,운전자법규위반,신호위반,교차로,교차로부근,승합차,대형,보행자,보행자,1160429,1729969,129.2699876,35.55274256
2015,2015-09-25 6:55,주,금,1,1,0,0,0,서울,강서구,차대차,측면충돌,측면충돌,운전자법규위반,신호위반,교차로,교차로내,원동기장치자전거,원동기장치자전거,승합차,대형,943800,1950435,126.8637478,37.55154436
2015,2015-09-25 9:20,주,금,1,1,0,0,0,경기,안산시,차대사람,기타,기타,운전자법규위반,안전운전 의무 불이행,교차로,교차로내,승용차,중형,보행자,보행자,943844,1921615,126.8664383,37.29178569
2015,2015-09-25 11:25,주,금,1,1,0,0,0,경남,거창군,차대사람,길가장자리구역통행중,길가장자리구역통행중,운전자법규위반,안전운전 의무 불이행,단일로,기타단일로,승용차,대형,보행자,보행자,1038236,1743095,127.9225588,35.68334556
2015,2015-09-25 13:10,주,금,1,1,0,0,0,충북,제천시,차대차,기타,기타,운전자법규위반,교차로 통행방법 위반,교차로,교차로내,농기계,농기계,원동기장치자전거,원동기장치자전거,1054664.2,1904035.4,128.1154435,37.1334194
2015,2015-09-25 18:30,야,금,1,1,0,0,0,제주,제주시,차대차,측면충돌,측면충돌,운전자법규위반,안전운전 의무 불이행,교차로,교차로내,화물차,소형,자전거,자전거,885753,1494034,126.2710199,33.43194338
2015,2015-09-25 19:30,야,금,1,1,0,0,0,부산,북구,차대사람,차도통행중,차도통행중,운전자법규위반,안전운전 의무 불이행,단일로,기타단일로,화물차,소형,보행자,보행자,1136945,1691223,129.0044806,35.20702098
2015,2015-09-25 19:40,야,금,1,1,0,0,0,충북,청주시,차대사람,횡단중,횡단중,운전자법규위반,안전운전 의무 불이행,단일로,횡단보도부근,화물차,소형,보행자,보행자,999511,1847303,127.494531,36.62359627
2015,2015-09-25 19:12,야,금,1,1,0,0,0,전북,익산시,차대사람,길가장자리구역통행중,길가장자리구역통행중,운전자법규위반,안전운전 의무 불이행,단일로,기타단일로,승용차,중형,보행자,보행자,953498,1780364,126.9839211,36.01900026
2015,2015-09-25 20:31,야,금,1,1,0,0,0,강원,홍천군,차대사람,길가장자리구역통행중,길가장자리구역통행중,운전자법규위반,안전운전 의무 불이행,단일로,기타단일로,화물차,소형,보행자,보행자,1031750,1964508,127.8600666,37.67955579
2015,2015-09-25 22:50,야,금,1,1,0,0,0,광주,북구,차대사람,횡단중,횡단중,운전자법규위반,안전운전 의무 불이행,단일로,기타단일로,승용차,소형,보행자,보행자,944055,1686564,126.8856248,35.1728003
2015,2015-09-26 1:14,야,토,1,1,0,0,0,강원,춘천시,차대사람,횡단중,횡단중,운전자법규위반,안전운전 의무 불이행,단일로,기타단일로,승용차,중형,보행자,보행자,1024235,1983894,127.7754898,37.85451418
2015,2015-09-26 7:57,주,토,1,1,0,0,0,경남,진주시,차대차,기타,기타,운전자법규위반,안전운전 의무 불이행,단일로,기타단일로,승용차,중형,화물차,대형,1066244,1688985,128.2276635,35.19400269
2015,2015-09-26 10:35,주,토,1,1,0,0,0,경남,김해시,차대사람,횡단중,횡단중,운전자법규위반,안전운전 의무 불이행,단일로,기타단일로,화물차,소형,보행자,보행자,1123092,1693924,128.8527352,35.23316467
2015,2015-09-26 11:00,주,토,1,1,0,0,0,경기,양평군,차대차,기타,기타,운전자법규위반,안전운전 의무 불이행,교차로,교차로내,농기계,농기계,승용차,중형,1009157,1944207,127.6035936,37.49707632
2015,2015-09-26 14:45,주,토,1,1,0,0,0,인천,강화군,차량단독,전도전복,전도전복,운전자법규위반,안전운전 의무 불이행,단일로,기타단일로,화물차,소형,없음,없음,902973,1976290,126.3981588,37.7811482
2015,2015-09-27 1:25,야,일,1,1,0,0,0,전북,군산시,차대사람,횡단중,횡단중,운전자법규위반,안전운전 의무 불이행,교차로,교차로부근,승용차,중형,보행자,보행자,908809,1755990,126.4908093,35.79611718
2015,2015-09-27 5:50,야,일,1,1,0,0,0,경기,수원시,차대사람,횡단중,횡단중,운전자법규위반,안전운전 의무 불이행,단일로,기타단일로,승합차,대형,보행자,보행자,955684,1918869,127.0001777,37.26767382
2015,2015-09-27 6:27,주,일,1,1,0,0,0,경기,수원시,차대차,기타,기타,운전자법규위반,안전운전 의무 불이행,단일로,기타단일로,승용차,중형,승용차,중형,951949,1921661,126.9578733,37.29265445
2015,2015-09-27 7:30,주,일,1,1,0,0,0,충남,아산시,차량단독,전도전복,전도전복,운전자법규위반,안전운전 의무 불이행,단일로,기타단일로,원동기장치자전거,원동기장치자전거,없음,없음,941165,1864048,126.840716,36.77272389
2015,2015-09-27 7:35,주,일,1,1,0,0,0,전남,무안군,차대사람,횡단중,횡단중,운전자법규위반,안전운전 의무 불이행,단일로,기타단일로,화물차,소형,보행자,보행자,909138,1649759,126.5062372,34.83841239
2015,2015-09-27 10:02,주,일,1,1,0,0,0,제주,서귀포시,차량단독,기타,기타,운전자법규위반,안전운전 의무 불이행,단일로,기타단일로,원동기장치자전거,원동기장치자전거,없음,없음,902574,1474004,126.4541003,33.25296639
2015,2015-09-27 17:27,주,일,1,1,0,0,0,전남,순천시,차대사람,기타,기타,운전자법규위반,과속,단일로,기타단일로,승용차,중형,보행자,보행자,984833,1656463,127.3339854,34.90281269
2015,2015-09-27 19:20,야,일,1,1,0,0,0,강원,횡성군,차대사람,횡단중,횡단중,운전자법규위반,안전운전 의무 불이행,단일로,기타단일로,승용차,중형,보행자,보행자,1063055,1946663,128.2135299,37.51710397
2015,2015-09-27 22:12,야,일,1,1,0,0,0,울산,중구,차대사람,횡단중,횡단중,운전자법규위반,안전운전 의무 불이행,단일로,기타단일로,이륜차,중형,보행자,보행자,1164372,1730726,129.3136246,35.55891837
2015,2015-09-28 6:00,주,월,1,1,0,0,0,충북,옥천군,차량단독,도로이탈,도로이탈 추락,운전자법규위반,안전운전 의무 불이행,단일로,기타단일로,승합차,소형,없음,없음,1008187.6,1816639.7,127.5912461,36.34712544
2015,2015-09-28 9:53,주,월,1,1,0,0,0,경남,진주시,차대차,추돌,주정차중 추돌,운전자법규위반,안전운전 의무 불이행,교차로,교차로부근,화물차,소형,승용차,소형,1052291,1690113,128.0744748,35.20499746
2015,2015-09-28 16:04,주,월,1,1,0,0,0,서울,강남구,차대사람,횡단중,횡단중,운전자법규위반,보행자 보호의무 위반,교차로,교차로내,승합차,대형,보행자,보행자,965142,1943344,127.1056948,37.48868494
2015,2015-09-28 21:30,야,월,1,1,0,0,0,충남,서산시,차대사람,차도통행중,차도통행중,운전자법규위반,안전운전 의무 불이행,단일로,기타단일로,승용차,중형,보행자,보행자,916976,1868344,126.5692221,36.8096354
2015,2015-09-28 22:20,야,월,1,1,0,0,0,경기,용인시,차대사람,기타,기타,운전자법규위반,안전운전 의무 불이행,교차로,교차로부근,승용차,소형,보행자,보행자,965015,1920102,127.1053577,37.27918537
2015,2015-09-29 4:53,야,화,1,1,0,0,0,서울,중랑구,차대사람,횡단중,횡단중,운전자법규위반,안전운전 의무 불이행,단일로,기타단일로,승합차,중형,보행자,보행자,963831,1955425,127.0902699,37.59752504
2015,2015-09-29 11:55,주,화,1,1,0,0,0,경북,김천시,차량단독,도로이탈,도로이탈 추락,운전자법규위반,안전운전 의무 불이행,단일로,기타단일로,이륜차,소형,없음,없음,1064945,1801619,128.2224998,36.20955991
2015,2015-09-29 12:30,주,화,1,1,0,0,0,대구,달성군,차량단독,도로이탈,도로이탈 기타,운전자법규위반,안전운전 의무 불이행,단일로,기타단일로,농기계,농기계,없음,없음,1081691,1741965,128.4026407,35.67051515
2015,2015-09-29 14:10,주,화,1,1,0,0,0,전북,부안군,차량단독,공작물충돌,공작물충돌,운전자법규위반,안전운전 의무 불이행,단일로,기타단일로,화물차,소형,없음,없음,913213,1744210,126.540816,35.69031894
2015,2015-09-29 15:50,주,화,1,1,0,0,0,경기,용인시,차량단독,공작물충돌,공작물충돌,운전자법규위반,안전운전 의무 불이행,단일로,기타단일로,원동기장치자전거,원동기장치자전거,없음,없음,977170,1925706,127.2422961,37.33007681
2015,2015-09-29 15:35,주,화,1,1,0,0,0,강원,화천군,차량단독,도로이탈,도로이탈 기타,운전자법규위반,안전운전 의무 불이행,단일로,교량위,이륜차,사발이,없음,없음,1021624,2018324,127.7468481,38.16489064
2015,2015-09-29 18:08,야,화,1,1,0,0,0,충북,괴산군,차량단독,도로이탈,도로이탈 추락,운전자법규위반,안전운전 의무 불이행,단일로,기타단일로,농기계,농기계,없음,없음,1031918,1874726,127.8581175,36.87027011
2015,2015-09-29 18:45,야,화,1,1,0,0,0,인천,남동구,차대차,측면충돌,측면충돌,운전자법규위반,신호위반,교차로,교차로내,원동기장치자전거,원동기장치자전거,승용차,중형,930956,1934269,126.7198656,37.4049694
2015,2015-09-29 20:46,야,화,1,1,0,0,0,경기,수원시,차대차,기타,기타,운전자법규위반,과속,교차로,교차로내,승용차,중형,자전거,자전거,954202,1922591,126.983234,37.3011508
2015,2015-09-29 22:17,야,화,1,1,0,0,0,대구,달서구,차대차,추돌,진행중 추돌,운전자법규위반,신호위반,교차로,교차로내,이륜차,중형,승합차,대형,1093640,1761091,128.5368871,35.84187083
2015,2015-09-30 7:50,주,수,1,1,0,0,0,전북,고창군,차대차,추돌,진행중 추돌,운전자법규위반,과속,단일로,기타단일로,화물차,소형,원동기장치자전거,원동기장치자전거,927087,1717533,126.6965439,35.45093128
2015,2015-09-30 8:50,주,수,1,1,0,0,0,서울,중랑구,차대사람,길가장자리구역통행중,길가장자리구역통행중,운전자법규위반,보행자 보호의무 위반,교차로,교차로내,화물차,경형,보행자,보행자,964687,1957142,127.0998837,37.61303411
2015,2015-09-30 8:40,주,수,1,1,0,0,0,충북,영동군,차대차,측면충돌,측면충돌,운전자법규위반,안전운전 의무 불이행,교차로,교차로내,승용차,소형,원동기장치자전거,원동기장치자전거,1025357,1798992,127.782015,36.18772453
2015,2015-09-30 9:20,주,수,1,1,0,0,0,경기,의정부시,차대사람,기타,기타,운전자법규위반,안전운전 의무 불이행,기타/불명,기타/불명,승용차,대형,보행자,보행자,960884,1969644,127.0561241,37.72556239
2015,2015-09-30 9:30,주,수,1,1,0,0,0,전북,김제시,차량단독,공작물충돌,공작물충돌,운전자법규위반,안전운전 의무 불이행,단일로,기타단일로,승용차,경형,없음,없음,951840,1750836,126.9673072,35.75270337
2015,2015-09-30 10:20,주,수,1,1,0,0,0,경남,사천시,차대사람,길가장자리구역통행중,길가장자리구역통행중,운전자법규위반,안전운전 의무 불이행,단일로,기타단일로,승용차,중형,보행자,보행자,1049550,1661121,128.0426297,34.94371792
2015,2015-09-30 20:48,야,수,1,1,0,0,0,강원,삼척시,차대사람,횡단중,횡단중,운전자법규위반,과속,단일로,기타단일로,승합차,소형,보행자,보행자,1137284,1916991,129.0477937,37.24168374
2015,2015-09-30 21:00,야,수,1,1,0,0,0,부산,사하구,차대차,측면충돌,측면충돌,운전자법규위반,신호위반,단일로,기타단일로,승용차,중형,이륜차,중형,1133798,1680072,128.9681105,35.10692786
2015,2015-09-30 23:05,야,수,1,1,0,0,0,충북,청주시,차대사람,기타,기타,운전자법규위반,안전운전 의무 불이행,단일로,기타단일로,승용차,중형,보행자,보행자,998916,1847092,127.4878767,36.62169361
2015,2015-10-01 5:00,야,목,1,1,0,0,0,충남,천안시,차대사람,횡단중,횡단중,운전자법규위반,안전운전 의무 불이행,교차로,교차로부근,화물차,경형,보행자,보행자,969582,1867066,127.1590187,36.80126841
2015,2015-10-01 16:50,주,목,1,1,0,0,0,강원,횡성군,차량단독,공작물충돌,공작물충돌,운전자법규위반,안전운전 의무 불이행,단일로,터널안,화물차,대형,없음,없음,1071688.3,1950084.5,128.3115499,37.54731041