발생년,발생년월일시분,주야,요일,사망자수,사상자수,중상자수,경상자수,부상신고자수,발생지시도,발생지시군구,사고유형_대분류,사고유형_중분류,사고유형,법규위반_대분류,법규위반,도로형태_대분류,도로형태,가해자_당사자종별_대분류,가해자_당사자종별,피해자_당사자종별_대분류,피해자_당사자종별,발생위치X_UTMK,발생위치Y_UTMK,경도,위도
2015,2015-10-11 14:10,주,일,1,1,0,0,0,세종,세종,차대차,측면충돌,측면충돌,운전자법규위반,안전운전 의무 불이행,교차로,교차로내,화물차,소형,이륜차,소형,983219,1840727,127.3124637,36.56416596
2015,2015-10-11 15:05,주,일,1,1,0,0,0,전남,나주시,차대사람,횡단중,횡단중,운전자법규위반,보행자 보호의무 위반,단일로,횡단보도상,승용차,대형,보행자,보행자,918441,1670946,126.6059024,35.03023235
2015,2015-10-11 16:48,주,일,1,1,0,0,0,서울,서대문구,차대사람,길가장자리구역통행중,길가장자리구역통행중,운전자법규위반,안전운전 의무 불이행,단일로,기타단일로,승합차,대형,보행자,보행자,950719,1954855,126.9417784,37.59177848
2015,2015-10-11 19:25,야,일,1,1,0,0,0,충북,괴산군,차대사람,횡단중,횡단중,운전자법규위반,과속,교차로,교차로부근,승합차,대형,보행자,보행자,1026118,1867580,127.7927972,36.80603035
2015,2015-10-11 20:00,야,일,1,1,0,0,0,경기,포천시,차대사람,횡단중,횡단중,운전자법규위반,안전운전 의무 불이행,단일로,기타단일로,승용차,중형,보행자,보행자,968398,1980448,127.1409182,37.82322979
2015,2015-10-11 21:15,야,일,1,1,0,0,0,경기,용인시,차량단독,공작물충돌,공작물충돌,운전자법규위반,중앙선 침범,단일로,기타단일로,승용차,중형,없음,없음,977295,1914409,127.2440522,37.22824969
2015,2015-10-12 1:10,야,월,1,1,0,0,0,경북,구미시,차대사람,보도통행중,보도통행중,운전자법규위반,안전운전 의무 불이행,교차로,교차로내,승용차,소형,보행자,보행자,1076505,1786445,128.3496144,36.07192487
2015,2015-10-12 3:46,야,월,1,1,0,0,0,서울,양천구,차량단독,공작물충돌,공작물충돌,운전자법규위반,안전운전 의무 불이행,단일로,터널안,승용차,중형,없음,없음,942107,1945257,126.8449903,37.50477004
2015,2015-10-12 5:40,야,월,1,1,0,0,0,서울,강남구,차대사람,횡단중,횡단중,운전자법규위반,안전운전 의무 불이행,단일로,횡단보도상,승용차,중형,보행자,보행자,959832,1944263,127.0455808,37.49675251
2015,2015-10-12 6:03,주,월,1,1,0,0,0,서울,은평구,차대사람,횡단중,횡단중,운전자법규위반,신호위반,단일로,횡단보도상,승용차,중형,보행자,보행자,951166,1962239,126.946348,37.65835471
2015,2015-10-12 9:27,주,월,1,1,0,0,0,전북,정읍시,차대사람,횡단중,횡단중,운전자법규위반,안전운전 의무 불이행,교차로,교차로부근,승합차,소형,보행자,보행자,941342,1730679,126.8526645,35.57040018
2015,2015-10-12 12:10,주,월,1,1,0,0,0,경기,화성시,차대사람,횡단중,횡단중,운전자법규위반,안전운전 의무 불이행,교차로,교차로부근,화물차,중형,보행자,보행자,951179,1913655,126.9497114,37.22045129
2015,2015-10-12 20:50,야,월,1,1,0,0,0,부산,동구,차량단독,공작물충돌,공작물충돌,운전자법규위반,안전운전 의무 불이행,단일로,기타단일로,승용차,중형,없음,없음,1142000,1682693,129.0585289,35.12943022
2015,2015-10-13 4:15,야,화,1,1,0,0,0,전남,순천시,차대차,추돌,진행중 추돌,운전자법규위반,안전운전 의무 불이행,단일로,기타단일로,화물차,대형,화물차,대형,988197,1668954,127.37063,35.01549474
2015,2015-10-13 10:15,주,화,1,1,0,0,0,경기,양평군,차량단독,공작물충돌,공작물충돌,운전자법규위반,안전운전 의무 불이행,단일로,기타단일로,승용차,소형,없음,없음,998183,1947833,127.4794352,37.52980343
2015,2015-10-13 10:30,주,화,1,1,0,0,0,충북,음성군,차대차,기타,기타,운전자법규위반,교차로 통행방법 위반,교차로,교차로내,화물차,소형,원동기장치자전거,원동기장치자전거,1009578,1892635,127.6076923,37.03220151
2015,2015-10-13 13:20,주,화,1,1,0,0,0,경기,양주시,차대차,추돌,진행중 추돌,운전자법규위반,중앙선 침범,단일로,기타단일로,승용차,소형,화물차,중형,955975,1991355,126.9990994,37.92101698
2015,2015-10-13 13:45,주,화,1,1,0,0,0,충북,음성군,차대차,측면충돌,측면충돌,운전자법규위반,안전운전 의무 불이행,교차로,교차로내,승용차,경형,자전거,자전거,998648,1890731,127.4848019,37.015086
2015,2015-10-13 15:05,주,화,1,1,0,0,0,경기,부천시,차대차,측면충돌,측면충돌,운전자법규위반,신호위반,교차로,교차로내,화물차,소형,이륜차,소형,935952,1946454,126.7752523,37.51515186
2015,2015-10-13 16:58,주,화,1,1,0,0,0,서울,관악구,차대사람,횡단중,횡단중,운전자법규위반,신호위반,교차로,교차로부근,승용차,소형,보행자,보행자,948449,1943475,126.9168659,37.48908459
2015,2015-10-13 18:35,야,화,1,1,0,0,0,전남,장흥군,차대사람,횡단중,횡단중,운전자법규위반,안전운전 의무 불이행,단일로,기타단일로,화물차,소형,보행자,보행자,948054,1631662,126.9329551,34.67795788
2015,2015-10-13 18:25,야,화,1,1,0,0,0,경남,사천시,차대사람,차도통행중,차도통행중,운전자법규위반,안전운전 의무 불이행,단일로,기타단일로,승용차,중형,보행자,보행자,1057799,1664792,128.1332159,34.97638206
2015,2015-10-14 0:26,야,수,1,1,0,0,0,경기,여주시,차대사람,횡단중,횡단중,운전자법규위반,안전운전 의무 불이행,교차로,교차로부근,승용차,소형,보행자,보행자,1011917,1921150,127.6344458,37.28921351
2015,2015-10-14 5:38,야,수,1,1,0,0,0,경기,수원시,차대사람,횡단중,횡단중,운전자법규위반,안전운전 의무 불이행,교차로,교차로내,화물차,중형,보행자,보행자,957810,1918580,127.0241716,37.26516766
2015,2015-10-14 5:45,야,수,1,1,0,0,0,전남,나주시,차대차,추돌,진행중 추돌,운전자법규위반,안전운전 의무 불이행,단일로,기타단일로,화물차,중형,원동기장치자전거,원동기장치자전거,930649,1671459,126.7396795,35.03577011
2015,2015-10-14 9:10,주,수,1,1,0,0,0,대구,수성구,차대사람,횡단중,횡단중,운전자법규위반,안전운전 의무 불이행,교차로,교차로부근,승용차,경형,보행자,보행자,1101437,1762504,128.6233896,35.85383232
2015,2015-10-14 14:40,주,수,1,1,0,0,0,전남,완도군,차대차,정면충돌,정면충돌,운전자법규위반,중앙선 침범,단일로,기타단일로,이륜차,소형,화물차,소형,913281,1577788,126.5588697,34.18981649
2015,2015-10-14 15:10,주,수,1,1,0,0,0,울산,울주군,차량단독,기타,기타,운전자법규위반,안전운전 의무 불이행,단일로,기타단일로,농기계,농기계,없음,없음,1145767,1726716,129.1076986,35.52568894
2015,2015-10-14 16:50,주,수,1,1,0,0,0,충북,음성군,차대차,기타,기타,운전자법규위반,안전운전 의무 불이행,교차로,교차로내,승합차,중형,원동기장치자전거,원동기장치자전거,1006360,1887099,127.5714634,36.98232505
2015,2015-10-14 17:37,주,수,1,1,0,0,0,경기,포천시,차대사람,횡단중,횡단중,운전자법규위반,보행자 보호의무 위반,단일로,횡단보도상,화물차,소형,보행자,보행자,974471,1988169,127.2096497,37.89300933
2015,2015-10-14 17:45,주,수,1,1,0,0,0,전남,나주시,차량단독,전도전복,전도전복,운전자법규위반,안전운전 의무 불이행,단일로,기타단일로,이륜차,소형,없음,없음,923287,1664516,126.6596149,34.97263625
2015,2015-10-14 17:37,주,수,1,1,0,0,0,인천,연수구,차대사람,기타,기타,운전자법규위반,안전운전 의무 불이행,단일로,기타단일로,화물차,소형,보행자,보행자,925860,1936888,126.6620279,37.42818008
2015,2015-10-14 18:20,야,수,1,1,0,0,0,경기,양주시,차대사람,기타,기타,운전자법규위반,안전운전 의무 불이행,교차로,교차로내,화물차,소형,보행자,보행자,955796,1977775,126.9978938,37.79861491
2015,2015-10-14 19:55,야,수,1,1,0,0,0,대구,북구,차대사람,횡단중,횡단중,운전자법규위반,안전운전 의무 불이행,교차로,교차로내,승용차,중형,보행자,보행자,1099342,1766084,128.6006381,35.8863188
2015,2015-10-15 10:32,주,목,1,1,0,0,0,전북,익산시,차대차,기타,기타,운전자법규위반,안전운전 의무 불이행,교차로,교차로내,승용차,소형,승용차,중형,950736,1773586,126.9536911,35.95775704
2015,2015-10-15 14:10,주,목,1,1,0,0,0,경북,구미시,차대차,기타,기타,운전자법규위반,안전운전 의무 불이행,단일로,교량위,이륜차,중형,건설기계,건설기계,1074526,1795555,128.3285012,36.15420373
2015,2015-10-15 16:50,주,목,1,1,0,0,0,전남,완도군,차대사람,길가장자리구역통행중,길가장자리구역통행중,운전자법규위반,안전운전 의무 불이행,단일로,기타단일로,승용차,중형,보행자,보행자,933815,1597943,126.7801521,34.37307705
2015,2015-10-15 17:10,주,목,1,1,0,0,0,충남,천안시,차대사람,횡단중,횡단중,운전자법규위반,보행자 보호의무 위반,단일로,기타단일로,화물차,소형,보행자,보행자,971978,1879198,127.1854293,36.91070645
2015,2015-10-15 20:50,야,목,1,1,0,0,0,경기,구리시,차량단독,기타,기타,운전자법규위반,안전운전 의무 불이행,단일로,기타단일로,이륜차,소형,없음,없음,968223,1958565,127.139886,37.62598909
2015,2015-10-15 23:00,야,목,1,1,0,0,0,대전,대덕구,차대차,추돌,주정차중 추돌,운전자법규위반,안전운전 의무 불이행,단일로,기타단일로,승용차,중형,승합차,대형,993127,1822389,127.4233536,36.39896781
2015,2015-10-16 10:05,주,금,1,1,0,0,0,경기,김포시,차대사람,횡단중,횡단중,운전자법규위반,안전운전 의무 불이행,단일로,기타단일로,특수차,중형,보행자,보행자,922440,1958059,126.6211416,37.61870488
2015,2015-10-16 12:30,주,금,1,1,0,0,0,경북,경산시,차대차,기타,기타,운전자법규위반,안전운전 의무 불이행,단일로,기타단일로,화물차,소형,이륜차,중형,1120391,1770057,128.8343953,35.9197669
2015,2015-10-16 12:08,주,금,1,1,0,0,0,대구,동구,차대사람,횡단중,횡단중,운전자법규위반,보행자 보호의무 위반,단일로,횡단보도상,승용차,중형,보행자,보행자,1108772,1764689,128.7049054,35.87274137
2015,2015-10-16 13:50,주,금,1,1,0,0,0,전남,광양시,차대차,측면충돌,측면충돌,운전자법규위반,신호위반,교차로,교차로부근,원동기장치자전거,원동기장치자전거,승용차,소형,1008493,1664042,127.5930397,34.97123432
2015,2015-10-16 14:17,주,금,1,1,0,0,0,전북,익산시,차대사람,차도통행중,차도통행중,운전자법규위반,안전운전 의무 불이행,교차로,교차로내,건설기계,건설기계,보행자,보행자,949515,1783671,126.9395084,36.04861604
2015,2015-10-16 17:55,주,금,1,1,0,0,0,경기,동두천시,차대차,기타,기타,운전자법규위반,차로위반(진로변경 위반),단일로,기타단일로,승용차,중형,이륜차,중형,960773,1991070,127.0537032,37.91866803
2015,2015-10-16 17:52,주,금,1,1,0,0,0,전남,영광군,차대차,기타,기타,운전자법규위반,중앙선 침범,단일로,기타단일로,이륜차,소형,화물차,소형,907582,1695302,126.4841507,35.24888615
2015,2015-10-16 18:45,야,금,1,1,0,0,0,세종,세종,차대차,추돌,진행중 추돌,운전자법규위반,안전운전 의무 불이행,단일로,기타단일로,자전거,자전거,승용차,중형,981303.8,1844250.4,127.2909749,36.59589385
2015,2015-10-16 19:30,야,금,1,1,0,0,0,대구,서구,차대사람,기타,기타,운전자법규위반,안전운전 의무 불이행,단일로,기타단일로,승용차,중형,보행자,보행자,1095633,1765681,128.5595031,35.88305544
2015,2015-10-16 23:15,야,금,1,1,0,0,0,강원,춘천시,차대사람,횡단중,횡단중,운전자법규위반,보행자 보호의무 위반,단일로,횡단보도상,승용차,중형,보행자,보행자,1020215,1986497,127.729866,37.87807315
2015,2015-10-16 23:10,야,금,1,1,0,0,0,충남,천안시,차대차,추돌,주정차중 추돌,운전자법규위반,안전운전 의무 불이행,단일로,기타단일로,승용차,대형,승합차,대형,968938.9,1871272.6,127.151638,36.83916807
2015,2015-10-17 2:00,야,토,1,1,0,0,0,서울,노원구,차대사람,횡단중,횡단중,운전자법규위반,안전운전 의무 불이행,교차로,교차로부근,승합차,소형,보행자,보행자,961780,1958959,127.0668516,37.62929487
2015,2015-10-17 4:50,야,토,1,1,0,0,0,충북,청주시,차대사람,기타,기타,운전자법규위반,안전운전 의무 불이행,단일로,기타단일로,화물차,경형,보행자,보행자,1005862,1864053,127.5656895,36.77457762
2015,2015-10-17 7:26,주,토,1,1,0,0,0,충남,서천군,차대사람,길가장자리구역통행중,길가장자리구역통행중,운전자법규위반,안전운전 의무 불이행,단일로,기타단일로,화물차,소형,보행자,보행자,925845,1785881,126.6765337,36.0670226
2015,2015-10-17 11:30,주,토,1,1,0,0,0,서울,강동구,차대차,기타,기타,운전자법규위반,신호위반,단일로,기타단일로,불명,불명,승용차,소형,966345,1949124,127.1190378,37.54082728
2015,2015-10-17 12:30,주,토,1,1,0,0,0,경기,화성시,차대사람,기타,기타,운전자법규위반,안전운전 의무 불이행,단일로,기타단일로,승용차,중형,보행자,보행자,953568,1914085,126.9766113,37.22444923
2015,2015-10-17 12:17,주,토,1,1,0,0,0,강원,고성군,차량단독,공작물충돌,공작물충돌,운전자법규위반,안전운전 의무 불이행,교차로,교차로부근,이륜차,중형,없음,없음,1090465,2034743,128.5347219,38.3085629
2015,2015-10-17 15:30,주,토,1,1,0,0,0,경기,수원시,차대차,정면충돌,정면충돌,운전자법규위반,중앙선 침범,단일로,기타단일로,원동기장치자전거,원동기장치자전거,화물차,소형,950909,1921768,126.9461331,37.29356458
2015,2015-10-17 18:10,야,토,1,1,0,0,0,충북,증평군,차대차,측면충돌,측면충돌,운전자법규위반,안전운전 의무 불이행,단일로,기타단일로,화물차,소형,자전거,자전거,1006597,1864965,127.5739338,36.78279424
2015,2015-10-17 18:40,야,토,1,1,0,0,0,충북,옥천군,차량단독,도로이탈,도로이탈 기타,운전자법규위반,안전운전 의무 불이행,단일로,기타단일로,화물차,소형,없음,없음,1020991,1819073,127.7339974,36.3688683
2015,2015-10-17 19:15,야,토,1,1,0,0,0,전남,여수시,차대사람,횡단중,횡단중,운전자법규위반,안전운전 의무 불이행,단일로,기타단일로,승용차,소형,보행자,보행자,1020852,1638553,127.7277958,34.74120593
2015,2015-10-17 20:00,야,토,1,1,0,0,0,충북,괴산군,차량단독,기타,기타,운전자법규위반,안전운전 의무 불이행,단일로,기타단일로,이륜차,사발이,없음,없음,1031118,1875284,127.8491646,36.87532688
2015,2015-10-17 21:15,야,토,1,1,0,0,0,경남,밀양시,차량단독,도로이탈,도로이탈 기타,운전자법규위반,안전운전 의무 불이행,단일로,기타단일로,화물차,경형,없음,없음,1125906,1725924,128.888586,35.52127059
2015,2015-10-18 0:20,야,일,1,1,0,0,0,광주,북구,차대사람,횡단중,횡단중,운전자법규위반,안전운전 의무 불이행,단일로,기타단일로,승용차,중형,보행자,보행자,945574,1684625,126.9024332,35.15540036
2015,2015-10-18 4:30,야,일,1,1,0,0,0,전북,김제시,차대사람,기타,기타,운전자법규위반,안전운전 의무 불이행,단일로,기타단일로,화물차,소형,보행자,보행자,950937,1767577,126.9562911,35.90359218
2015,2015-10-18 9:51,주,일,1,1,0,0,0,경북,경주시,차대사람,차도통행중,차도통행중,운전자법규위반,안전운전 의무 불이행,단일로,기타단일로,화물차,소형,보행자,보행자,1177533,1747276,129.4624085,35.70578244
2015,2015-10-18 9:15,주,일,1,1,0,0,0,경북,안동시,차대사람,횡단중,횡단중,운전자법규위반,안전운전 의무 불이행,교차로,교차로내,건설기계,건설기계,보행자,보행자,1094961,1843347,128.5614811,36.58320643
2015,2015-10-18 9:25,주,일,1,1,0,0,0,경남,창원시(통합),차량단독,공작물충돌,공작물충돌,운전자법규위반,안전운전 의무 불이행,단일로,기타단일로,화물차,소형,없음,없음,1109889,1705973,128.709284,35.34332091
2015,2015-10-18 13:03,주,일,1,1,0,0,0,인천,옹진군,차량단독,전도전복,전도전복,운전자법규위반,안전운전 의무 불이행,단일로,기타단일로,원동기장치자전거,원동기장치자전거,없음,없음,905900,1947260,126.435135,37.51983973
2015,2015-10-18 19:20,야,일,1,1,0,0,0,충남,논산시,차대사람,횡단중,횡단중,운전자법규위반,안전운전 의무 불이행,단일로,기타단일로,승용차,중형,보행자,보행자,964924,1801593,127.109778,36.21087022
2015,2015-10-18 19:05,야,일,1,1,0,0,0,광주,광산구,차대사람,횡단중,횡단중,운전자법규위반,과속,단일로,기타단일로,특수차,중형,보행자,보행자,935175,1684045,126.7883108,35.14955389
2015,2015-10-18 21:27,야,일,1,1,0,0,0,전남,광양시,차대차,기타,기타,운전자법규위반,안전운전 의무 불이행,교차로,교차로부근,승합차,소형,이륜차,소형,1006907,1663330,127.5756594,34.96482594
2015,2015-10-18 21:00,야,일,1,1,0,0,0,경남,김해시,차대사람,기타,기타,운전자법규위반,안전운전 의무 불이행,기타/불명,기타/불명,승합차,대형,보행자,보행자,1110539,1698734,128.7154588,35.27798998
2015,2015-10-18 23:50,야,일,1,1,0,0,0,경기,양평군,차대사람,길가장자리구역통행중,길가장자리구역통행중,운전자법규위반,안전운전 의무 불이행,교차로,교차로내,화물차,중형,보행자,보행자,991254,1945802,127.4010371,37.51145707
2015,2015-10-18 23:00,야,일,1,1,0,0,0,인천,부평구,차량단독,기타,기타,운전자법규위반,안전운전 의무 불이행,교차로,교차로부근,이륜차,중형,없음,없음,930194,1943713,126.7103622,37.49003001
2015,2015-10-19 1:30,야,월,1,1,0,0,0,경북,상주시,차량단독,전도전복,전도전복,운전자법규위반,안전운전 의무 불이행,단일로,기타단일로,이륜차,중형,없음,없음,1058385,1824257,128.1512207,36.41405732
2015,2015-10-19 9:40,주,월,1,1,0,0,0,경기,용인시,차대사람,횡단중,횡단중,운전자법규위반,신호위반,교차로,교차로내,승합차,대형,보행자,보행자,974030,1915226,127.2072186,37.23552883
2015,2015-10-19 14:00,주,월,1,1,0,0,0,경남,함안군,차대차,추돌,진행중 추돌,운전자법규위반,안전운전 의무 불이행,단일로,기타단일로,화물차,대형,화물차,대형,1079504,1699874,128.3743586,35.29121549
2015,2015-10-19 14:05,주,월,1,1,0,0,0,대전,중구,차대사람,기타,기타,운전자법규위반,기타(운전자법규위반),교차로,교차로부근,승용차,소형,보행자,보행자,991767,1815374,127.4082614,36.33571423
2015,2015-10-19 16:45,주,월,1,1,0,0,0,전남,강진군,차대사람,횡단중,횡단중,운전자법규위반,안전운전 의무 불이행,단일로,기타단일로,건설기계,건설기계,보행자,보행자,928420,1619006,126.7197135,34.56265126
2015,2015-10-19 17:59,주,월,1,1,0,0,0,충북,청주시,차대차,측면충돌,측면충돌,운전자법규위반,중앙선 침범,단일로,기타단일로,화물차,소형,원동기장치자전거,원동기장치자전거,987218.2,1844832.8,127.3570885,36.60124181
2015,2015-10-19 18:15,야,월,1,1,0,0,0,충북,음성군,차대사람,차도통행중,차도통행중,운전자법규위반,안전운전 의무 불이행,교차로,교차로내,승용차,소형,보행자,보행자,999875,1891447,127.4985947,37.02154128
2015,2015-10-19 18:00,야,월,1,1,0,0,0,충남,논산시,차대사람,횡단중,횡단중,운전자법규위반,안전운전 의무 불이행,단일로,기타단일로,승용차,중형,보행자,보행자,964834,1792236,127.1091958,36.12650912
2015,2015-10-19 18:08,야,월,1,1,0,0,0,경북,영천시,차대사람,길가장자리구역통행중,길가장자리구역통행중,운전자법규위반,안전운전 의무 불이행,단일로,기타단일로,승용차,소형,보행자,보행자,1135127,1784936,129.0002164,36.05194335
2015,2015-10-19 19:30,야,월,1,1,0,0,0,경기,안산시,차대사람,기타,기타,운전자법규위반,안전운전 의무 불이행,단일로,기타단일로,승용차,중형,보행자,보행자,943795,1920988,126.8659329,37.28613131
2015,2015-10-19 20:30,야,월,1,1,0,0,0,전북,고창군,차량단독,공작물충돌,공작물충돌,운전자법규위반,안전운전 의무 불이행,교차로,교차로내,화물차,소형,없음,없음,924946,1711815,126.6734804,35.39921924
2015,2015-10-19 23:50,야,월,1,1,0,0,0,경기,성남시,차대사람,횡단중,횡단중,운전자법규위반,안전운전 의무 불이행,단일로,기타단일로,승용차,중형,보행자,보행자,968294,1937694,127.1415919,37.43787202
2015,2015-10-20 1:00,야,화,1,1,0,0,0,울산,울주군,차대차,추돌,주정차중 추돌,운전자법규위반,안전운전 의무 불이행,단일로,기타단일로,승용차,대형,화물차,대형,1146940,1730491,129.1213161,35.55953995
2015,2015-10-20 2:52,야,화,1,1,0,0,0,충북,청주시,차대사람,기타,기타,운전자법규위반,안전운전 의무 불이행,단일로,기타단일로,화물차,소형,보행자,보행자,997328,1846594,127.4701186,36.61720101
2015,2015-10-20 8:45,주,화,1,1,0,0,0,충남,천안시,차대차,기타,기타,운전자법규위반,안전거리 미확보,교차로,교차로부근,화물차,소형,이륜차,소형,967493,1880079,127.1350444,36.91850414
2015,2015-10-20 9:40,주,화,1,1,0,0,0,충남,아산시,차대차,기타,기타,운전자법규위반,안전운전 의무 불이행,교차로,교차로내,승용차,중형,원동기장치자전거,원동기장치자전거,949669,1874219,126.9353311,36.8648979
2015,2015-10-20 10:30,주,화,1,1,0,0,0,서울,강북구,차대차,기타,기타,운전자법규위반,안전운전 의무 불이행,단일로,기타단일로,승용차,중형,자전거,자전거,958007,1960571,127.0240007,37.64365934
2015,2015-10-20 10:10,주,화,1,1,0,0,0,경북,구미시,차대사람,기타,기타,운전자법규위반,안전운전 의무 불이행,교차로,교차로내,화물차,중형,보행자,보행자,1077367,1791715,128.3597036,36.11936454
2015,2015-10-20 13:50,주,화,1,1,0,0,0,대전,동구,차대차,추돌,주정차중 추돌,운전자법규위반,안전운전 의무 불이행,단일로,기타단일로,승용차,중형,화물차,대형,997751,1816510,127.4749366,36.34598834
2015,2015-10-20 13:35,주,화,1,1,0,0,0,전북,전주시,차대차,측면충돌,측면충돌,운전자법규위반,안전운전 의무 불이행,단일로,횡단보도상,승용차,소형,자전거,자전거,968222,1758740,127.148189,35.82463247
2015,2015-10-20 15:05,주,화,1,1,0,0,0,경기,안성시,차대차,측면충돌,측면충돌,운전자법규위반,직진 및 우회전차의 통행방해,교차로,교차로내,건설기계,건설기계,이륜차,중형,968299,1896119,127.1434188,37.06312047
2015,2015-10-20 18:55,야,화,1,1,0,0,0,경북,구미시,차대사람,기타,기타,운전자법규위반,안전운전 의무 불이행,단일로,기타단일로,화물차,소형,보행자,보행자,1061013,1807696,128.1792337,36.26459984
2015,2015-10-20 18:50,야,화,1,1,0,0,0,경남,창원시(통합),차대사람,기타,기타,운전자법규위반,안전운전 의무 불이행,단일로,기타단일로,화물차,소형,보행자,보행자,1099056,1694001,128.5886454,35.23652263
2015,2015-10-20 19:47,야,화,1,1,0,0,0,광주,광산구,차대차,측면충돌,측면충돌,운전자법규위반,신호위반,교차로,교차로내,승용차,중형,원동기장치자전거,원동기장치자전거,938932,1691062,126.8290351,35.21305827
2015,2015-10-20 23:20,야,화,1,1,0,0,0,충남,천안시,차대차,측면충돌,측면충돌,운전자법규위반,안전운전 의무 불이행,교차로,교차로내,승용차,중형,승용차,중형,967461,1882484,127.1345817,36.94018255
2015,2015-10-20 23:40,야,화,1,1,0,0,0,경북,포항시,차대사람,기타,기타,운전자법규위반,안전운전 의무 불이행,단일로,기타단일로,승합차,대형,보행자,보행자,1166689,1778688,129.3491612,35.99074549
2015,2015-10-21 1:15,야,수,1,1,0,0,0,경기,의정부시,차량단독,공작물충돌,공작물충돌,운전자법규위반,안전운전 의무 불이행,단일로,기타단일로,이륜차,소형,없음,없음,963658,1971375,127.0875152,37.74127834
2015,2015-10-21 1:56,야,수,1,1,0,0,0,전남,무안군,차대사람,기타,기타,운전자법규위반,안전운전 의무 불이행,단일로,기타단일로,승용차,소형,보행자,보행자,905860,1667127,126.4684331,34.99470591
2015,2015-10-21 3:40,야,수,1,1,0,0,0,경기,파주시,차량단독,공작물충돌,공작물충돌,운전자법규위반,안전운전 의무 불이행,단일로,기타단일로,이륜차,중형,없음,없음,939466,1974059,126.8127248,37.76418762
2015,2015-10-21 5:25,야,수,1,1,0,0,0,경북,영주시,차대사람,길가장자리구역통행중,길가장자리구역통행중,운전자법규위반,안전운전 의무 불이행,단일로,기타단일로,승용차,소형,보행자,보행자,1091533,1874772,128.526933,36.8667876
2015,2015-10-21 6:10,주,수,1,1,0,0,0,충북,청주시,차대사람,횡단중,횡단중,운전자법규위반,보행자 보호의무 위반,교차로,교차로내,승용차,중형,보행자,보행자,999096,1846387,127.4898907,36.61533822
2015,2015-10-21 6:10,주,수,1,1,0,0,0,경남,하동군,차대사람,횡단중,횡단중,운전자법규위반,안전운전 의무 불이행,교차로,교차로부근,승용차,중형,보행자,보행자,1028953,1662420,127.8171181,34.95622961
2015,2015-10-21 7:20,주,수,1,1,0,0,0,경북,경주시,차대차,기타,기타,운전자법규위반,안전운전 의무 불이행,단일로,기타단일로,승용차,중형,농기계,농기계,1156841,1751284,129.2345671,35.74541506
2015,2015-10-21 8:50,주,수,1,1,0,0,0,충남,당진시,차대차,추돌,진행중 추돌,운전자법규위반,안전운전 의무 불이행,단일로,교량위,승용차,경형,승용차,중형,939323,1882975,126.8185635,36.94321585
2015,2015-10-21 9:00,주,수,1,1,0,0,0,경기,고양시,차대사람,기타,기타,운전자법규위반,안전운전 의무 불이행,단일로,기타단일로,승용차,중형,보행자,보행자,939795,1956640,126.8178992,37.60721641
2015,2015-10-21 9:30,주,수,1,1,0,0,0,경남,하동군,차량단독,도로이탈,도로이탈 추락,운전자법규위반,안전운전 의무 불이행,단일로,기타단일로,이륜차,사발이,없음,없음,1031836,1669712,127.8489736,35.02189715
2015,2015-10-21 10:50,주,수,1,1,0,0,0,강원,원주시,차대차,추돌,진행중 추돌,운전자법규위반,안전거리 미확보,단일로,기타단일로,이륜차,소형,승용차,중형,1038722,1926746,127.9371424,37.33892432
2015,2015-10-21 10:20,주,수,1,1,0,0,0,충남,보령시,차대차,측면충돌,측면충돌,운전자법규위반,부당한 회전,단일로,기타단일로,이륜차,소형,승용차,경형,918307,1826095,126.588636,36.42892473
2015,2015-10-21 11:45,주,수,1,1,0,0,0,경기,평택시,차대차,기타,기타,운전자법규위반,안전거리 미확보,단일로,기타단일로,승용차,중형,원동기장치자전거,원동기장치자전거,960327,1897604,127.0536715,37.07620289
2015,2015-10-21 11:30,주,수,1,1,0,0,0,경남,김해시,차대차,추돌,주정차중 추돌,운전자법규위반,안전운전 의무 불이행,교차로,교차로부근,화물차,소형,화물차,대형,1118614,1687306,128.802582,35.17404466
2015,2015-10-21 18:25,야,수,1,1,0,0,0,경북,상주시,차대사람,횡단중,횡단중,운전자법규위반,과속,단일로,기타단일로,화물차,소형,보행자,보행자,1053485,1840934,128.0977233,36.56468124
2015,2015-10-21 19:25,야,수,1,1,0,0,0,전남,해남군,차량단독,공작물충돌,공작물충돌,운전자법규위반,안전운전 의무 불이행,단일로,기타단일로,화물차,소형,없음,없음,905084,1622706,126.4649487,34.59412189
2015,2015-10-22 0:07,야,목,1,1,0,0,0,경남,창원시(통합),차대사람,기타,기타,운전자법규위반,안전운전 의무 불이행,단일로,기타단일로,승용차,중형,보행자,보행자,1088514,1680463,128.4713493,35.11545226
2015,2015-10-22 1:10,야,목,1,1,0,0,0,서울,강남구,차대차,측면충돌,측면충돌,운전자법규위반,중앙선 침범,단일로,기타단일로,원동기장치자전거,원동기장치자전거,승용차,중형,957694.1,1945817.1,127.0213061,37.51066465
2015,2015-10-22 14:30,주,목,1,1,0,0,0,서울,영등포구,차대사람,횡단중,횡단중,운전자법규위반,안전운전 의무 불이행,단일로,기타단일로,승용차,소형,보행자,보행자,947710,1944268,126.9084505,37.4961905