발생년,발생년월일시분,주야,요일,사망자수,사상자수,중상자수,경상자수,부상신고자수,발생지시도,발생지시군구,사고유형_대분류,사고유형_중분류,사고유형,법규위반_대분류,법규위반,도로형태_대분류,도로형태,가해자_당사자종별_대분류,가해자_당사자종별,피해자_당사자종별_대분류,피해자_당사자종별,발생위치X_UTMK,발생위치Y_UTMK,경도,위도
2015,2015-10-22 14:14,주,목,1,1,0,0,0,경기,평택시,차량단독,전도전복,전도전복,운전자법규위반,안전운전 의무 불이행,교차로,교차로내,화물차,소형,없음,없음,959426,1902775,127.0432556,37.12277567
2015,2015-10-22 14:35,주,목,1,1,0,0,0,전북,익산시,차량단독,공작물충돌,공작물충돌,운전자법규위반,안전운전 의무 불이행,단일로,기타단일로,원동기장치자전거,원동기장치자전거,없음,없음,949907,1779973,126.9440946,36.01529709
2015,2015-10-22 18:25,야,목,1,1,0,0,0,제주,제주시,차대사람,횡단중,횡단중,운전자법규위반,안전운전 의무 불이행,교차로,교차로부근,화물차,소형,보행자,보행자,877833,1485527,126.1869957,33.35435872
2015,2015-10-22 20:05,야,목,1,1,0,0,0,서울,동대문구,차대차,기타,기타,운전자법규위반,안전운전 의무 불이행,단일로,기타단일로,이륜차,대형,승용차,중형,960280,1953948,127.0501246,37.58406597
2015,2015-10-22 20:45,야,목,1,1,0,0,0,강원,영월군,차대사람,길가장자리구역통행중,길가장자리구역통행중,운전자법규위반,안전운전 의무 불이행,단일로,기타단일로,승용차,경형,보행자,보행자,1067430,1918343,128.2604508,37.26154531
2015,2015-10-22 20:10,야,목,1,1,0,0,0,충북,청주시,차대사람,횡단중,횡단중,운전자법규위반,신호위반,교차로,교차로내,승용차,소형,보행자,보행자,995265,1846601,127.4470477,36.61725609
2015,2015-10-22 20:31,야,목,1,1,0,0,0,인천,남동구,차대차,측면충돌,측면충돌,운전자법규위반,안전운전 의무 불이행,단일로,기타단일로,자전거,자전거,승용차,중형,930342,1933612,126.7129904,37.39900191
2015,2015-10-22 22:12,야,목,1,1,0,0,0,경기,안성시,차대사람,기타,기타,운전자법규위반,안전운전 의무 불이행,단일로,기타단일로,승용차,중형,보행자,보행자,998260,1900007,127.4804188,37.09870241
2015,2015-10-23 0:10,야,금,1,1,0,0,0,경남,창녕군,차량단독,공작물충돌,공작물충돌,운전자법규위반,안전운전 의무 불이행,단일로,기타단일로,화물차,소형,없음,없음,1079118,1728998,128.3729423,35.55382124
2015,2015-10-23 2:05,야,금,1,1,0,0,0,경기,하남시,차대사람,길가장자리구역통행중,길가장자리구역통행중,운전자법규위반,안전운전 의무 불이행,교차로,교차로내,화물차,중형,보행자,보행자,973219,1946659,127.1969377,37.51883441
2015,2015-10-23 4:45,야,금,1,1,0,0,0,전남,강진군,차대차,추돌,진행중 추돌,운전자법규위반,과속,단일로,기타단일로,승용차,소형,원동기장치자전거,원동기장치자전거,936688,1627976,126.8091664,34.64407988
2015,2015-10-23 5:25,야,금,1,1,0,0,0,충북,충주시,차대차,기타,기타,운전자법규위반,안전운전 의무 불이행,교차로,교차로부근,승용차,중형,특수차,소형,1039324,1897311,127.942387,37.07357649
2015,2015-10-23 5:45,야,금,1,1,0,0,0,울산,동구,차대사람,횡단중,횡단중,운전자법규위반,안전운전 의무 불이행,교차로,교차로내,이륜차,소형,보행자,보행자,1173876,1724372,129.4170744,35.50003603
2015,2015-10-23 6:20,주,금,1,1,0,0,0,경북,상주시,차대차,추돌,주정차중 추돌,운전자법규위반,안전운전 의무 불이행,단일로,기타단일로,승용차,소형,건설기계,건설기계,1062334,1824767,128.1953056,36.41840647
2015,2015-10-23 8:10,주,금,1,1,0,0,0,대전,대덕구,차대차,측면충돌,측면충돌,운전자법규위반,안전거리 미확보,단일로,기타단일로,승용차,대형,이륜차,소형,991936,1817847,127.4101189,36.35801077
2015,2015-10-23 10:00,주,금,1,1,0,0,0,서울,중구,차대사람,기타,기타,운전자법규위반,안전운전 의무 불이행,기타/불명,기타/불명,승합차,소형,보행자,보행자,953899,1951347,126.9780186,37.56032512
2015,2015-10-23 11:15,주,금,1,1,0,0,0,충북,청주시,차대사람,횡단중,횡단중,운전자법규위반,안전운전 의무 불이행,단일로,기타단일로,승용차,중형,보행자,보행자,999885.8,1846608.2,127.4987229,36.61733276
2015,2015-10-23 13:25,주,금,1,1,0,0,0,충남,당진시,차대차,측면충돌,측면충돌,운전자법규위반,안전운전 의무 불이행,단일로,기타단일로,건설기계,건설기계,이륜차,중형,932730,1876592,126.7450932,36.88523302
2015,2015-10-23 14:00,주,금,1,1,0,0,0,서울,마포구,차대사람,기타,기타,운전자법규위반,보행자 보호의무 위반,단일로,횡단보도상,화물차,중형,보행자,보행자,948144,1950127,126.9129464,37.54902307
2015,2015-10-23 14:17,주,금,1,1,0,0,0,경남,고성군,차대사람,횡단중,횡단중,운전자법규위반,과속,교차로,교차로내,승용차,중형,보행자,보행자,1081813,1669306,128.3967203,35.01542507
2015,2015-10-23 18:50,야,금,1,1,0,0,0,전남,영암군,차대사람,횡단중,횡단중,운전자법규위반,안전운전 의무 불이행,단일로,기타단일로,화물차,소형,보행자,보행자,924929,1645689,126.679291,34.80300239
2015,2015-10-23 18:00,야,금,1,1,0,0,0,대전,대덕구,차대차,측면충돌,측면충돌,운전자법규위반,안전운전 의무 불이행,교차로,교차로내,화물차,소형,자전거,자전거,990588,1816559,127.3951097,36.34638669
2015,2015-10-23 18:10,야,금,1,1,0,0,0,울산,울주군,차대차,측면충돌,측면충돌,운전자법규위반,안전운전 의무 불이행,교차로,교차로내,자전거,자전거,승합차,소형,1153361,1746233,129.1951308,35.70044211
2015,2015-10-23 19:50,야,금,1,1,0,0,0,서울,관악구,차대사람,횡단중,횡단중,운전자법규위반,보행자 보호의무 위반,단일로,횡단보도상,승용차,경형,보행자,보행자,951974.9,1943621.1,126.9567389,37.49059155
2015,2015-10-23 22:55,야,금,1,1,0,0,0,서울,중구,차대사람,횡단중,횡단중,운전자법규위반,안전운전 의무 불이행,단일로,횡단보도상,승합차,대형,보행자,보행자,953087,1952202,126.9687703,37.56799039
2015,2015-10-23 22:00,야,금,1,1,0,0,0,인천,계양구,차대사람,횡단중,횡단중,운전자법규위반,안전운전 의무 불이행,교차로,교차로부근,화물차,소형,보행자,보행자,931784,1948203,126.7279299,37.53061646
2015,2015-10-24 0:47,야,토,1,1,0,0,0,경기,과천시,차대사람,횡단중,횡단중,운전자법규위반,과속,단일로,기타단일로,승용차,중형,보행자,보행자,954782,1939958,126.9887167,37.45771651
2015,2015-10-24 1:20,야,토,1,1,0,0,0,전남,여수시,차대사람,길가장자리구역통행중,길가장자리구역통행중,운전자법규위반,안전운전 의무 불이행,단일로,기타단일로,승용차,중형,보행자,보행자,1007737,1653264,127.584658,34.87404926
2015,2015-10-24 2:44,야,토,1,1,0,0,0,경북,울진군,차대사람,기타,기타,운전자법규위반,안전운전 의무 불이행,단일로,기타단일로,승용차,대형,보행자,보행자,1170224,1896681,129.4143817,37.0532727
2015,2015-10-24 6:04,주,토,1,1,0,0,0,경기,남양주시,차대사람,차도통행중,차도통행중,운전자법규위반,안전운전 의무 불이행,단일로,기타단일로,승용차,중형,보행자,보행자,982574,1963522,127.3023996,37.6710527
2015,2015-10-24 6:55,주,토,1,1,0,0,0,강원,춘천시,차대사람,횡단중,횡단중,운전자법규위반,안전운전 의무 불이행,교차로,교차로부근,승합차,소형,보행자,보행자,1020063,1986719,127.7281438,37.8800774
2015,2015-10-24 6:30,주,토,1,1,0,0,0,강원,태백시,차대차,측면충돌,측면충돌,운전자법규위반,신호위반,교차로,교차로내,건설기계,건설기계,원동기장치자전거,원동기장치자전거,1134760,1900896,129.0164448,37.09702018
2015,2015-10-24 6:45,주,토,1,1,0,0,0,충북,청주시,차대사람,횡단중,횡단중,운전자법규위반,보행자 보호의무 위반,단일로,횡단보도상,승용차,중형,보행자,보행자,997520,1849290,127.472257,36.64150594
2015,2015-10-24 9:45,주,토,1,1,0,0,0,경기,파주시,차대차,측면충돌,측면충돌,운전자법규위반,안전운전 의무 불이행,단일로,기타단일로,원동기장치자전거,원동기장치자전거,승합차,대형,933379,1969729,126.7440181,37.72474019
2015,2015-10-24 13:00,주,토,1,1,0,0,0,경북,경주시,차대차,정면충돌,정면충돌,운전자법규위반,중앙선 침범,단일로,기타단일로,건설기계,건설기계,화물차,소형,1156940,1785864,129.2424809,36.05703174
2015,2015-10-24 18:30,야,토,1,1,0,0,0,경북,군위군,차대차,추돌,주정차중 추돌,운전자법규위반,안전운전 의무 불이행,단일로,기타단일로,이륜차,소형,화물차,중형,1112094,1797065,128.7462838,36.16419699
2015,2015-10-24 18:17,야,토,1,1,0,0,0,경남,창원시(통합),차대차,기타,기타,운전자법규위반,안전운전 의무 불이행,단일로,횡단보도상,승용차,중형,승용차,중형,1105131,1694472,128.6554593,35.24014994
2015,2015-10-24 19:00,야,토,1,1,0,0,0,전남,보성군,차량단독,기타,기타,운전자법규위반,안전운전 의무 불이행,단일로,기타단일로,농기계,농기계,없음,없음,975334,1645678,127.2303299,34.80537183
2015,2015-10-24 20:03,야,토,1,1,0,0,0,경기,부천시,차대사람,기타,기타,운전자법규위반,안전운전 의무 불이행,단일로,기타단일로,승합차,대형,보행자,보행자,939257,1942435,126.8129801,37.47915207
2015,2015-10-24 20:25,야,토,1,1,0,0,0,충남,논산시,차대사람,횡단중,횡단중,운전자법규위반,안전운전 의무 불이행,단일로,기타단일로,승용차,소형,보행자,보행자,959388,1797205,127.0484185,36.1710941
2015,2015-10-24 20:45,야,토,1,1,0,0,0,대구,달서구,차대차,측면충돌,측면충돌,운전자법규위반,안전운전 의무 불이행,단일로,횡단보도상,승용차,중형,자전거,자전거,1091398,1760412,128.511987,35.83596142
2015,2015-10-25 1:39,야,일,1,1,0,0,0,경기,부천시,차량단독,기타,기타,운전자법규위반,안전운전 의무 불이행,단일로,기타단일로,원동기장치자전거,원동기장치자전거,없음,없음,937602,1943272,126.7941919,37.48658564
2015,2015-10-25 1:30,야,일,1,1,0,0,0,광주,광산구,차대사람,횡단중,횡단중,운전자법규위반,안전운전 의무 불이행,단일로,기타단일로,화물차,소형,보행자,보행자,937167,1685339,126.8100803,35.16134779
2015,2015-10-25 2:10,야,일,1,1,0,0,0,경기,성남시,차대사람,횡단중,횡단중,운전자법규위반,안전운전 의무 불이행,단일로,기타단일로,승용차,소형,보행자,보행자,971066,1939810,127.1728434,37.45703566
2015,2015-10-25 3:52,야,일,1,1,0,0,0,경북,경산시,철길건널목,차단기돌파,차단기돌파,운전자법규위반,철길건널목 통과방법위반,철길건널목,철길건널목,화물차,소형,열차,열차,1120555,1770049,128.8362114,35.91967458
2015,2015-10-25 5:17,야,일,1,1,0,0,0,서울,중랑구,차대차,측면충돌,측면충돌,운전자법규위반,신호위반,교차로,교차로부근,승용차,중형,이륜차,소형,963663,1952990,127.0884876,37.57557103
2015,2015-10-25 5:10,야,일,1,1,0,0,0,경남,진주시,차대사람,길가장자리구역통행중,길가장자리구역통행중,운전자법규위반,안전운전 의무 불이행,교차로,교차로부근,승합차,중형,보행자,보행자,1053012,1699057,128.0829724,35.28560416
2015,2015-10-25 13:52,주,일,1,1,0,0,0,부산,동래구,차대차,추돌,진행중 추돌,운전자법규위반,안전운전 의무 불이행,단일로,기타단일로,자전거,자전거,승용차,중형,1142809,1691247,129.0688857,35.2064198
2015,2015-10-25 15:30,주,일,1,1,0,0,0,충남,보령시,차량단독,전도전복,전도전복,운전자법규위반,안전운전 의무 불이행,단일로,기타단일로,농기계,농기계,없음,없음,925046,1798904,126.6664215,36.18436106
2015,2015-10-25 16:42,주,일,1,1,0,0,0,경남,함양군,차량단독,전도전복,전도전복,운전자법규위반,안전운전 의무 불이행,단일로,기타단일로,이륜차,대형,없음,없음,1017100,1743402,127.6889862,35.68670682
2015,2015-10-25 19:05,야,일,1,1,0,0,0,경기,화성시,차대사람,기타,기타,운전자법규위반,안전운전 의무 불이행,교차로,교차로내,승용차,중형,보행자,보행자,947864,1904526,126.912985,37.1379859
2015,2015-10-25 19:10,야,일,1,1,0,0,0,충남,예산군,차대사람,차도통행중,차도통행중,운전자법규위반,안전운전 의무 불이행,단일로,기타단일로,승용차,소형,보행자,보행자,941918,1845708,126.8505452,36.60744774
2015,2015-10-25 21:04,야,일,1,1,0,0,0,서울,강북구,차대사람,횡단중,횡단중,운전자법규위반,안전운전 의무 불이행,단일로,기타단일로,승용차,대형,보행자,보행자,959360,1959289,127.0394081,37.63216535
2015,2015-10-25 23:55,야,일,1,1,0,0,0,경기,양평군,차대사람,기타,기타,운전자법규위반,안전운전 의무 불이행,단일로,기타단일로,승용차,중형,보행자,보행자,1013861,1946364,127.6568506,37.51646005
2015,2015-10-26 6:35,주,월,1,1,0,0,0,경북,포항시,차량단독,공작물충돌,공작물충돌,운전자법규위반,안전운전 의무 불이행,단일로,기타단일로,이륜차,소형,없음,없음,1167541,1783882,129.3597079,36.03740344
2015,2015-10-26 11:25,주,월,1,1,0,0,0,대전,유성구,차대차,측면충돌,측면충돌,운전자법규위반,신호위반,교차로,교차로내,승용차,중형,원동기장치자전거,원동기장치자전거,984162,1818834,127.3234503,36.36681233
2015,2015-10-26 13:40,주,월,1,1,0,0,0,경남,고성군,차대차,추돌,주정차중 추돌,운전자법규위반,안전운전 의무 불이행,단일로,기타단일로,원동기장치자전거,원동기장치자전거,화물차,소형,1076806,1665554,128.3414995,34.98198833
2015,2015-10-26 15:30,주,월,1,1,0,0,0,경북,안동시,차대사람,기타,기타,운전자법규위반,안전운전 의무 불이행,단일로,기타단일로,화물차,중형,보행자,보행자,1106292,1846817,128.6885962,36.6132868
2015,2015-10-26 16:25,주,월,1,1,0,0,0,전북,전주시,차대차,측면충돌,측면충돌,운전자법규위반,안전운전 의무 불이행,단일로,횡단보도상,화물차,중형,자전거,자전거,968647,1760044,127.1528429,35.83640306
2015,2015-10-26 17:10,주,월,1,1,0,0,0,전남,장성군,차대사람,기타,기타,운전자법규위반,안전운전 의무 불이행,교차로,교차로내,건설기계,건설기계,보행자,보행자,934361,1716382,126.7767857,35.44106063
2015,2015-10-26 18:20,야,월,1,1,0,0,0,전남,보성군,차대사람,기타,기타,운전자법규위반,안전운전 의무 불이행,교차로,교차로내,화물차,소형,보행자,보행자,971280,1656722,127.18563,34.90485505
2015,2015-10-26 19:24,야,월,1,1,0,0,0,경기,구리시,차대사람,횡단중,횡단중,운전자법규위반,안전운전 의무 불이행,단일로,기타단일로,화물차,소형,보행자,보행자,968483,1957427,127.1428815,37.6157409
2015,2015-10-26 21:55,야,월,1,1,0,0,0,경기,부천시,차대차,측면충돌,측면충돌,운전자법규위반,신호위반,교차로,교차로내,이륜차,중형,승용차,중형,935390,1945943,126.7689383,37.51050707
2015,2015-10-27 2:35,야,화,1,1,0,0,0,충남,천안시,차대사람,기타,기타,운전자법규위반,안전운전 의무 불이행,단일로,기타단일로,화물차,소형,보행자,보행자,967572,1869357,127.1363897,36.82185398
2015,2015-10-27 4:37,야,화,1,1,0,0,0,서울,구로구,차대사람,횡단중,횡단중,운전자법규위반,안전운전 의무 불이행,교차로,교차로내,승용차,중형,보행자,보행자,947208,1942977,126.9028644,37.4845259
2015,2015-10-27 4:55,야,화,1,1,0,0,0,서울,관악구,차대사람,횡단중,횡단중,운전자법규위반,안전운전 의무 불이행,교차로,교차로부근,승용차,중형,보행자,보행자,951957,1943630,126.9565359,37.49067084
2015,2015-10-27 4:50,야,화,1,1,0,0,0,경기,시흥시,차대사람,기타,기타,운전자법규위반,안전운전 의무 불이행,단일로,기타단일로,화물차,경형,보행자,보행자,939265,1936765,126.8135378,37.42804839
2015,2015-10-27 5:30,야,화,1,1,0,0,0,대전,동구,차대사람,기타,기타,운전자법규위반,안전운전 의무 불이행,단일로,기타단일로,승용차,중형,보행자,보행자,994695,1809008,127.4409308,36.2783423
2015,2015-10-27 12:00,주,화,1,1,0,0,0,전남,고흥군,차대사람,길가장자리구역통행중,길가장자리구역통행중,운전자법규위반,안전운전 의무 불이행,교차로,교차로내,화물차,소형,보행자,보행자,975236,1620023,127.2300107,34.57401775
2015,2015-10-27 15:30,주,화,1,1,0,0,0,인천,강화군,차대사람,횡단중,횡단중,운전자법규위반,안전운전 의무 불이행,단일로,기타단일로,승합차,소형,보행자,보행자,910862,1971640,126.4883041,37.74004671
2015,2015-10-27 16:29,주,화,1,1,0,0,0,충남,보령시,차대사람,횡단중,횡단중,운전자법규위반,안전운전 의무 불이행,단일로,기타단일로,승용차,중형,보행자,보행자,919286,1817760,126.6004226,36.35387392
2015,2015-10-27 18:55,야,화,1,1,0,0,0,대구,달성군,차대사람,횡단중,횡단중,운전자법규위반,안전운전 의무 불이행,교차로,교차로부근,승용차,대형,보행자,보행자,1101840,1756095,128.6270348,35.79601686
2015,2015-10-27 20:30,야,화,1,1,0,0,0,전남,여수시,차대사람,횡단중,횡단중,운전자법규위반,안전운전 의무 불이행,단일로,기타단일로,승용차,중형,보행자,보행자,1016184.9,1641079.2,127.6768593,34.76407129
2015,2015-10-27 21:55,야,화,1,1,0,0,0,경북,포항시,차대사람,횡단중,횡단중,운전자법규위반,안전운전 의무 불이행,단일로,기타단일로,승용차,중형,보행자,보행자,1167720,1781680,129.3612269,36.0175301
2015,2015-10-28 0:30,야,수,1,1,0,0,0,인천,남동구,차대사람,기타,기타,운전자법규위반,중앙선 침범,단일로,기타단일로,승용차,중형,보행자,보행자,930837,1937037,126.7182618,37.42990838
2015,2015-10-28 12:30,주,수,1,1,0,0,0,경북,예천군,차량단독,공작물충돌,공작물충돌,운전자법규위반,안전운전 의무 불이행,교차로,교차로부근,화물차,소형,없음,없음,1084466,1856472,128.4456277,36.70249871
2015,2015-10-28 12:45,주,수,1,1,0,0,0,경남,김해시,차대사람,횡단중,횡단중,운전자법규위반,안전운전 의무 불이행,단일로,기타단일로,화물차,대형,보행자,보행자,1119566,1690242,128.81346,35.20039921
2015,2015-10-28 13:15,주,수,1,1,0,0,0,경남,김해시,차대차,정면충돌,정면충돌,운전자법규위반,안전운전 의무 불이행,교차로,교차로내,건설기계,건설기계,화물차,중형,1125274,1701142,128.8778097,35.29796051
2015,2015-10-28 15:30,주,수,1,1,0,0,0,전북,정읍시,차대사람,기타,기타,운전자법규위반,안전운전 의무 불이행,교차로,교차로부근,화물차,중형,보행자,보행자,937751,1740759,126.81226,35.66106085
2015,2015-10-28 18:07,야,수,1,1,0,0,0,광주,동구,차대사람,횡단중,횡단중,운전자법규위반,안전운전 의무 불이행,기타/불명,기타/불명,이륜차,소형,보행자,보행자,948057,1681790,126.9298722,35.12996918
2015,2015-10-28 19:14,야,수,1,1,0,0,0,경기,성남시,차대사람,기타,기타,운전자법규위반,안전운전 의무 불이행,단일로,기타단일로,화물차,중형,보행자,보행자,970536,1940154,127.166837,37.46011959
2015,2015-10-28 22:37,야,수,1,1,0,0,0,경남,사천시,차대차,기타,기타,운전자법규위반,교차로 통행방법 위반,교차로,교차로내,자전거,자전거,화물차,소형,1054452,1659764,128.0962213,34.93123015
2015,2015-10-28 23:45,야,수,1,1,0,0,0,강원,원주시,차량단독,공작물충돌,공작물충돌,운전자법규위반,안전운전 의무 불이행,교차로,교차로내,승용차,중형,없음,없음,1031825,1931590,127.8594902,37.38284876
2015,2015-10-29 6:28,주,목,1,1,0,0,0,전북,군산시,차대사람,차도통행중,차도통행중,운전자법규위반,안전운전 의무 불이행,단일로,기타단일로,승용차,중형,보행자,보행자,930402,1775427,126.7280531,35.97311578
2015,2015-10-29 8:10,주,목,1,1,0,0,0,경기,부천시,차대사람,횡단중,횡단중,운전자법규위반,보행자 보호의무 위반,교차로,교차로부근,승합차,중형,보행자,보행자,939660,1943548,126.8174466,37.48921001
2015,2015-10-29 9:45,주,목,1,1,0,0,0,강원,양구군,차대차,측면충돌,측면충돌,운전자법규위반,안전운전 의무 불이행,교차로,교차로내,화물차,중형,원동기장치자전거,원동기장치자전거,1045116,2016340,128.0148871,38.14614043
2015,2015-10-29 9:56,주,목,1,1,0,0,0,인천,남동구,차대차,기타,기타,운전자법규위반,안전운전 의무 불이행,단일로,기타단일로,승합차,소형,승합차,중형,930644.1,1939197.6,126.7158785,37.44936724
2015,2015-10-29 10:45,주,목,1,1,0,0,0,경기,안성시,차대차,추돌,주정차중 추돌,운전자법규위반,안전운전 의무 불이행,단일로,기타단일로,승용차,경형,승합차,대형,967004,1897896,127.1287746,37.0790939
2015,2015-10-29 10:00,주,목,1,1,0,0,0,인천,남동구,차대사람,차도통행중,차도통행중,운전자법규위반,안전운전 의무 불이행,교차로,교차로내,화물차,소형,보행자,보행자,929974,1940758,126.7081549,37.46338042
2015,2015-10-29 13:05,주,목,1,1,0,0,0,충남,청양군,차량단독,도로이탈,도로이탈 추락,운전자법규위반,안전운전 의무 불이행,단일로,기타단일로,농기계,농기계,없음,없음,934614,1836038,126.7697008,36.51980585
2015,2015-10-29 17:10,주,목,1,1,0,0,0,서울,노원구,차대사람,횡단중,횡단중,운전자법규위반,안전운전 의무 불이행,단일로,기타단일로,승합차,대형,보행자,보행자,960799,1964773,127.0554219,37.68165603
2015,2015-10-29 17:30,주,목,1,1,0,0,0,충남,논산시,차량단독,도로이탈,도로이탈 추락,운전자법규위반,안전운전 의무 불이행,단일로,기타단일로,농기계,농기계,없음,없음,963420,1786924,127.0937288,36.07856615
2015,2015-10-29 18:40,야,목,1,1,0,0,0,충북,단양군,차대사람,길가장자리구역통행중,길가장자리구역통행중,운전자법규위반,과속,단일로,기타단일로,승용차,중형,보행자,보행자,1070673,1889877,128.2943344,37.00473058
2015,2015-10-29 19:10,야,목,1,1,0,0,0,서울,강동구,차대사람,기타,기타,운전자법규위반,안전운전 의무 불이행,교차로,교차로부근,승용차,중형,보행자,보행자,967435,1948839,127.1313886,37.53829762
2015,2015-10-29 19:58,야,목,1,1,0,0,0,경남,거제시,차대차,측면충돌,측면충돌,운전자법규위반,과속,교차로,교차로부근,승용차,경형,이륜차,중형,1109502,1652976,128.6980137,34.86557973
2015,2015-10-29 20:30,야,목,1,1,0,0,0,충남,천안시,차대사람,기타,기타,운전자법규위반,안전운전 의무 불이행,단일로,기타단일로,승용차,중형,보행자,보행자,963374,1881430,127.088736,36.9305314
2015,2015-10-29 22:04,야,목,1,1,0,0,0,경북,경주시,차대사람,기타,기타,운전자법규위반,안전운전 의무 불이행,단일로,기타단일로,승용차,소형,보행자,보행자,1154137,1763077,129.2069471,35.8521238
2015,2015-10-29 23:40,야,목,1,1,0,0,0,경기,군포시,차대차,추돌,진행중 추돌,운전자법규위반,안전운전 의무 불이행,단일로,기타단일로,화물차,소형,화물차,대형,950310,1925658,126.9391148,37.32859537
2015,2015-10-30 5:50,야,금,1,1,0,0,0,경기,파주시,차대사람,길가장자리구역통행중,길가장자리구역통행중,운전자법규위반,안전운전 의무 불이행,단일로,기타단일로,승합차,대형,보행자,보행자,939156,1983760,126.8083904,37.85159767
2015,2015-10-30 5:28,야,금,1,1,0,0,0,전남,장성군,차량단독,전도전복,전도전복,운전자법규위반,안전운전 의무 불이행,단일로,기타단일로,승용차,소형,없음,없음,935006,1699518,126.7852334,35.28905393
2015,2015-10-30 6:15,주,금,1,1,0,0,0,전남,진도군,차대사람,기타,기타,운전자법규위반,안전운전 의무 불이행,단일로,기타단일로,화물차,소형,보행자,보행자,885345,1621996,126.2498338,34.58570523
2015,2015-10-30 8:48,주,금,1,1,0,0,0,서울,용산구,차대차,기타,기타,운전자법규위반,안전운전 의무 불이행,단일로,기타단일로,승용차,중형,이륜차,소형,953152,1948137,126.9697659,37.53135503
2015,2015-10-30 8:00,주,금,1,1,0,0,0,경남,하동군,차량단독,공작물충돌,공작물충돌,운전자법규위반,안전운전 의무 불이행,단일로,기타단일로,화물차,중형,없음,없음,1027657,1684901,127.803673,35.15898217
2015,2015-10-30 9:10,주,금,1,1,0,0,0,부산,영도구,차대사람,횡단중,횡단중,운전자법규위반,보행자 보호의무 위반,단일로,횡단보도상,승용차,소형,보행자,보행자,1140741,1678030,129.0439221,35.08757485
2015,2015-10-30 9:40,주,금,1,1,0,0,0,부산,강서구,차대사람,기타,기타,운전자법규위반,신호위반,단일로,기타단일로,승용차,중형,보행자,보행자,1134774.049,1691927.678,128.980753,35.213667
2015,2015-10-30 11:15,주,금,1,1,0,0,0,서울,은평구,차대사람,길가장자리구역통행중,길가장자리구역통행중,운전자법규위반,안전운전 의무 불이행,교차로,교차로내,승용차,소형,보행자,보행자,948783,1954639,126.9198648,37.58972591
2015,2015-10-30 15:20,주,금,1,1,0,0,0,경기,이천시,차대차,측면충돌,측면충돌,운전자법규위반,안전거리 미확보,교차로,교차로내,승용차,중형,승용차,경형,1008219,1901669,127.592511,37.11364965
2015,2015-10-30 15:32,주,금,1,1,0,0,0,울산,북구,차대차,측면충돌,측면충돌,운전자법규위반,신호위반,교차로,교차로내,승용차,중형,이륜차,중형,1168629,1732118,129.3608631,35.57074725
2015,2015-10-30 18:47,야,금,1,1,0,0,0,대구,달성군,차대사람,횡단중,횡단중,운전자법규위반,안전운전 의무 불이행,교차로,교차로내,승용차,대형,보행자,보행자,1082342,1750157,128.4106727,35.74431389
2015,2015-10-30 19:15,야,금,1,1,0,0,0,강원,원주시,차대사람,횡단중,횡단중,운전자법규위반,안전운전 의무 불이행,단일로,기타단일로,승용차,중형,보행자,보행자,1039518,1931285,127.9463707,37.37980354
2015,2015-10-30 21:26,야,금,1,1,0,0,0,서울,마포구,차대차,측면충돌,측면충돌,운전자법규위반,안전운전 의무 불이행,단일로,기타단일로,승용차,중형,이륜차,대형,951505,1951003,126.9509362,37.55710165
2015,2015-10-31 13:20,주,토,1,1,0,0,0,충북,단양군,차대사람,횡단중,횡단중,운전자법규위반,안전운전 의무 불이행,단일로,기타단일로,승용차,중형,보행자,보행자,1076919,1880656,128.3635905,36.92112692
2015,2015-10-31 15:20,주,토,1,1,0,0,0,대구,수성구,차대차,측면충돌,측면충돌,운전자법규위반,안전운전 의무 불이행,단일로,기타단일로,건설기계,건설기계,자전거,자전거,1104700,1762429,128.6595101,35.85281298
2015,2015-10-31 17:48,주,토,1,1,0,0,0,전북,익산시,차대사람,횡단중,횡단중,운전자법규위반,안전운전 의무 불이행,단일로,기타단일로,승합차,대형,보행자,보행자,949914,1778620,126.9442579,36.00309947
2015,2015-10-31 18:10,야,토,1,1,0,0,0,충북,진천군,차대사람,횡단중,횡단중,운전자법규위반,신호위반,교차로,교차로내,승용차,소형,보행자,보행자,1001031.4,1874548,127.5115721,36.86920447
2015,2015-10-31 22:20,야,토,1,1,0,0,0,경기,군포시,차대사람,기타,기타,운전자법규위반,안전운전 의무 불이행,단일로,기타단일로,승용차,소형,보행자,보행자,951094,1927429,126.9478471,37.34459989
2015,2015-11-01 1:40,야,일,1,1,0,0,0,서울,구로구,차대사람,횡단중,횡단중,운전자법규위반,보행자 보호의무 위반,단일로,횡단보도상,승용차,중형,보행자,보행자,946286,1944601,126.8923175,37.49911012
2015,2015-11-01 3:00,야,일,1,1,0,0,0,대전,서구,차량단독,공작물충돌,공작물충돌,운전자법규위반,안전운전 의무 불이행,단일로,기타단일로,원동기장치자전거,원동기장치자전거,없음,없음,986600,1816800,127.3506622,36.34851213
2015,2015-11-01 7:15,주,일,1,1,0,0,0,전남,함평군,차량단독,공작물충돌,공작물충돌,운전자법규위반,안전운전 의무 불이행,단일로,기타단일로,이륜차,소형,없음,없음,907305,1674612,126.4834297,35.062324