발생년,발생년월일시분,주야,요일,사망자수,사상자수,중상자수,경상자수,부상신고자수,발생지시도,발생지시군구,사고유형_대분류,사고유형_중분류,사고유형,법규위반_대분류,법규위반,도로형태_대분류,도로형태,가해자_당사자종별_대분류,가해자_당사자종별,피해자_당사자종별_대분류,피해자_당사자종별,발생위치X_UTMK,발생위치Y_UTMK,경도,위도
2015,2015-11-10 18:10,야,화,1,1,0,0,0,전북,군산시,차대사람,길가장자리구역통행중,길가장자리구역통행중,운전자법규위반,안전운전 의무 불이행,단일로,기타단일로,화물차,소형,보행자,보행자,925626,1769622,126.6756287,35.92043073
2015,2015-11-10 20:53,야,화,1,1,0,0,0,전남,순천시,차대차,추돌,주정차중 추돌,운전자법규위반,안전운전 의무 불이행,단일로,기타단일로,이륜차,중형,화물차,중형,998935,1660602,127.4883375,34.94024917
2015,2015-11-10 22:33,야,화,1,1,0,0,0,경남,거창군,차대차,추돌,주정차중 추돌,운전자법규위반,안전운전 의무 불이행,단일로,기타단일로,원동기장치자전거,원동기장치자전거,화물차,소형,1037961,1744614,127.9195915,35.69705175
2015,2015-11-11 13:59,주,수,1,1,0,0,0,대구,북구,차대사람,횡단중,횡단중,운전자법규위반,안전운전 의무 불이행,단일로,기타단일로,화물차,소형,보행자,보행자,1094218,1770913,128.5444486,35.93035698
2015,2015-11-11 17:35,주,수,1,1,0,0,0,부산,강서구,차대사람,횡단중,횡단중,운전자법규위반,보행자 보호의무 위반,단일로,기타단일로,화물차,소형,보행자,보행자,1132226,1692236,128.9528154,35.2167854
2015,2015-11-11 18:20,야,수,1,1,0,0,0,전남,광양시,차대사람,횡단중,횡단중,운전자법규위반,안전운전 의무 불이행,단일로,기타단일로,승용차,대형,보행자,보행자,1004768,1666137,127.5522448,34.99015032
2015,2015-11-11 18:33,야,수,1,1,0,0,0,광주,광산구,차대차,측면충돌,측면충돌,운전자법규위반,안전운전 의무 불이행,교차로,교차로내,화물차,소형,자전거,자전거,932531,1680853,126.7595461,35.12059931
2015,2015-11-11 19:05,야,수,1,1,0,0,0,경남,김해시,차량단독,공작물충돌,공작물충돌,운전자법규위반,안전운전 의무 불이행,단일로,기타단일로,승용차,중형,없음,없음,1129071,1693041,128.9182861,35.22445294
2015,2015-11-11 19:41,야,수,1,1,0,0,0,충남,천안시,차대차,측면충돌,측면충돌,운전자법규위반,안전운전 의무 불이행,단일로,기타단일로,승용차,소형,자전거,자전거,966512,1865232,127.1246858,36.78463208
2015,2015-11-11 20:30,야,수,1,1,0,0,0,충북,음성군,차대차,측면충돌,측면충돌,운전자법규위반,안전운전 의무 불이행,교차로,교차로내,승용차,소형,승용차,경형,999720,1890714,127.4968525,37.01493369
2015,2015-11-11 20:50,야,수,1,1,0,0,0,대전,유성구,차대차,추돌,진행중 추돌,운전자법규위반,안전운전 의무 불이행,교차로,교차로부근,승용차,경형,원동기장치자전거,원동기장치자전거,985496,1818530,127.3383263,36.36409271
2015,2015-11-12 5:55,야,목,1,1,0,0,0,서울,구로구,차대사람,횡단중,횡단중,운전자법규위반,안전운전 의무 불이행,교차로,교차로내,승용차,중형,보행자,보행자,946299,1945449,126.8924026,37.50675403
2015,2015-11-12 6:32,주,목,1,1,0,0,0,경기,화성시,차대사람,차도통행중,차도통행중,운전자법규위반,안전운전 의무 불이행,단일로,기타단일로,승용차,경형,보행자,보행자,954237,1900588,126.9849783,37.10282286
2015,2015-11-12 9:45,주,목,1,1,0,0,0,서울,금천구,차대사람,횡단중,횡단중,운전자법규위반,보행자 보호의무 위반,교차로,교차로내,승용차,대형,보행자,보행자,946962,1939260,126.9003497,37.45100966
2015,2015-11-12 9:10,주,목,1,1,0,0,0,경기,평택시,차량단독,도로이탈,도로이탈 기타,운전자법규위반,안전운전 의무 불이행,기타/불명,기타/불명,승용차,소형,없음,없음,959165,1901589,127.0403823,37.11207376
2015,2015-11-12 13:50,주,목,1,1,0,0,0,강원,횡성군,차대차,측면충돌,측면충돌,운전자법규위반,신호위반,교차로,교차로내,원동기장치자전거,원동기장치자전거,화물차,소형,1040912,1948563,127.9630753,37.53547723
2015,2015-11-12 18:10,야,목,1,1,0,0,0,경북,고령군,차대사람,횡단중,횡단중,운전자법규위반,보행자 보호의무 위반,단일로,횡단보도상,승용차,중형,보행자,보행자,1071110,1746788,128.2861636,35.71481683
2015,2015-11-12 19:00,야,목,1,1,0,0,0,전남,여수시,차대사람,횡단중,횡단중,운전자법규위반,안전운전 의무 불이행,교차로,교차로부근,승합차,소형,보행자,보행자,1011459,1638435,127.6251815,34.74029051
2015,2015-11-12 19:35,야,목,1,1,0,0,0,경북,청도군,차대차,추돌,진행중 추돌,운전자법규위반,안전운전 의무 불이행,단일로,기타단일로,승용차,소형,농기계,농기계,1114059,1733455,128.7590193,35.59059153
2015,2015-11-12 20:29,야,목,1,1,0,0,0,전남,목포시,차대사람,횡단중,횡단중,운전자법규위반,안전운전 의무 불이행,단일로,기타단일로,승용차,소형,보행자,보행자,899140,1646142,126.3973403,34.80485901
2015,2015-11-13 1:40,야,금,1,1,0,0,0,부산,동래구,차대차,측면충돌,측면충돌,운전자법규위반,신호위반,교차로,교차로내,원동기장치자전거,원동기장치자전거,화물차,소형,1146506,1690059,129.1092752,35.19517868
2015,2015-11-13 1:45,야,금,1,1,0,0,0,대전,서구,차대차,측면충돌,측면충돌,운전자법규위반,신호위반,교차로,교차로내,승용차,소형,원동기장치자전거,원동기장치자전거,988238,1817316,127.3689092,36.35318549
2015,2015-11-13 4:43,야,금,1,1,0,0,0,전북,부안군,차대사람,기타,기타,운전자법규위반,안전운전 의무 불이행,단일로,기타단일로,화물차,소형,보행자,보행자,927658,1752266,126.699723,35.76411374
2015,2015-11-13 5:20,야,금,1,1,0,0,0,경기,수원시,차대사람,횡단중,횡단중,운전자법규위반,안전운전 의무 불이행,단일로,기타단일로,승용차,중형,보행자,보행자,955833,1918550,127.001877,37.26480554
2015,2015-11-13 11:35,주,금,1,1,0,0,0,전북,익산시,차대사람,차도통행중,차도통행중,운전자법규위반,안전운전 의무 불이행,교차로,교차로부근,승용차,중형,보행자,보행자,953108,1774771,126.9799242,35.96855741
2015,2015-11-13 12:55,주,금,1,1,0,0,0,제주,서귀포시,차대사람,기타,기타,운전자법규위반,안전운전 의무 불이행,단일로,기타단일로,승합차,소형,보행자,보행자,907818,1474582,126.5103301,33.25863987
2015,2015-11-13 17:00,주,금,1,1,0,0,0,전북,김제시,차량단독,기타,기타,운전자법규위반,안전운전 의무 불이행,단일로,기타단일로,승합차,중형,없음,없음,941236,1758255,126.8494788,35.8190142
2015,2015-11-13 18:45,야,금,1,1,0,0,0,충남,예산군,차대사람,길가장자리구역통행중,길가장자리구역통행중,운전자법규위반,안전운전 의무 불이행,교차로,교차로내,승용차,경형,보행자,보행자,939860,1859935,126.8264177,36.73556664
2015,2015-11-13 18:00,야,금,1,1,0,0,0,전남,완도군,차대사람,기타,기타,운전자법규위반,안전운전 의무 불이행,단일로,기타단일로,화물차,소형,보행자,보행자,919205,1578992,126.6230415,34.20114992
2015,2015-11-13 18:25,야,금,1,1,0,0,0,경남,사천시,차대사람,횡단중,횡단중,운전자법규위반,안전운전 의무 불이행,교차로,교차로내,승용차,경형,보행자,보행자,1052782,1661968,128.0780759,34.95119212
2015,2015-11-13 22:00,야,금,1,1,0,0,0,충남,아산시,차대사람,횡단중,횡단중,운전자법규위반,신호위반,교차로,교차로부근,승용차,중형,보행자,보행자,962097,1871155,127.0749111,36.83785837
2015,2015-11-14 0:06,야,토,1,1,0,0,0,광주,광산구,차대사람,횡단중,횡단중,운전자법규위반,과속,단일로,기타단일로,승용차,소형,보행자,보행자,936679,1687099,126.8045872,35.17718624
2015,2015-11-14 3:30,야,토,1,1,0,0,0,서울,광진구,차대차,추돌,주정차중 추돌,운전자법규위반,안전거리 미확보,단일로,기타단일로,불명,불명,승용차,소형,961986,1950428,127.0696291,37.55241119
2015,2015-11-14 3:05,야,토,1,1,0,0,0,서울,서초구,차대사람,횡단중,횡단중,운전자법규위반,과속,단일로,기타단일로,화물차,중형,보행자,보행자,954170,1942335,126.9816491,37.47911109
2015,2015-11-14 6:05,주,토,1,1,0,0,0,제주,제주시,차대사람,횡단중,횡단중,운전자법규위반,보행자 보호의무 위반,단일로,횡단보도상,승용차,중형,보행자,보행자,909931,1502762,126.5301946,33.5129604
2015,2015-11-14 9:45,주,토,1,1,0,0,0,경북,울진군,차량단독,전도전복,전도전복,운전자법규위반,안전운전 의무 불이행,단일로,기타단일로,농기계,농기계,없음,없음,1170064,1883197,129.4095425,36.93181879
2015,2015-11-14 15:03,주,토,1,1,0,0,0,부산,북구,차량단독,전도전복,전도전복,운전자법규위반,안전운전 의무 불이행,단일로,기타단일로,원동기장치자전거,원동기장치자전거,없음,없음,1137377,1693399,129.0095883,35.22657635
2015,2015-11-14 15:00,주,토,1,1,0,0,0,충남,천안시,차량단독,기타,기타,운전자법규위반,안전운전 의무 불이행,교차로,교차로부근,농기계,농기계,없음,없음,970749,1878955,127.1716423,36.90847861
2015,2015-11-14 15:20,주,토,1,1,0,0,0,경북,구미시,차대차,측면충돌,측면충돌,운전자법규위반,신호위반,교차로,교차로내,이륜차,소형,특수차,소형,1083333,1789563,128.4257627,36.09947106
2015,2015-11-14 16:55,주,토,1,1,0,0,0,경북,안동시,차대사람,기타,기타,운전자법규위반,안전운전 의무 불이행,단일로,기타단일로,승용차,소형,보행자,보행자,1109617,1840943,128.7249331,36.55996786
2015,2015-11-14 17:20,주,토,1,1,0,0,0,경북,상주시,차량단독,전도전복,전도전복,운전자법규위반,안전운전 의무 불이행,단일로,기타단일로,이륜차,소형,없음,없음,1058102,1820206,128.1477612,36.37755566
2015,2015-11-14 17:50,주,토,1,1,0,0,0,경북,구미시,차대사람,횡단중,횡단중,운전자법규위반,안전운전 의무 불이행,단일로,기타단일로,승용차,중형,보행자,보행자,1072445,1806444,128.3063752,36.25252308
2015,2015-11-14 18:13,야,토,1,1,0,0,0,대전,서구,차대차,추돌,진행중 추돌,운전자법규위반,안전운전 의무 불이행,단일로,기타단일로,승용차,중형,농기계,농기계,987924,1812311,127.3654872,36.30805942
2015,2015-11-15 1:20,야,일,1,1,0,0,0,광주,서구,차대사람,차도통행중,차도통행중,운전자법규위반,신호위반,교차로,교차로내,승용차,중형,보행자,보행자,941508,1682097,126.8579723,35.13237785
2015,2015-11-15 2:45,야,일,1,1,0,0,0,전북,부안군,차량단독,공작물충돌,공작물충돌,운전자법규위반,안전운전 의무 불이행,단일로,기타단일로,승용차,소형,없음,없음,936528,1747758,126.7981963,35.72408402
2015,2015-11-15 13:40,주,일,1,1,0,0,0,경북,문경시,차대차,기타,기타,운전자법규위반,안전운전 의무 불이행,교차로,교차로내,화물차,중형,이륜차,중형,1054835,1858229,128.1140458,36.72050964
2015,2015-11-15 13:15,주,일,1,1,0,0,0,대전,동구,차대사람,차도통행중,차도통행중,운전자법규위반,안전운전 의무 불이행,단일로,기타단일로,승용차,중형,보행자,보행자,1000380,1817132,127.5042351,36.35159848
2015,2015-11-15 14:45,주,일,1,1,0,0,0,전남,신안군,차량단독,기타,기타,운전자법규위반,안전운전 의무 불이행,단일로,기타단일로,화물차,소형,없음,없음,901692,1663924,126.4231462,34.96543142
2015,2015-11-15 17:55,주,일,1,1,0,0,0,전남,나주시,차대차,추돌,주정차중 추돌,운전자법규위반,안전운전 의무 불이행,단일로,기타단일로,화물차,소형,승용차,중형,938054,1666782,126.8212064,34.99408014
2015,2015-11-15 17:55,주,일,1,1,0,0,0,경남,사천시,차대사람,횡단중,횡단중,운전자법규위반,안전운전 의무 불이행,단일로,횡단보도부근,승용차,대형,보행자,보행자,1054880,1660910,128.1009828,34.94154059
2015,2015-11-15 19:35,야,일,1,1,0,0,0,서울,구로구,차대사람,기타,기타,운전자법규위반,안전운전 의무 불이행,단일로,기타단일로,승용차,중형,보행자,보행자,946016,1944099,126.8892999,37.49456976
2015,2015-11-16 5:55,야,월,1,1,0,0,0,부산,해운대구,차대차,추돌,진행중 추돌,운전자법규위반,안전운전 의무 불이행,단일로,교량위,승용차,중형,자전거,자전거,1148806,1686462,129.1338811,35.1624188
2015,2015-11-16 5:40,야,월,1,1,0,0,0,인천,남구,차대차,측면충돌,측면충돌,운전자법규위반,중앙선 침범,교차로,교차로내,자전거,자전거,승합차,대형,927494,1940229,126.680166,37.45842141
2015,2015-11-16 7:13,주,월,1,1,0,0,0,울산,북구,차량단독,공작물충돌,공작물충돌,운전자법규위반,안전운전 의무 불이행,단일로,기타단일로,이륜차,중형,없음,없음,1165812,1738182,129.3310358,35.6258714
2015,2015-11-16 13:10,주,월,1,1,0,0,0,충북,보은군,차대차,정면충돌,정면충돌,운전자법규위반,중앙선 침범,단일로,기타단일로,자전거,자전거,화물차,소형,1019831,1832682,127.7214146,36.49158116
2015,2015-11-16 13:00,주,월,1,1,0,0,0,인천,남동구,차대차,추돌,진행중 추돌,운전자법규위반,신호위반,교차로,교차로내,승용차,중형,이륜차,소형,930653,1933948,126.7164723,37.4020536
2015,2015-11-16 17:45,주,월,1,1,0,0,0,인천,계양구,차대사람,횡단중,횡단중,운전자법규위반,안전운전 의무 불이행,교차로,교차로내,승용차,중형,보행자,보행자,930777,1947785,126.716573,37.52677407
2015,2015-11-16 23:35,야,월,1,1,0,0,0,전남,고흥군,차량단독,공작물충돌,공작물충돌,운전자법규위반,안전운전 의무 불이행,단일로,기타단일로,화물차,소형,없음,없음,982071,1622747,127.3044712,34.59872487
2015,2015-11-17 0:44,야,화,1,1,0,0,0,서울,서초구,차대사람,횡단중,횡단중,운전자법규위반,안전운전 의무 불이행,단일로,기타단일로,승합차,소형,보행자,보행자,955781,1944701,126.9997271,37.50051518
2015,2015-11-17 2:20,야,화,1,1,0,0,0,대전,대덕구,차대사람,기타,기타,운전자법규위반,안전운전 의무 불이행,단일로,기타단일로,화물차,대형,보행자,보행자,993372.3,1817968,127.4261268,36.3591126
2015,2015-11-17 6:30,주,화,1,1,0,0,0,전남,여수시,차대사람,횡단중,횡단중,운전자법규위반,안전운전 의무 불이행,단일로,기타단일로,승용차,대형,보행자,보행자,1018236,1641516,127.6992819,34.76797562
2015,2015-11-17 12:45,주,화,1,1,0,0,0,경기,화성시,차량단독,공작물충돌,공작물충돌,운전자법규위반,안전운전 의무 불이행,단일로,기타단일로,승용차,중형,없음,없음,944889,1911011,126.8790123,37.19626878
2015,2015-11-17 14:50,주,화,1,1,0,0,0,강원,정선군,차량단독,공작물충돌,공작물충돌,운전자법규위반,안전운전 의무 불이행,단일로,기타단일로,화물차,소형,없음,없음,1119169,1943150,128.8478233,37.4799058
2015,2015-11-17 17:50,주,화,1,1,0,0,0,충북,보은군,차대사람,차도통행중,차도통행중,운전자법규위반,안전운전 의무 불이행,단일로,기타단일로,화물차,소형,보행자,보행자,1021423,1833189,127.7392033,36.49611751
2015,2015-11-17 18:43,야,화,1,1,0,0,0,부산,금정구,차대사람,보도통행중,보도통행중,운전자법규위반,보행자 보호의무 위반,단일로,기타단일로,승용차,중형,보행자,보행자,1144916,1695721,129.0928132,35.2464446
2015,2015-11-17 18:40,야,화,1,1,0,0,0,경북,포항시,차대사람,횡단중,횡단중,운전자법규위반,안전운전 의무 불이행,단일로,기타단일로,화물차,중형,보행자,보행자,1167792,1781632,129.3620153,36.01708516
2015,2015-11-17 21:15,야,화,1,1,0,0,0,전북,정읍시,차대차,추돌,진행중 추돌,운전자법규위반,안전운전 의무 불이행,단일로,기타단일로,화물차,중형,승용차,경형,939593,1731889,126.8332737,35.58120431
2015,2015-11-17 22:53,야,화,1,1,0,0,0,경북,포항시,차대차,추돌,주정차중 추돌,운전자법규위반,안전운전 의무 불이행,단일로,기타단일로,원동기장치자전거,원동기장치자전거,특수차,대형,1168988,1779478,129.3748214,35.99746851
2015,2015-11-17 23:20,야,화,1,1,0,0,0,경기,안산시,차대사람,횡단중,횡단중,운전자법규위반,안전운전 의무 불이행,단일로,기타단일로,승용차,중형,보행자,보행자,941535,1924176,126.8401876,37.31472662
2015,2015-11-17 23:30,야,화,1,1,0,0,0,경남,창원시(통합),차대차,추돌,주정차중 추돌,운전자법규위반,기타(운전자법규위반),교차로,교차로부근,승용차,중형,승용차,경형,1109975,1683696,128.7072497,35.14248279
2015,2015-11-18 1:30,야,수,1,1,0,0,0,전남,장흥군,차량단독,공작물충돌,공작물충돌,운전자법규위반,안전운전 의무 불이행,단일로,기타단일로,화물차,소형,없음,없음,944477,1611968,126.8951984,34.50017843
2015,2015-11-18 6:50,주,수,1,1,0,0,0,전북,전주시,차대사람,횡단중,횡단중,운전자법규위반,안전운전 의무 불이행,교차로,교차로부근,승용차,중형,보행자,보행자,968446,1760017,127.1506184,35.83615317
2015,2015-11-18 7:00,주,수,1,1,0,0,0,경기,평택시,차대사람,횡단중,횡단중,운전자법규위반,보행자 보호의무 위반,단일로,기타단일로,승용차,대형,보행자,보행자,964583,1889908,127.1019135,37.00700052
2015,2015-11-18 10:20,주,수,1,1,0,0,0,제주,제주시,차대차,정면충돌,정면충돌,운전자법규위반,안전운전 의무 불이행,단일로,기타단일로,화물차,대형,이륜차,소형,890962,1492328,126.3272506,33.41710145
2015,2015-11-18 17:55,주,수,1,1,0,0,0,전북,남원시,차대사람,횡단중,횡단중,운전자법규위반,안전운전 의무 불이행,교차로,교차로부근,화물차,소형,보행자,보행자,1008850,1719316,127.5975451,35.46964244
2015,2015-11-18 20:40,야,수,1,1,0,0,0,충남,보령시,차대사람,길가장자리구역통행중,길가장자리구역통행중,운전자법규위반,안전운전 의무 불이행,단일로,기타단일로,승용차,중형,보행자,보행자,921034,1799305,126.6217675,36.18765693
2015,2015-11-18 20:56,야,수,1,1,0,0,0,광주,광산구,차대사람,횡단중,횡단중,운전자법규위반,과속,단일로,기타단일로,승용차,경형,보행자,보행자,940731,1690341,126.8488518,35.20666527
2015,2015-11-18 22:20,야,수,1,1,0,0,0,충북,청주시,차대사람,횡단중,횡단중,운전자법규위반,안전운전 의무 불이행,교차로,교차로부근,승용차,경형,보행자,보행자,984743,1846030,127.32939,36.61199815
2015,2015-11-19 0:18,야,목,1,1,0,0,0,서울,종로구,차대사람,기타,기타,운전자법규위반,안전운전 의무 불이행,단일로,기타단일로,승용차,중형,보행자,보행자,954541,1953139,126.9851762,37.57650869
2015,2015-11-19 0:30,야,목,1,1,0,0,0,부산,부산진구,차대사람,횡단중,횡단중,운전자법규위반,안전운전 의무 불이행,단일로,기타단일로,승용차,중형,보행자,보행자,1141887,1685727,129.0578102,35.15679429
2015,2015-11-19 0:32,야,목,1,1,0,0,0,전남,여수시,차량단독,공작물충돌,공작물충돌,운전자법규위반,안전운전 의무 불이행,교차로,교차로내,승용차,중형,없음,없음,1015971,1649521,127.6746825,34.84020023
2015,2015-11-19 4:55,야,목,1,1,0,0,0,서울,노원구,차대사람,횡단중,횡단중,운전자법규위반,안전운전 의무 불이행,단일로,기타단일로,승용차,중형,보행자,보행자,962106,1959141,127.0705366,37.63094878
2015,2015-11-19 4:27,야,목,1,1,0,0,0,서울,서초구,차대사람,보도통행중,보도통행중,운전자법규위반,신호위반,단일로,기타단일로,승용차,대형,보행자,보행자,955682,1942401,126.9987457,37.47977976
2015,2015-11-19 5:05,야,목,1,1,0,0,0,경남,거제시,차량단독,전도전복,전도전복,운전자법규위반,안전운전 의무 불이행,단일로,기타단일로,승용차,경형,없음,없음,1109066,1668146,128.6952271,35.0023929
2015,2015-11-19 7:35,주,목,1,1,0,0,0,서울,성북구,차대사람,길가장자리구역통행중,길가장자리구역통행중,운전자법규위반,안전운전 의무 불이행,교차로,교차로내,화물차,중형,보행자,보행자,956825,1956016,127.010872,37.60254963
2015,2015-11-19 12:35,주,목,1,1,0,0,0,전남,나주시,차량단독,전도전복,전도전복,운전자법규위반,안전운전 의무 불이행,단일로,기타단일로,승용차,경형,없음,없음,921440,1658711,126.63993,34.92015376
2015,2015-11-19 15:10,주,목,1,1,0,0,0,대전,유성구,차대사람,횡단중,횡단중,운전자법규위반,신호위반,단일로,횡단보도상,승용차,중형,보행자,보행자,986270,1820776,127.3469142,36.38435254
2015,2015-11-19 17:15,주,목,1,1,0,0,0,전남,장흥군,차대사람,길가장자리구역통행중,길가장자리구역통행중,운전자법규위반,안전운전 의무 불이행,단일로,터널안,승용차,중형,보행자,보행자,948735,1636674,126.9400842,34.72318771
2015,2015-11-19 18:00,야,목,1,1,0,0,0,경북,성주군,차대차,추돌,진행중 추돌,운전자법규위반,안전운전 의무 불이행,기타/불명,기타/불명,승용차,중형,농기계,농기계,1072630,1769367,128.305019,35.91826302
2015,2015-11-19 18:40,야,목,1,1,0,0,0,경남,밀양시,차량단독,전도전복,전도전복,운전자법규위반,안전운전 의무 불이행,단일로,기타단일로,승용차,경형,없음,없음,1104503,1718132,128.651582,35.45351295
2015,2015-11-20 0:00,야,금,1,1,0,0,0,경기,평택시,차대사람,횡단중,횡단중,운전자법규위반,안전운전 의무 불이행,단일로,기타단일로,승용차,경형,보행자,보행자,948065,1896438,126.9158081,37.06509343
2015,2015-11-20 4:10,야,금,1,1,0,0,0,대전,중구,차량단독,공작물충돌,공작물충돌,운전자법규위반,안전운전 의무 불이행,단일로,횡단보도부근,승합차,경형,없음,없음,991972,1812504,127.4105752,36.30984163
2015,2015-11-20 5:49,야,금,1,1,0,0,0,서울,중랑구,차량단독,공작물충돌,공작물충돌,운전자법규위반,안전운전 의무 불이행,단일로,기타단일로,자전거,자전거,없음,없음,965355.7,1955763.4,127.1075256,37.60063384
2015,2015-11-20 5:25,야,금,1,1,0,0,0,경기,성남시,차량단독,공작물충돌,공작물충돌,운전자법규위반,안전운전 의무 불이행,단일로,기타단일로,승용차,중형,없음,없음,967950,1936500,127.1377552,37.42709794
2015,2015-11-20 5:54,야,금,1,1,0,0,0,충북,청주시,차대사람,횡단중,횡단중,운전자법규위반,신호위반,교차로,교차로부근,승용차,중형,보행자,보행자,992922,1855349,127.4207647,36.69610429
2015,2015-11-20 10:55,주,금,1,1,0,0,0,경북,경주시,차대차,기타,기타,운전자법규위반,중앙선 침범,단일로,기타단일로,원동기장치자전거,원동기장치자전거,화물차,소형,1155683,1764951,129.2244267,35.868768
2015,2015-11-20 11:15,주,금,1,1,0,0,0,서울,중랑구,차대사람,횡단중,횡단중,운전자법규위반,안전운전 의무 불이행,교차로,교차로부근,승용차,중형,보행자,보행자,964079,1953551,127.0931712,37.58064383
2015,2015-11-20 17:30,주,금,1,1,0,0,0,서울,강서구,차대사람,보도통행중,보도통행중,운전자법규위반,기타(운전자법규위반),단일로,기타단일로,승용차,중형,보행자,보행자,942677,1952201,126.8508967,37.56739212
2015,2015-11-20 17:58,주,금,1,1,0,0,0,강원,춘천시,차대사람,횡단중,횡단중,운전자법규위반,안전운전 의무 불이행,단일로,기타단일로,승용차,중형,보행자,보행자,1008709,1981507,127.5989707,37.83328049
2015,2015-11-20 18:00,야,금,1,1,0,0,0,경남,사천시,차대사람,횡단중,횡단중,운전자법규위반,안전운전 의무 불이행,교차로,교차로내,승용차,소형,보행자,보행자,1042631,1670549,127.967344,35.02904653
2015,2015-11-20 19:10,야,금,1,1,0,0,0,부산,기장군,차대사람,횡단중,횡단중,운전자법규위반,안전운전 의무 불이행,교차로,교차로내,승용차,중형,보행자,보행자,1159761,1700740,129.2568903,35.28942274
2015,2015-11-20 19:20,야,금,1,1,0,0,0,전남,무안군,차량단독,전도전복,전도전복,운전자법규위반,안전운전 의무 불이행,교차로,교차로부근,이륜차,소형,없음,없음,906721,1667675,126.477805,34.99972648
2015,2015-11-20 19:37,야,금,1,1,0,0,0,전남,무안군,차대사람,길가장자리구역통행중,길가장자리구역통행중,운전자법규위반,안전운전 의무 불이행,단일로,기타단일로,승용차,중형,보행자,보행자,901231,1650677,126.4196629,34.84595197
2015,2015-11-20 23:15,야,금,1,1,0,0,0,전북,김제시,차대사람,횡단중,횡단중,운전자법규위반,안전운전 의무 불이행,단일로,기타단일로,승용차,경형,보행자,보행자,947072,1761707,126.9138516,35.85046873
2015,2015-11-21 10:59,주,토,1,1,0,0,0,전북,김제시,차대차,정면충돌,정면충돌,운전자법규위반,부당한 회전,교차로,교차로내,승용차,중형,원동기장치자전거,원동기장치자전거,944477,1757183,126.8854295,35.80953817
2015,2015-11-21 15:20,주,토,1,1,0,0,0,경남,진주시,차량단독,전도전복,전도전복,운전자법규위반,안전운전 의무 불이행,단일로,기타단일로,화물차,소형,없음,없음,1061870,1689885,128.1796876,35.20239671
2015,2015-11-21 17:40,주,토,1,1,0,0,0,경북,상주시,차대사람,차도통행중,차도통행중,운전자법규위반,안전운전 의무 불이행,단일로,기타단일로,승용차,중형,보행자,보행자,1047941,1820946,128.0345299,36.38478727
2015,2015-11-21 17:35,주,토,1,1,0,0,0,경북,영천시,차대사람,횡단중,횡단중,운전자법규위반,안전운전 의무 불이행,단일로,기타단일로,승용차,경형,보행자,보행자,1136040,1778778,129.0092905,35.99631546
2015,2015-11-21 18:20,야,토,1,1,0,0,0,충남,당진시,차대차,측면충돌,측면충돌,운전자법규위반,중앙선 침범,단일로,기타단일로,화물차,대형,승용차,대형,936128,1883307,126.7826563,36.94599714
2015,2015-11-21 19:55,야,토,1,1,0,0,0,강원,영월군,차대사람,횡단중,횡단중,운전자법규위반,안전운전 의무 불이행,단일로,횡단보도상,승용차,중형,보행자,보행자,1086788,1908806,128.4776275,37.17398705
2015,2015-11-21 19:00,야,토,1,1,0,0,0,전남,나주시,차대차,정면충돌,정면충돌,운전자법규위반,중앙선 침범,단일로,기타단일로,원동기장치자전거,원동기장치자전거,승용차,중형,927438,1664973,126.705045,34.97706302
2015,2015-11-21 19:25,야,토,1,1,0,0,0,인천,남동구,차대사람,횡단중,횡단중,운전자법규위반,보행자 보호의무 위반,교차로,교차로내,화물차,대형,보행자,보행자,930892,1939194,126.7186813,37.44935335
2015,2015-11-21 21:15,야,토,1,1,0,0,0,충남,보령시,차대사람,기타,기타,운전자법규위반,안전운전 의무 불이행,단일로,기타단일로,승용차,경형,보행자,보행자,914920,1817081,126.5518425,36.34737708
2015,2015-11-22 6:00,주,일,1,1,0,0,0,강원,양양군,차대사람,횡단중,횡단중,운전자법규위반,안전운전 의무 불이행,교차로,교차로내,화물차,소형,보행자,보행자,1099425,2012772,128.6341104,38.10963782
2015,2015-11-22 6:54,주,일,1,1,0,0,0,강원,양양군,차대사람,횡단중,횡단중,운전자법규위반,신호위반,단일로,횡단보도상,승용차,대형,보행자,보행자,1099067,2013389,128.6301132,38.11523693
2015,2015-11-22 6:30,주,일,1,1,0,0,0,경남,창원시(통합),차량단독,전도전복,전도전복,운전자법규위반,안전운전 의무 불이행,단일로,기타단일로,원동기장치자전거,원동기장치자전거,없음,없음,1097781,1690855,128.5742612,35.20828502
2015,2015-11-22 10:45,주,일,1,1,0,0,0,대구,북구,차대사람,횡단중,횡단중,운전자법규위반,안전운전 의무 불이행,단일로,기타단일로,승용차,경형,보행자,보행자,1101267,1768104,128.6222191,35.90433051
2015,2015-11-22 13:05,주,일,1,1,0,0,0,경북,청도군,차량단독,공작물충돌,공작물충돌,운전자법규위반,안전운전 의무 불이행,단일로,기타단일로,승용차,소형,없음,없음,1114313,1737217,128.7623551,35.62447416
2015,2015-11-22 18:30,야,일,1,1,0,0,0,충남,서천군,차대사람,길가장자리구역통행중,길가장자리구역통행중,운전자법규위반,안전운전 의무 불이행,단일로,기타단일로,화물차,소형,보행자,보행자,937211,1787874,126.8025815,36.08579042
2015,2015-11-22 20:19,야,일,1,1,0,0,0,경기,화성시,차대차,추돌,진행중 추돌,운전자법규위반,안전운전 의무 불이행,단일로,기타단일로,승합차,소형,이륜차,소형,950995,1913513,126.9476469,37.2191617