발생년,발생년월일시분,주야,요일,사망자수,사상자수,중상자수,경상자수,부상신고자수,발생지시도,발생지시군구,사고유형_대분류,사고유형_중분류,사고유형,법규위반_대분류,법규위반,도로형태_대분류,도로형태,가해자_당사자종별_대분류,가해자_당사자종별,피해자_당사자종별_대분류,피해자_당사자종별,발생위치X_UTMK,발생위치Y_UTMK,경도,위도
2015,2015-11-22 22:15,야,일,1,1,0,0,0,부산,강서구,차량단독,전도전복,전도전복,운전자법규위반,안전거리 미확보,단일로,기타단일로,이륜차,소형,없음,없음,1123158,1683469,128.8518982,35.13890846
2015,2015-11-22 23:41,야,일,1,1,0,0,0,경북,의성군,차대사람,차도통행중,차도통행중,운전자법규위반,안전운전 의무 불이행,단일로,기타단일로,승용차,중형,보행자,보행자,1083847,1820494,128.4347861,36.37825075
2015,2015-11-23 1:20,야,월,1,1,0,0,0,경기,고양시,차대차,추돌,주정차중 추돌,운전자법규위반,안전운전 의무 불이행,단일로,기타단일로,승용차,경형,화물차,중형,941192,1958173,126.8336024,37.62112357
2015,2015-11-23 1:30,야,월,1,1,0,0,0,대전,서구,차량단독,공작물충돌,공작물충돌,운전자법규위반,안전운전 의무 불이행,단일로,기타단일로,승용차,중형,없음,없음,989908,1816088,127.3875377,36.34213355
2015,2015-11-23 4:10,야,월,1,1,0,0,0,경기,수원시,차대차,추돌,진행중 추돌,운전자법규위반,안전운전 의무 불이행,교차로,교차로부근,승용차,중형,승용차,중형,959815,1916373,127.0469029,37.24536302
2015,2015-11-23 4:50,야,월,1,1,0,0,0,인천,부평구,차대차,기타,기타,운전자법규위반,안전운전 의무 불이행,단일로,기타단일로,승용차,중형,자전거,자전거,930183,1946682,126.7099559,37.51678819
2015,2015-11-23 6:00,주,월,1,1,0,0,0,전남,나주시,차량단독,공작물충돌,공작물충돌,운전자법규위반,안전운전 의무 불이행,단일로,기타단일로,원동기장치자전거,원동기장치자전거,없음,없음,922538,1669268,126.6509681,35.01542541
2015,2015-11-23 8:20,주,월,1,1,0,0,0,서울,양천구,차대사람,횡단중,횡단중,운전자법규위반,안전운전 의무 불이행,교차로,교차로내,승용차,대형,보행자,보행자,941409,1947252,126.8369345,37.522707
2015,2015-11-23 9:17,주,월,1,1,0,0,0,제주,제주시,차대사람,횡단중,횡단중,운전자법규위반,안전운전 의무 불이행,단일로,기타단일로,화물차,소형,보행자,보행자,913746,1498143,126.571712,33.47161881
2015,2015-11-23 15:00,주,월,1,1,0,0,0,대구,수성구,차대사람,횡단중,횡단중,운전자법규위반,안전운전 의무 불이행,교차로,교차로내,승용차,대형,보행자,보행자,1103421,1758568,128.6448481,35.81814428
2015,2015-11-23 17:22,주,월,1,1,0,0,0,부산,부산진구,차대사람,횡단중,횡단중,운전자법규위반,안전운전 의무 불이행,단일로,횡단보도부근,승합차,경형,보행자,보행자,1139120,1685837,129.0274589,35.1581726
2015,2015-11-23 17:30,주,월,1,1,0,0,0,전남,완도군,차대사람,기타,기타,운전자법규위반,안전운전 의무 불이행,단일로,기타단일로,화물차,소형,보행자,보행자,947580,1599878,126.9297387,34.39131568
2015,2015-11-23 18:00,야,월,1,1,0,0,0,전남,고흥군,차대차,추돌,진행중 추돌,운전자법규위반,안전운전 의무 불이행,단일로,기타단일로,화물차,소형,농기계,농기계,978098,1631906,127.2609062,34.68124267
2015,2015-11-23 19:20,야,월,1,1,0,0,0,충남,서천군,차대사람,횡단중,횡단중,운전자법규위반,안전운전 의무 불이행,교차로,교차로내,화물차,소형,보행자,보행자,931161,1780743,126.7360088,36.02109415
2015,2015-11-23 19:20,야,월,1,1,0,0,0,경남,양산시,차대사람,횡단중,횡단중,운전자법규위반,안전운전 의무 불이행,단일로,기타단일로,이륜차,소형,보행자,보행자,1139678,1707222,129.0372193,35.35085565
2015,2015-11-24 3:35,야,화,1,1,0,0,0,전북,전주시,차대사람,횡단중,횡단중,운전자법규위반,안전운전 의무 불이행,단일로,기타단일로,승용차,경형,보행자,보행자,971862.5,1761727.5,127.1883868,35.85167914
2015,2015-11-24 4:50,야,화,1,1,0,0,0,경기,부천시,차대사람,횡단중,횡단중,운전자법규위반,안전운전 의무 불이행,교차로,교차로부근,승합차,소형,보행자,보행자,938566,1947417,126.804749,37.52400914
2015,2015-11-24 6:55,주,화,1,1,0,0,0,강원,동해시,차대사람,횡단중,횡단중,운전자법규위반,보행자 보호의무 위반,단일로,기타단일로,화물차,소형,보행자,보행자,1141513,1950354,129.1018417,37.54166215
2015,2015-11-24 6:45,주,화,1,1,0,0,0,경북,김천시,차대사람,횡단중,횡단중,운전자법규위반,안전운전 의무 불이행,단일로,기타단일로,승용차,경형,보행자,보행자,1055701,1794714,128.119178,36.14788696
2015,2015-11-24 10:09,주,화,1,1,0,0,0,전북,김제시,차대차,추돌,진행중 추돌,운전자법규위반,안전운전 의무 불이행,단일로,기타단일로,화물차,소형,자전거,자전거,940375,1762367,126.8396409,35.85603434
2015,2015-11-24 17:15,주,화,1,1,0,0,0,인천,연수구,차대차,추돌,진행중 추돌,운전자법규위반,안전운전 의무 불이행,단일로,기타단일로,화물차,소형,건설기계,건설기계,925635,1933451,126.6598311,37.39718493
2015,2015-11-24 21:50,야,화,1,1,0,0,0,경기,화성시,차대사람,횡단중,횡단중,운전자법규위반,안전운전 의무 불이행,단일로,기타단일로,승용차,중형,보행자,보행자,965589,1912361,127.1121901,37.20943056
2015,2015-11-24 22:00,야,화,1,1,0,0,0,제주,제주시,차대차,기타,기타,운전자법규위반,안전운전 의무 불이행,단일로,기타단일로,승용차,대형,승용차,대형,899184,1499546,126.4148569,33.48299854
2015,2015-11-25 0:20,야,수,1,1,0,0,0,서울,영등포구,차대사람,횡단중,횡단중,운전자법규위반,보행자 보호의무 위반,단일로,횡단보도상,승용차,중형,보행자,보행자,949756,1946786,126.9314235,37.51899939
2015,2015-11-25 1:20,야,수,1,1,0,0,0,광주,서구,차량단독,공작물충돌,공작물충돌,운전자법규위반,안전운전 의무 불이행,교차로,교차로부근,승용차,중형,없음,없음,943485,1682730,126.879628,35.13819844
2015,2015-11-25 2:20,야,수,1,1,0,0,0,서울,은평구,차대사람,횡단중,횡단중,운전자법규위반,안전운전 의무 불이행,교차로,교차로부근,승용차,중형,보행자,보행자,949654.7,1956967.4,126.9295779,37.61076005
2015,2015-11-25 3:35,야,수,1,1,0,0,0,경기,오산시,차량단독,공작물충돌,공작물충돌,운전자법규위반,안전운전 의무 불이행,단일로,기타단일로,승용차,대형,없음,없음,962055,1904159,127.0727796,37.13536134
2015,2015-11-25 6:30,주,수,1,1,0,0,0,경기,평택시,차대차,기타,기타,운전자법규위반,안전운전 의무 불이행,단일로,기타단일로,화물차,중형,자전거,자전거,966268,1891748,127.1207701,37.02364868
2015,2015-11-25 6:05,주,수,1,1,0,0,0,경북,구미시,차대사람,횡단중,횡단중,운전자법규위반,안전운전 의무 불이행,기타/불명,기타/불명,화물차,소형,보행자,보행자,1075989,1791260,128.3443488,36.11537172
2015,2015-11-25 10:35,주,수,1,1,0,0,0,경북,영천시,차대차,정면충돌,정면충돌,운전자법규위반,중앙선 침범,단일로,기타단일로,승용차,경형,특수차,대형,1119285,1776993,128.8231818,35.98242089
2015,2015-11-25 14:40,주,수,1,1,0,0,0,부산,금정구,차대사람,기타,기타,운전자법규위반,보행자 보호의무 위반,교차로,교차로부근,승용차,경형,보행자,보행자,1144879,1693987,129.0921011,35.23082038
2015,2015-11-25 17:45,주,수,1,1,0,0,0,충북,음성군,차대차,추돌,진행중 추돌,운전자법규위반,안전운전 의무 불이행,단일로,기타단일로,승용차,중형,자전거,자전거,1004632,1880775,127.5520081,36.92532748
2015,2015-11-25 19:50,야,수,1,1,0,0,0,경기,성남시,차대사람,횡단중,횡단중,운전자법규위반,안전운전 의무 불이행,기타/불명,기타/불명,승용차,중형,보행자,보행자,967474,1937301,127.1323401,37.43430121
2015,2015-11-25 21:30,야,수,1,1,0,0,0,서울,영등포구,차대사람,기타,기타,운전자법규위반,안전운전 의무 불이행,단일로,기타단일로,승용차,중형,보행자,보행자,946926,1948132,126.8993026,37.53097256
2015,2015-11-25 23:53,야,수,1,1,0,0,0,경북,칠곡군,차량단독,전도전복,전도전복,운전자법규위반,안전운전 의무 불이행,단일로,기타단일로,승용차,소형,없음,없음,1093074,1789011,128.5338971,36.09361028
2015,2015-11-26 3:50,야,목,1,1,0,0,0,제주,서귀포시,차량단독,공작물충돌,공작물충돌,운전자법규위반,안전운전 의무 불이행,단일로,기타단일로,승용차,중형,없음,없음,931181,1492198,126.7597922,33.41926418
2015,2015-11-26 6:55,주,목,1,1,0,0,0,서울,송파구,차대차,추돌,주정차중 추돌,운전자법규위반,안전운전 의무 불이행,단일로,기타단일로,화물차,소형,건설기계,건설기계,962121,1945498,127.0714118,37.50798085
2015,2015-11-26 8:55,주,목,1,1,0,0,0,경남,통영시,차대사람,횡단중,횡단중,운전자법규위반,중앙선 침범,단일로,기타단일로,승용차,경형,보행자,보행자,1084394,1650316,128.4230864,34.8439919
2015,2015-11-26 17:40,주,목,1,1,0,0,0,경기,김포시,차대사람,횡단중,횡단중,운전자법규위반,안전운전 의무 불이행,단일로,기타단일로,승합차,소형,보행자,보행자,918066,1967300,126.5705464,37.70160741
2015,2015-11-26 17:50,주,목,1,1,0,0,0,경기,군포시,차대사람,횡단중,횡단중,운전자법규위반,신호위반,단일로,횡단보도상,승용차,대형,보행자,보행자,950627,1930601,126.9423634,37.37316584
2015,2015-11-26 17:45,주,목,1,1,0,0,0,강원,동해시,차대사람,길가장자리구역통행중,길가장자리구역통행중,운전자법규위반,보행자 보호의무 위반,단일로,횡단보도상,화물차,중형,보행자,보행자,1143103,1947045,129.1191883,37.51160253
2015,2015-11-26 17:48,주,목,1,1,0,0,0,경북,영천시,차대사람,횡단중,횡단중,운전자법규위반,안전운전 의무 불이행,단일로,기타단일로,승용차,중형,보행자,보행자,1132869,1782316,128.9747145,36.02864064
2015,2015-11-26 18:40,야,목,1,1,0,0,0,강원,양구군,차대차,추돌,진행중 추돌,운전자법규위반,안전거리 미확보,단일로,기타단일로,승용차,소형,농기계,농기계,1043206,2013472,127.9929161,38.1203865
2015,2015-11-26 18:15,야,목,1,1,0,0,0,경북,안동시,차대사람,기타,기타,운전자법규위반,안전운전 의무 불이행,단일로,기타단일로,승용차,중형,보행자,보행자,1113127,1846855,128.7650169,36.61284248
2015,2015-11-26 18:40,야,목,1,1,0,0,0,경북,구미시,차대사람,기타,기타,운전자법규위반,안전운전 의무 불이행,교차로,교차로내,화물차,소형,보행자,보행자,1072391,1805843,128.3057186,36.24710931
2015,2015-11-26 18:10,야,목,1,1,0,0,0,인천,서구,차대차,측면충돌,측면충돌,운전자법규위반,신호위반,교차로,교차로내,승합차,대형,원동기장치자전거,원동기장치자전거,926889.7,1946333.9,126.6727272,37.51339573
2015,2015-11-26 19:50,야,목,1,1,0,0,0,충북,음성군,차대사람,기타,기타,운전자법규위반,안전운전 의무 불이행,단일로,기타단일로,승용차,중형,보행자,보행자,1008348,1887744,127.5938084,36.98812382
2015,2015-11-26 22:10,야,목,1,1,0,0,0,인천,연수구,차대사람,횡단중,횡단중,운전자법규위반,과속,단일로,횡단보도상,승용차,중형,보행자,보행자,925026,1932328,126.6530652,37.38701442
2015,2015-11-26 22:03,야,목,1,1,0,0,0,울산,남구,차대사람,횡단중,횡단중,운전자법규위반,안전운전 의무 불이행,단일로,횡단보도부근,승합차,중형,보행자,보행자,1164309,1727668,129.3123094,35.53136981
2015,2015-11-27 4:30,야,금,1,1,0,0,0,강원,횡성군,차량단독,전도전복,전도전복,운전자법규위반,기타(운전자법규위반),단일로,기타단일로,화물차,소형,없음,없음,1042567,1942670,127.981466,37.48228672
2015,2015-11-27 6:15,주,금,1,1,0,0,0,경북,경주시,차대차,기타,기타,운전자법규위반,안전운전 의무 불이행,단일로,기타단일로,승용차,중형,이륜차,중형,1157437,1774292,129.2456957,35.95266762
2015,2015-11-27 7:00,주,금,1,1,0,0,0,충북,청주시,차량단독,전도전복,전도전복,운전자법규위반,안전운전 의무 불이행,단일로,교량위,승용차,중형,없음,없음,1002171,1859323,127.5243147,36.73195324
2015,2015-11-27 8:54,주,금,1,1,0,0,0,충북,보은군,차량단독,공작물충돌,공작물충돌,운전자법규위반,안전운전 의무 불이행,교차로,교차로내,승용차,대형,없음,없음,1028346,1836006,127.816606,36.52133286
2015,2015-11-27 9:10,주,금,1,1,0,0,0,서울,영등포구,차대차,측면충돌,측면충돌,운전자법규위반,신호위반,교차로,교차로내,자전거,자전거,승용차,중형,945878,1947072,126.88752,37.52135774
2015,2015-11-27 13:35,주,금,1,1,0,0,0,부산,동래구,차대차,측면충돌,측면충돌,운전자법규위반,중앙선 침범,단일로,기타단일로,원동기장치자전거,원동기장치자전거,승용차,중형,1142934,1691595,129.0703189,35.20953879
2015,2015-11-27 21:30,야,금,1,1,0,0,0,경기,용인시,차량단독,기타,기타,운전자법규위반,안전운전 의무 불이행,단일로,기타단일로,승용차,중형,없음,없음,962626,1922578,127.078285,37.30141049
2015,2015-11-28 2:30,야,토,1,1,0,0,0,경기,안성시,차량단독,전도전복,전도전복,운전자법규위반,안전운전 의무 불이행,교차로,교차로내,승용차,중형,없음,없음,980385,1889696,127.2795316,37.0055523
2015,2015-11-28 4:02,야,토,1,1,0,0,0,충남,아산시,차대사람,차도통행중,차도통행중,운전자법규위반,안전운전 의무 불이행,단일로,기타단일로,승용차,소형,보행자,보행자,953909,1867829,126.9832859,36.80751292
2015,2015-11-28 5:55,야,토,1,1,0,0,0,강원,영월군,차대차,추돌,진행중 추돌,운전자법규위반,안전운전 의무 불이행,단일로,기타단일로,승용차,경형,화물차,대형,1075776.8,1908770.1,128.3536011,37.17462187
2015,2015-11-28 6:30,주,토,1,1,0,0,0,경기,시흥시,차대차,추돌,주정차중 추돌,운전자법규위반,안전운전 의무 불이행,단일로,기타단일로,화물차,중형,승용차,중형,938941,1938607,126.8097236,37.44462921
2015,2015-11-28 10:28,주,토,1,1,0,0,0,전남,고흥군,차대차,정면충돌,정면충돌,운전자법규위반,안전운전 의무 불이행,단일로,기타단일로,화물차,소형,농기계,농기계,981720,1629278,127.3005024,34.65761483
2015,2015-11-28 10:10,주,토,1,1,0,0,0,경남,양산시,차대차,정면충돌,정면충돌,운전자법규위반,교차로 통행방법 위반,교차로,교차로내,승합차,경형,농기계,농기계,1144246,1722070,129.0901031,35.48403601
2015,2015-11-28 17:31,주,토,1,1,0,0,0,전북,김제시,차대사람,횡단중,횡단중,운전자법규위반,안전운전 의무 불이행,단일로,기타단일로,화물차,소형,보행자,보행자,944969,1758009,126.8908181,35.81701287
2015,2015-11-28 19:35,야,토,1,1,0,0,0,경북,포항시,차대사람,횡단중,횡단중,운전자법규위반,안전운전 의무 불이행,단일로,기타단일로,화물차,소형,보행자,보행자,1169869,1792204,129.3873277,36.11198891
2015,2015-11-29 1:26,야,일,1,1,0,0,0,경북,군위군,차량단독,공작물충돌,공작물충돌,운전자법규위반,안전운전 의무 불이행,단일로,교량위,승용차,소형,없음,없음,1095647,1800769,128.563905,36.19934887
2015,2015-11-29 10:57,주,일,1,1,0,0,0,전북,전주시,차대차,측면충돌,측면충돌,운전자법규위반,안전거리 미확보,단일로,기타단일로,원동기장치자전거,원동기장치자전거,화물차,소형,966535,1765744,127.1292189,35.88772422
2015,2015-11-29 17:40,주,일,1,1,0,0,0,경기,양주시,차대차,추돌,주정차중 추돌,운전자법규위반,안전운전 의무 불이행,단일로,기타단일로,이륜차,소형,건설기계,건설기계,963031,1977841,127.0800695,37.79953134
2015,2015-11-29 18:20,야,일,1,1,0,0,0,강원,춘천시,차대사람,횡단중,횡단중,운전자법규위반,안전운전 의무 불이행,단일로,기타단일로,승합차,대형,보행자,보행자,1022570,1985662,127.7566185,37.87049196
2015,2015-11-29 19:20,야,일,1,1,0,0,0,경기,안양시,차대사람,횡단중,횡단중,운전자법규위반,신호위반,교차로,교차로부근,특수차,중형,보행자,보행자,951968,1933361,126.9573292,37.39811336
2015,2015-11-29 19:00,야,일,1,1,0,0,0,경기,화성시,차량단독,기타,기타,운전자법규위반,안전운전 의무 불이행,단일로,기타단일로,이륜차,소형,없음,없음,946743,1902328,126.9005203,37.11811052
2015,2015-11-29 23:35,야,일,1,1,0,0,0,경남,창원시(통합),차대차,정면충돌,정면충돌,운전자법규위반,안전운전 의무 불이행,단일로,기타단일로,승용차,중형,화물차,소형,1106760,1701503,128.6742743,35.30336314
2015,2015-11-30 6:50,주,월,1,1,0,0,0,부산,기장군,차대차,추돌,진행중 추돌,운전자법규위반,안전거리 미확보,단일로,기타단일로,화물차,소형,화물차,소형,1157733,1704351,129.2352926,35.32228993
2015,2015-11-30 6:10,주,월,1,1,0,0,0,경기,파주시,차대차,정면충돌,정면충돌,운전자법규위반,안전운전 의무 불이행,교차로,교차로부근,화물차,대형,화물차,대형,927984,1967142,126.6830599,37.7010166
2015,2015-11-30 7:00,주,월,1,1,0,0,0,경북,상주시,차대사람,횡단중,횡단중,운전자법규위반,안전운전 의무 불이행,교차로,교차로내,승용차,중형,보행자,보행자,1058401,1824075,128.1513854,36.41241566
2015,2015-11-30 14:00,주,월,1,1,0,0,0,서울,강동구,차대사람,차도통행중,차도통행중,운전자법규위반,안전운전 의무 불이행,교차로,교차로내,특수차,대형,보행자,보행자,971234,1949693,127.1743563,37.5461215
2015,2015-11-30 16:10,주,월,1,1,0,0,0,경북,구미시,차대차,기타,기타,운전자법규위반,안전운전 의무 불이행,단일로,기타단일로,건설기계,건설기계,이륜차,소형,1073176,1802720,128.314163,36.2188973
2015,2015-11-30 18:45,야,월,1,1,0,0,0,충남,보령시,차대사람,횡단중,횡단중,운전자법규위반,안전운전 의무 불이행,교차로,교차로부근,화물차,소형,보행자,보행자,916720.2,1815944.4,126.5720237,36.33728898
2015,2015-11-30 20:10,야,월,1,1,0,0,0,경남,김해시,차대사람,길가장자리구역통행중,길가장자리구역통행중,운전자법규위반,안전운전 의무 불이행,교차로,교차로내,화물차,소형,보행자,보행자,1126265,1699128,128.8883961,35.27968095
2015,2015-12-01 1:02,야,화,1,1,0,0,0,서울,영등포구,차대사람,횡단중,횡단중,운전자법규위반,안전운전 의무 불이행,단일로,기타단일로,승용차,중형,보행자,보행자,947871.4,1945106.3,126.9102169,37.50375538
2015,2015-12-01 2:00,야,화,1,1,0,0,0,서울,강남구,차대사람,기타,기타,운전자법규위반,안전운전 의무 불이행,단일로,기타단일로,승용차,중형,보행자,보행자,960166,1945216,127.0493076,37.50535675
2015,2015-12-01 10:30,주,화,1,1,0,0,0,경기,광명시,차대사람,횡단중,횡단중,운전자법규위반,보행자 보호의무 위반,단일로,기타단일로,화물차,대형,보행자,보행자,945097,1937398,126.8794036,37.43411817
2015,2015-12-01 14:36,주,화,1,1,0,0,0,충남,서천군,차량단독,전도전복,전도전복,운전자법규위반,안전운전 의무 불이행,단일로,기타단일로,원동기장치자전거,원동기장치자전거,없음,없음,927882,1780783,126.6996172,36.02121741
2015,2015-12-01 15:10,주,화,1,1,0,0,0,전남,고흥군,차대차,추돌,진행중 추돌,운전자법규위반,신호위반,교차로,교차로부근,승용차,중형,이륜차,소형,966942,1615905,127.1397469,34.53664844
2015,2015-12-01 16:35,주,화,1,1,0,0,0,경기,수원시,차대차,정면충돌,정면충돌,운전자법규위반,신호위반,교차로,교차로내,자전거,자전거,승합차,경형,953796,1919808,126.9788261,37.27604582
2015,2015-12-01 17:53,주,화,1,1,0,0,0,강원,삼척시,차량단독,도로이탈,도로이탈 추락,운전자법규위반,안전운전 의무 불이행,단일로,기타단일로,이륜차,소형,없음,없음,1147261,1935699,129.1639502,37.40872185
2015,2015-12-01 17:40,주,화,1,1,0,0,0,경북,안동시,차대사람,기타,기타,운전자법규위반,안전운전 의무 불이행,단일로,기타단일로,승용차,중형,보행자,보행자,1096025,1842393,128.5732537,36.57450107
2015,2015-12-01 18:20,야,화,1,1,0,0,0,전북,전주시,차대사람,횡단중,횡단중,운전자법규위반,안전운전 의무 불이행,교차로,교차로부근,승용차,중형,보행자,보행자,968032,1756407,127.1461789,35.80359185
2015,2015-12-01 18:35,야,화,1,1,0,0,0,광주,광산구,차대차,정면충돌,정면충돌,운전자법규위반,신호위반,교차로,교차로내,화물차,소형,이륜차,소형,937837,1686484,126.8173503,35.17171341
2015,2015-12-02 6:45,주,수,1,1,0,0,0,인천,남동구,차대차,추돌,주정차중 추돌,운전자법규위반,안전운전 의무 불이행,교차로,교차로부근,승용차,소형,화물차,대형,932681,1934564,126.739328,37.40775524
2015,2015-12-02 14:25,주,수,1,1,0,0,0,경남,고성군,차대차,정면충돌,정면충돌,운전자법규위반,교차로 통행방법 위반,교차로,교차로내,화물차,소형,이륜차,소형,1065232,1679430,128.215793,35.10791622
2015,2015-12-02 14:10,주,수,1,1,0,0,0,대전,서구,차대사람,횡단중,횡단중,운전자법규위반,보행자 보호의무 위반,단일로,기타단일로,화물차,소형,보행자,보행자,987057,1811341,127.3558459,36.29930317
2015,2015-12-02 15:45,주,수,1,1,0,0,0,서울,영등포구,차대차,정면충돌,정면충돌,운전자법규위반,직진 및 우회전차의 통행방해,교차로,교차로내,자전거,자전거,승용차,대형,947877,1944348,126.910334,37.496921
2015,2015-12-02 18:30,야,수,1,1,0,0,0,경남,사천시,차대차,기타,기타,운전자법규위반,안전운전 의무 불이행,단일로,기타단일로,승용차,중형,승용차,중형,1050088,1677067,128.0494822,35.08747659
2015,2015-12-02 19:58,야,수,1,1,0,0,0,경남,고성군,차대사람,횡단중,횡단중,운전자법규위반,안전운전 의무 불이행,단일로,기타단일로,승용차,경형,보행자,보행자,1079034,1673859,128.3666972,35.05669774
2015,2015-12-02 22:25,야,수,1,1,0,0,0,경기,용인시,차대사람,횡단중,횡단중,운전자법규위반,안전운전 의무 불이행,단일로,기타단일로,승용차,중형,보행자,보행자,974636,1917344,127.2139783,37.25463706
2015,2015-12-03 6:55,주,목,1,1,0,0,0,경기,부천시,차대사람,기타,기타,운전자법규위반,과속,교차로,교차로내,화물차,소형,보행자,보행자,936024,1945089,126.7761858,37.5028542
2015,2015-12-03 6:30,주,목,1,1,0,0,0,충북,단양군,차대사람,차도통행중,차도통행중,운전자법규위반,안전운전 의무 불이행,단일로,기타단일로,승용차,중형,보행자,보행자,1070566,1896679,128.2937698,37.06604852
2015,2015-12-03 16:45,주,목,1,1,0,0,0,충북,괴산군,차량단독,전도전복,전도전복,운전자법규위반,안전운전 의무 불이행,교차로,교차로내,원동기장치자전거,원동기장치자전거,없음,없음,1022311,1872193,127.7502544,36.84771214
2015,2015-12-03 17:45,주,목,1,1,0,0,0,경남,함안군,차대사람,횡단중,횡단중,운전자법규위반,보행자 보호의무 위반,교차로,교차로부근,승용차,대형,보행자,보행자,1088825,1702360,128.4771248,35.31284407
2015,2015-12-03 18:15,야,목,1,1,0,0,0,대구,북구,차대차,정면충돌,정면충돌,운전자법규위반,안전운전 의무 불이행,단일로,기타단일로,승용차,경형,불명,불명,1096538,1773166,128.5704367,35.95044007
2015,2015-12-03 18:40,야,목,1,1,0,0,0,광주,서구,차대사람,횡단중,횡단중,운전자법규위반,중앙선 침범,단일로,기타단일로,승합차,중형,보행자,보행자,942564,1684704,126.8693814,35.15594518
2015,2015-12-03 19:25,야,목,1,1,0,0,0,전북,진안군,차량단독,공작물충돌,공작물충돌,운전자법규위반,안전운전 의무 불이행,단일로,기타단일로,화물차,경형,없음,없음,997036,1754069,127.4672029,35.78302801
2015,2015-12-03 23:22,야,목,1,1,0,0,0,인천,계양구,차대사람,횡단중,횡단중,운전자법규위반,안전운전 의무 불이행,교차로,교차로내,승합차,대형,보행자,보행자,930278,1948215,126.7108853,37.53061196
2015,2015-12-04 5:06,야,금,1,1,0,0,0,서울,중구,차대사람,기타,기타,운전자법규위반,안전운전 의무 불이행,단일로,기타단일로,화물차,소형,보행자,보행자,955106,1951419,126.99168,37.5610337
2015,2015-12-04 9:10,주,금,1,1,0,0,0,충북,청주시,차대사람,횡단중,횡단중,운전자법규위반,안전운전 의무 불이행,교차로,교차로부근,화물차,대형,보행자,보행자,987357,1847296,127.3585999,36.62344939
2015,2015-12-04 9:52,주,금,1,1,0,0,0,전남,영광군,차대차,추돌,진행중 추돌,운전자법규위반,안전운전 의무 불이행,단일로,기타단일로,원동기장치자전거,원동기장치자전거,화물차,소형,907772,1699040,126.485819,35.28260408
2015,2015-12-04 10:47,주,금,1,1,0,0,0,경북,영주시,차대차,추돌,주정차중 추돌,운전자법규위반,안전운전 의무 불이행,단일로,기타단일로,화물차,소형,화물차,소형,1100809,1867826,128.630064,36.80323917
2015,2015-12-04 13:48,주,금,1,1,0,0,0,경기,하남시,차대사람,횡단중,횡단중,운전자법규위반,안전운전 의무 불이행,교차로,교차로부근,승합차,경형,보행자,보행자,973675,1948206,127.2020424,37.53279143
2015,2015-12-04 16:50,주,금,1,1,0,0,0,전북,전주시,차대사람,횡단중,횡단중,운전자법규위반,신호위반,교차로,교차로내,승합차,대형,보행자,보행자,969865,1758897,127.1663723,35.82609985
2015,2015-12-04 17:20,주,금,1,1,0,0,0,인천,남구,차대차,기타,기타,운전자법규위반,안전운전 의무 불이행,교차로,교차로내,건설기계,건설기계,자전거,자전거,927766,1941484,126.6831182,37.46975377
2015,2015-12-04 23:40,야,금,1,1,0,0,0,경남,김해시,차량단독,전도전복,전도전복,운전자법규위반,안전운전 의무 불이행,기타/불명,기타/불명,원동기장치자전거,원동기장치자전거,없음,없음,1135936,1695254,128.9940651,35.24349376
2015,2015-12-05 18:03,야,토,1,1,0,0,0,경북,칠곡군,차대사람,횡단중,횡단중,운전자법규위반,안전운전 의무 불이행,교차로,교차로내,화물차,소형,보행자,보행자,1094173,1790079,128.546231,36.1031316
2015,2015-12-05 19:00,야,토,1,1,0,0,0,전남,순천시,차대사람,기타,기타,운전자법규위반,안전운전 의무 불이행,단일로,기타단일로,승용차,중형,보행자,보행자,998767,1664236,127.4864923,34.9730186
2015,2015-12-05 23:50,야,토,1,1,0,0,0,충남,서산시,차대사람,횡단중,횡단중,운전자법규위반,안전운전 의무 불이행,단일로,기타단일로,승용차,중형,보행자,보행자,911098,1865364,126.5036808,36.78224157
2015,2015-12-06 0:41,야,일,1,1,0,0,0,경남,김해시,차대사람,횡단중,횡단중,운전자법규위반,안전운전 의무 불이행,단일로,기타단일로,승용차,경형,보행자,보행자,1124597,1695538,128.869515,35.24752812
2015,2015-12-06 6:40,주,일,1,1,0,0,0,경기,평택시,차대사람,길가장자리구역통행중,길가장자리구역통행중,운전자법규위반,안전운전 의무 불이행,단일로,기타단일로,승용차,중형,보행자,보행자,956287,1895318,127.0083552,37.05541716
2015,2015-12-06 16:30,주,일,1,1,0,0,0,경기,양주시,차대사람,횡단중,횡단중,운전자법규위반,보행자 보호의무 위반,교차로,교차로부근,화물차,중형,보행자,보행자,955279,1976474,126.9921018,37.786864
2015,2015-12-06 17:40,주,일,1,1,0,0,0,부산,해운대구,차대사람,기타,기타,운전자법규위반,안전운전 의무 불이행,단일로,기타단일로,승용차,대형,보행자,보행자,1150434,1686068,129.1516781,35.15862513
2015,2015-12-06 17:50,주,일,1,1,0,0,0,전북,군산시,차대사람,횡단중,횡단중,운전자법규위반,안전운전 의무 불이행,단일로,기타단일로,화물차,소형,보행자,보행자,931341,1774345,126.7385609,35.96342788
2015,2015-12-06 18:28,야,일,1,1,0,0,0,경남,거창군,차대사람,횡단중,횡단중,운전자법규위반,안전운전 의무 불이행,단일로,횡단보도부근,승용차,경형,보행자,보행자,1041025,1739338,127.9531887,35.64935971